id	item_group_id	title	description	link	image_link	additional_image_link	availability	condition	price	sale_price	brand	mpn	identifier_exists	google_product_category	product_type	color	size	material	pattern	shipping_weight
shopify_ZZ_15346079039874_56689498784130	15346079039874	Dvoslojna muslin vreća s volanima i nogavicama - Cvjetići / 6–18 mjeseci	Baby Natur dvoslojna muslin vreća s volanima spaja udobnost i nježan dizajn, stvarajući sigurno i prozračno okruženje za miran bebin san. Izrađena od 100% mekanog, dvoslojnog muslina, periva na 60°C, pruža idealnu toplinu i iznimnu mekoću, dok volani dodaju poseban, nježan estetski detalj.	https://babynatur.hr/products/dvoslojna-muslin-vreca-s-volanima-copy?variant=56689498784130	https://cdn.shopify.com/s/files/1/0943/0738/5730/files/Vrecazaspavanjesvolanima_3.jpg?v=1764376579	https://cdn.shopify.com/s/files/1/0943/0738/5730/files/Vrecazaspavanjesvolanima.jpg?v=1764376579,https://cdn.shopify.com/s/files/1/0943/0738/5730/files/Carapicazavrecuzaspavanje_27023feb-32e1-4afe-93d5-4f1f6bee6ef8.jpg?v=1764376579,https://cdn.shopify.com/s/files/1/0943/0738/5730/files/Vrecazaspavanjesvolanima_1.jpg?v=1764376579,https://cdn.shopify.com/s/files/1/0943/0738/5730/files/Vrecazaspavanjesvolanima_2.jpg?v=1764376579,https://cdn.shopify.com/s/files/1/0943/0738/5730/files/Vrecazaspavanjesvolanima_4.jpg?v=1764376579,https://cdn.shopify.com/s/files/1/0943/0738/5730/files/Vrecazaspavanjesvolanima_5.jpg?v=1764376579,https://cdn.shopify.com/s/files/1/0943/0738/5730/files/Vrecazaspavanjesvolanima_6.jpg?v=1764376579,https://cdn.shopify.com/s/files/1/0943/0738/5730/files/Vrecazaspavanjesvolanima_7.jpg?v=1764376579,https://cdn.shopify.com/s/files/1/0943/0738/5730/files/Vrecazaspavanjesvolanima_8.jpg?v=1764376579,https://cdn.shopify.com/s/files/1/0943/0738/5730/files/Vrecazaspavanjesvolanima_9.jpg?v=1764376579	out_of_stock	new	55.00 EUR		Baby Natur	BN-VR-VOL	yes		Vreća za spavanje		6–18 mjeseci		Cvjetići	
shopify_ZZ_15346079039874_56689498816898	15346079039874	Dvoslojna muslin vreća s volanima i nogavicama - Cvjetići / 1,5–3 godine	Baby Natur dvoslojna muslin vreća s volanima spaja udobnost i nježan dizajn, stvarajući sigurno i prozračno okruženje za miran bebin san. Izrađena od 100% mekanog, dvoslojnog muslina, periva na 60°C, pruža idealnu toplinu i iznimnu mekoću, dok volani dodaju poseban, nježan estetski detalj.	https://babynatur.hr/products/dvoslojna-muslin-vreca-s-volanima-copy?variant=56689498816898	https://cdn.shopify.com/s/files/1/0943/0738/5730/files/Vrecazaspavanjesvolanima_3.jpg?v=1764376579	https://cdn.shopify.com/s/files/1/0943/0738/5730/files/Vrecazaspavanjesvolanima.jpg?v=1764376579,https://cdn.shopify.com/s/files/1/0943/0738/5730/files/Carapicazavrecuzaspavanje_27023feb-32e1-4afe-93d5-4f1f6bee6ef8.jpg?v=1764376579,https://cdn.shopify.com/s/files/1/0943/0738/5730/files/Vrecazaspavanjesvolanima_1.jpg?v=1764376579,https://cdn.shopify.com/s/files/1/0943/0738/5730/files/Vrecazaspavanjesvolanima_2.jpg?v=1764376579,https://cdn.shopify.com/s/files/1/0943/0738/5730/files/Vrecazaspavanjesvolanima_4.jpg?v=1764376579,https://cdn.shopify.com/s/files/1/0943/0738/5730/files/Vrecazaspavanjesvolanima_5.jpg?v=1764376579,https://cdn.shopify.com/s/files/1/0943/0738/5730/files/Vrecazaspavanjesvolanima_6.jpg?v=1764376579,https://cdn.shopify.com/s/files/1/0943/0738/5730/files/Vrecazaspavanjesvolanima_7.jpg?v=1764376579,https://cdn.shopify.com/s/files/1/0943/0738/5730/files/Vrecazaspavanjesvolanima_8.jpg?v=1764376579,https://cdn.shopify.com/s/files/1/0943/0738/5730/files/Vrecazaspavanjesvolanima_9.jpg?v=1764376579	out_of_stock	new	55.00 EUR		Baby Natur	BN-VR-VOL	yes		Vreća za spavanje		1,5–3 godine		Cvjetići	
shopify_ZZ_15346079039874_56689498849666	15346079039874	Dvoslojna muslin vreća s volanima i nogavicama - Cvjetići / 3-5 godina	Baby Natur dvoslojna muslin vreća s volanima spaja udobnost i nježan dizajn, stvarajući sigurno i prozračno okruženje za miran bebin san. Izrađena od 100% mekanog, dvoslojnog muslina, periva na 60°C, pruža idealnu toplinu i iznimnu mekoću, dok volani dodaju poseban, nježan estetski detalj.	https://babynatur.hr/products/dvoslojna-muslin-vreca-s-volanima-copy?variant=56689498849666	https://cdn.shopify.com/s/files/1/0943/0738/5730/files/Vrecazaspavanjesvolanima_3.jpg?v=1764376579	https://cdn.shopify.com/s/files/1/0943/0738/5730/files/Vrecazaspavanjesvolanima.jpg?v=1764376579,https://cdn.shopify.com/s/files/1/0943/0738/5730/files/Carapicazavrecuzaspavanje_27023feb-32e1-4afe-93d5-4f1f6bee6ef8.jpg?v=1764376579,https://cdn.shopify.com/s/files/1/0943/0738/5730/files/Vrecazaspavanjesvolanima_1.jpg?v=1764376579,https://cdn.shopify.com/s/files/1/0943/0738/5730/files/Vrecazaspavanjesvolanima_2.jpg?v=1764376579,https://cdn.shopify.com/s/files/1/0943/0738/5730/files/Vrecazaspavanjesvolanima_4.jpg?v=1764376579,https://cdn.shopify.com/s/files/1/0943/0738/5730/files/Vrecazaspavanjesvolanima_5.jpg?v=1764376579,https://cdn.shopify.com/s/files/1/0943/0738/5730/files/Vrecazaspavanjesvolanima_6.jpg?v=1764376579,https://cdn.shopify.com/s/files/1/0943/0738/5730/files/Vrecazaspavanjesvolanima_7.jpg?v=1764376579,https://cdn.shopify.com/s/files/1/0943/0738/5730/files/Vrecazaspavanjesvolanima_8.jpg?v=1764376579,https://cdn.shopify.com/s/files/1/0943/0738/5730/files/Vrecazaspavanjesvolanima_9.jpg?v=1764376579	out_of_stock	new	57.00 EUR		Baby Natur		no		Vreća za spavanje		3-5 godina		Cvjetići	
shopify_ZZ_15330895856002_56625800118658	15330895856002	EKO koncentrirani omekšivač za rublje 500ml	Njeguj svoju odjeću i osjeti nježnost prirode s Melli EKO koncentriranim omekšivačem za rublje COTTON FLOWER. Siguran za bebinu kožu i nježan prema tvojoj odjeći, kućanskim aparatima te okolišu, ovaj omekšivač pravi je dodatak svakom kućanstvu koje cijeni kvalitetu i brigu o okolišu! 🌿 Prirodna baza ulja masline i kokosa Našom prirodnom bazom od masline i kokosa, pružamo tvojem rublju njegu kakvu zaslužuje. Bez sulfata, bojila i umjetnih mirisa, omekšivač nudi čisto iskustvo nježnosti. 🍼 Siguran za bebinu kožu Budi sigurna u odabir! Melli EKO omekšivač siguran je čak i za najosjetljiviju kožu, pružajući mekoću koju tvoja beba zaslužuje. 🌺 Decentan miris pamuka Uživaj u mirisu pamuka koji budi sjećanja na bakina dvorišta i najljepše trenutke iz djetinjstva. Pranje odjeće postat će ne samo nužnost, nego i užitak! 🚫 Bez mikroplastike, vegansko Certificirano bez mikroplastike, biorazgradivo i potpuno veganski! Melli omekšivač omekšava tvoju odjeću i istovremeno čuva okoliš. 🌱 Za ljepšu i zdraviju budućnost Melli Aromatica omekšivač nije samo proizvod, on je i prvi izbor za ljude koji razmišljaju o ljepšoj i zdravijoj budućnosti. Visokokvalitetan i obazriv, on zaslužuje svoje mjesto u svakom modernom domu!	https://babynatur.hr/products/eko-koncentrirani-omeksivac-za-rublje?variant=56625800118658	https://cdn.shopify.com/s/files/1/0943/0738/5730/files/10-3.jpg?v=1778147066	https://cdn.shopify.com/s/files/1/0943/0738/5730/files/10-4_f1c9e6c3-30b4-4d25-91fb-1c8e2e7cb5c9.jpg?v=1778147065,https://cdn.shopify.com/s/files/1/0943/0738/5730/files/ekodoziranjeomeksivac_110x110_2x.jpg-2.avif?v=1778147063	in_stock	new	9.50 EUR		Melli Aromatica		no							
shopify_ZZ_15330874032514_56625722229122	15330874032514	EKO koncentrirani deterdžent za rublje 1 L	Njeguj svoje rublje EKO koncentriranim deterdžentom, ekološkim biserno bijelim deterdžentom za pranje rublja, stvorenim s pažnjom prema tebi, tvojoj odjeći i našem okolišu. Naša posebna receptura garantira nježnost prema najosjetljivijoj koži, očuvanje tekstila i minimalan utjecaj na prirodu. 💧 Učinkovito čišćenje i nježnost Svojom gustom i kremastom teksturom, babyfriendly EKO deterdžent čini svako pranje ne samo temeljitim nego i nježnim prema tkaninama. Uklanja mrlje bez traga ostavljajući tvoju odjeću svježom i mekom. 🌿 Ekološki savjesno Melli Aromatica odgovorno pristupa okolišu. Naš je deterdžent prijateljski prema tvojoj perilici i rublju, ali i prema planetu! Pranje s Melli znači doprinos zdravijoj budućnosti za sve nas! 🌡️ Svestranost i učinkovitost Pogodan za ručno i strojno pranje rublja, Melli deterdžent radi izvanredno u širokom rasponu temperatura (30 – 90 °C). Manje je više – malom količinom postižeš izvrsne rezultate! 💚 Kvaliteta koja se brine EKO deterdžent za rublje kombinira visokokvalitetne sastojke koji su pažljivi prema koži, ljudima, životinjskom svijetu i planetu. Otkrij snagu prirode u svakom pranju EKO deterdžentom. Tvoje rublje zaslužuje najbolje, a priroda zaslužuje našu brigu. Nježan prema koži, odjeći, okolišu i perilicama!	https://babynatur.hr/products/melli-aromatica-eko-koncentrirani-deterdzent-za-rublje-1-l?variant=56625722229122	https://cdn.shopify.com/s/files/1/0943/0738/5730/files/09-4.jpg?v=1778143990	https://cdn.shopify.com/s/files/1/0943/0738/5730/files/10-4.jpg?v=1778143989,https://cdn.shopify.com/s/files/1/0943/0738/5730/files/ekodoziranjedeterdzent_1080x_6ca8d15f-b967-4abb-bf33-2257022e81f2.jpg?v=1778143988	out_of_stock	new	11.50 EUR		Melli Aromatica		no							
shopify_ZZ_15325781655938_56591885894018	15325781655938	Vreće za spavanje s nogavicama - Jagodice / Dvoslojna - PROLJEĆE/JESEN / 6–18 mjeseci	Mirne noći započinju s pravim izborom. Baby Natur vreće za spavanje izrađene su od 100% tetra muslina, prirodnog, iznimno prozračnog i nježnog materijala koji omogućuje optimalnu cirkulaciju zraka tijekom cijele noći. Zahvaljujući svojim prirodnim svojstvima, tetra muslin pomaže u regulaciji tjelesne temperature, štiteći bebu od pregrijavanja ili pothlađivanja te osigurava ugodan i miran san. Sve naše vreće za spavanje nose OEKO-TEX® Standard 100 certifikat, što jamči da su potpuno sigurne za osjetljivu dječju kožu, bez štetnih tvari i kemikalija. NAPOMENA: vreće nemaju dodatak za čarapicu	https://babynatur.hr/products/vrece-za-spavanje-s-nogavicama-copy-1?variant=56591885894018	https://cdn.shopify.com/s/files/1/0943/0738/5730/files/WhatsApp_Image_2026-04-24_at_18.22.10.jpg?v=1777103680	https://cdn.shopify.com/s/files/1/0943/0738/5730/files/Vrecazaspavanjesnogavicama_10.jpg?v=1764377325,https://cdn.shopify.com/s/files/1/0943/0738/5730/files/Carapicazavrecuzaspavanje.jpg?v=1768298228,https://cdn.shopify.com/s/files/1/0943/0738/5730/files/Vrecazaspavanjesnogavicama_2.jpg?v=1768298228,https://cdn.shopify.com/s/files/1/0943/0738/5730/files/Vrecazaspavanjesnogavicama.jpg?v=1768298228,https://cdn.shopify.com/s/files/1/0943/0738/5730/files/Vrecazaspavanjesnogavicama_3.jpg?v=1768298228,https://cdn.shopify.com/s/files/1/0943/0738/5730/files/Vrecazaspavanjesnogavicama_6.jpg?v=1768298228,https://cdn.shopify.com/s/files/1/0943/0738/5730/files/Vrecazaspavanjesnogavicama_8.jpg?v=1768298228,https://cdn.shopify.com/s/files/1/0943/0738/5730/files/Vrecazaspavanjesnogavicama_9.jpg?v=1764377074	in_stock	new	50.00 EUR	35.00 EUR	Baby Natur		no		Vreća za spavanje		6–18 mjeseci	Dvoslojna - PROLJEĆE/JESEN	Jagodice	
shopify_ZZ_15325781655938_56591885926786	15325781655938	Vreće za spavanje s nogavicama - Jagodice / Dvoslojna - PROLJEĆE/JESEN / 1,5–3 godine	Mirne noći započinju s pravim izborom. Baby Natur vreće za spavanje izrađene su od 100% tetra muslina, prirodnog, iznimno prozračnog i nježnog materijala koji omogućuje optimalnu cirkulaciju zraka tijekom cijele noći. Zahvaljujući svojim prirodnim svojstvima, tetra muslin pomaže u regulaciji tjelesne temperature, štiteći bebu od pregrijavanja ili pothlađivanja te osigurava ugodan i miran san. Sve naše vreće za spavanje nose OEKO-TEX® Standard 100 certifikat, što jamči da su potpuno sigurne za osjetljivu dječju kožu, bez štetnih tvari i kemikalija. NAPOMENA: vreće nemaju dodatak za čarapicu	https://babynatur.hr/products/vrece-za-spavanje-s-nogavicama-copy-1?variant=56591885926786	https://cdn.shopify.com/s/files/1/0943/0738/5730/files/WhatsApp_Image_2026-04-24_at_18.22.10.jpg?v=1777103680	https://cdn.shopify.com/s/files/1/0943/0738/5730/files/Vrecazaspavanjesnogavicama_10.jpg?v=1764377325,https://cdn.shopify.com/s/files/1/0943/0738/5730/files/Carapicazavrecuzaspavanje.jpg?v=1768298228,https://cdn.shopify.com/s/files/1/0943/0738/5730/files/Vrecazaspavanjesnogavicama_2.jpg?v=1768298228,https://cdn.shopify.com/s/files/1/0943/0738/5730/files/Vrecazaspavanjesnogavicama.jpg?v=1768298228,https://cdn.shopify.com/s/files/1/0943/0738/5730/files/Vrecazaspavanjesnogavicama_3.jpg?v=1768298228,https://cdn.shopify.com/s/files/1/0943/0738/5730/files/Vrecazaspavanjesnogavicama_6.jpg?v=1768298228,https://cdn.shopify.com/s/files/1/0943/0738/5730/files/Vrecazaspavanjesnogavicama_8.jpg?v=1768298228,https://cdn.shopify.com/s/files/1/0943/0738/5730/files/Vrecazaspavanjesnogavicama_9.jpg?v=1764377074	out_of_stock	new	50.00 EUR	35.00 EUR	Baby Natur		no		Vreća za spavanje		1,5–3 godine	Dvoslojna - PROLJEĆE/JESEN	Jagodice	
shopify_ZZ_15325781655938_56683663163778	15325781655938	Vreće za spavanje s nogavicama - Cvjetići / Dvoslojna - PROLJEĆE/JESEN / 6–18 mjeseci	Mirne noći započinju s pravim izborom. Baby Natur vreće za spavanje izrađene su od 100% tetra muslina, prirodnog, iznimno prozračnog i nježnog materijala koji omogućuje optimalnu cirkulaciju zraka tijekom cijele noći. Zahvaljujući svojim prirodnim svojstvima, tetra muslin pomaže u regulaciji tjelesne temperature, štiteći bebu od pregrijavanja ili pothlađivanja te osigurava ugodan i miran san. Sve naše vreće za spavanje nose OEKO-TEX® Standard 100 certifikat, što jamči da su potpuno sigurne za osjetljivu dječju kožu, bez štetnih tvari i kemikalija. NAPOMENA: vreće nemaju dodatak za čarapicu	https://babynatur.hr/products/vrece-za-spavanje-s-nogavicama-copy-1?variant=56683663163778	https://cdn.shopify.com/s/files/1/0943/0738/5730/files/Vrecazaspavanjesnogavicama_9.jpg?v=1764377074	https://cdn.shopify.com/s/files/1/0943/0738/5730/files/WhatsApp_Image_2026-04-24_at_18.22.10.jpg?v=1777103680,https://cdn.shopify.com/s/files/1/0943/0738/5730/files/Vrecazaspavanjesnogavicama_10.jpg?v=1764377325,https://cdn.shopify.com/s/files/1/0943/0738/5730/files/Carapicazavrecuzaspavanje.jpg?v=1768298228,https://cdn.shopify.com/s/files/1/0943/0738/5730/files/Vrecazaspavanjesnogavicama_2.jpg?v=1768298228,https://cdn.shopify.com/s/files/1/0943/0738/5730/files/Vrecazaspavanjesnogavicama.jpg?v=1768298228,https://cdn.shopify.com/s/files/1/0943/0738/5730/files/Vrecazaspavanjesnogavicama_3.jpg?v=1768298228,https://cdn.shopify.com/s/files/1/0943/0738/5730/files/Vrecazaspavanjesnogavicama_6.jpg?v=1768298228,https://cdn.shopify.com/s/files/1/0943/0738/5730/files/Vrecazaspavanjesnogavicama_8.jpg?v=1768298228	out_of_stock	new	50.00 EUR		Baby Natur		no		Vreća za spavanje		6–18 mjeseci	Dvoslojna - PROLJEĆE/JESEN	Cvjetići	
shopify_ZZ_15325781655938_56683663196546	15325781655938	Vreće za spavanje s nogavicama - Cvjetići / Dvoslojna - PROLJEĆE/JESEN / 1,5–3 godine	Mirne noći započinju s pravim izborom. Baby Natur vreće za spavanje izrađene su od 100% tetra muslina, prirodnog, iznimno prozračnog i nježnog materijala koji omogućuje optimalnu cirkulaciju zraka tijekom cijele noći. Zahvaljujući svojim prirodnim svojstvima, tetra muslin pomaže u regulaciji tjelesne temperature, štiteći bebu od pregrijavanja ili pothlađivanja te osigurava ugodan i miran san. Sve naše vreće za spavanje nose OEKO-TEX® Standard 100 certifikat, što jamči da su potpuno sigurne za osjetljivu dječju kožu, bez štetnih tvari i kemikalija. NAPOMENA: vreće nemaju dodatak za čarapicu	https://babynatur.hr/products/vrece-za-spavanje-s-nogavicama-copy-1?variant=56683663196546	https://cdn.shopify.com/s/files/1/0943/0738/5730/files/Vrecazaspavanjesnogavicama_9.jpg?v=1764377074	https://cdn.shopify.com/s/files/1/0943/0738/5730/files/WhatsApp_Image_2026-04-24_at_18.22.10.jpg?v=1777103680,https://cdn.shopify.com/s/files/1/0943/0738/5730/files/Vrecazaspavanjesnogavicama_10.jpg?v=1764377325,https://cdn.shopify.com/s/files/1/0943/0738/5730/files/Carapicazavrecuzaspavanje.jpg?v=1768298228,https://cdn.shopify.com/s/files/1/0943/0738/5730/files/Vrecazaspavanjesnogavicama_2.jpg?v=1768298228,https://cdn.shopify.com/s/files/1/0943/0738/5730/files/Vrecazaspavanjesnogavicama.jpg?v=1768298228,https://cdn.shopify.com/s/files/1/0943/0738/5730/files/Vrecazaspavanjesnogavicama_3.jpg?v=1768298228,https://cdn.shopify.com/s/files/1/0943/0738/5730/files/Vrecazaspavanjesnogavicama_6.jpg?v=1768298228,https://cdn.shopify.com/s/files/1/0943/0738/5730/files/Vrecazaspavanjesnogavicama_8.jpg?v=1768298228	in_stock	new	50.00 EUR		Baby Natur		no		Vreća za spavanje		1,5–3 godine	Dvoslojna - PROLJEĆE/JESEN	Cvjetići	
shopify_ZZ_15325781655938_56683663229314	15325781655938	Vreće za spavanje s nogavicama - Trešnjice / Dvoslojna - PROLJEĆE/JESEN / 6–18 mjeseci	Mirne noći započinju s pravim izborom. Baby Natur vreće za spavanje izrađene su od 100% tetra muslina, prirodnog, iznimno prozračnog i nježnog materijala koji omogućuje optimalnu cirkulaciju zraka tijekom cijele noći. Zahvaljujući svojim prirodnim svojstvima, tetra muslin pomaže u regulaciji tjelesne temperature, štiteći bebu od pregrijavanja ili pothlađivanja te osigurava ugodan i miran san. Sve naše vreće za spavanje nose OEKO-TEX® Standard 100 certifikat, što jamči da su potpuno sigurne za osjetljivu dječju kožu, bez štetnih tvari i kemikalija. NAPOMENA: vreće nemaju dodatak za čarapicu	https://babynatur.hr/products/vrece-za-spavanje-s-nogavicama-copy-1?variant=56683663229314	https://cdn.shopify.com/s/files/1/0943/0738/5730/files/Vrecazaspavanjesnogavicama_2.jpg?v=1768298228	https://cdn.shopify.com/s/files/1/0943/0738/5730/files/WhatsApp_Image_2026-04-24_at_18.22.10.jpg?v=1777103680,https://cdn.shopify.com/s/files/1/0943/0738/5730/files/Vrecazaspavanjesnogavicama_10.jpg?v=1764377325,https://cdn.shopify.com/s/files/1/0943/0738/5730/files/Carapicazavrecuzaspavanje.jpg?v=1768298228,https://cdn.shopify.com/s/files/1/0943/0738/5730/files/Vrecazaspavanjesnogavicama.jpg?v=1768298228,https://cdn.shopify.com/s/files/1/0943/0738/5730/files/Vrecazaspavanjesnogavicama_3.jpg?v=1768298228,https://cdn.shopify.com/s/files/1/0943/0738/5730/files/Vrecazaspavanjesnogavicama_6.jpg?v=1768298228,https://cdn.shopify.com/s/files/1/0943/0738/5730/files/Vrecazaspavanjesnogavicama_8.jpg?v=1768298228,https://cdn.shopify.com/s/files/1/0943/0738/5730/files/Vrecazaspavanjesnogavicama_9.jpg?v=1764377074	in_stock	new	50.00 EUR		Baby Natur		no		Vreća za spavanje		6–18 mjeseci	Dvoslojna - PROLJEĆE/JESEN	Trešnjice	
shopify_ZZ_15325781655938_56683663262082	15325781655938	Vreće za spavanje s nogavicama - Trešnjice / Dvoslojna - PROLJEĆE/JESEN / 1,5–3 godine	Mirne noći započinju s pravim izborom. Baby Natur vreće za spavanje izrađene su od 100% tetra muslina, prirodnog, iznimno prozračnog i nježnog materijala koji omogućuje optimalnu cirkulaciju zraka tijekom cijele noći. Zahvaljujući svojim prirodnim svojstvima, tetra muslin pomaže u regulaciji tjelesne temperature, štiteći bebu od pregrijavanja ili pothlađivanja te osigurava ugodan i miran san. Sve naše vreće za spavanje nose OEKO-TEX® Standard 100 certifikat, što jamči da su potpuno sigurne za osjetljivu dječju kožu, bez štetnih tvari i kemikalija. NAPOMENA: vreće nemaju dodatak za čarapicu	https://babynatur.hr/products/vrece-za-spavanje-s-nogavicama-copy-1?variant=56683663262082	https://cdn.shopify.com/s/files/1/0943/0738/5730/files/Vrecazaspavanjesnogavicama_2.jpg?v=1768298228	https://cdn.shopify.com/s/files/1/0943/0738/5730/files/WhatsApp_Image_2026-04-24_at_18.22.10.jpg?v=1777103680,https://cdn.shopify.com/s/files/1/0943/0738/5730/files/Vrecazaspavanjesnogavicama_10.jpg?v=1764377325,https://cdn.shopify.com/s/files/1/0943/0738/5730/files/Carapicazavrecuzaspavanje.jpg?v=1768298228,https://cdn.shopify.com/s/files/1/0943/0738/5730/files/Vrecazaspavanjesnogavicama.jpg?v=1768298228,https://cdn.shopify.com/s/files/1/0943/0738/5730/files/Vrecazaspavanjesnogavicama_3.jpg?v=1768298228,https://cdn.shopify.com/s/files/1/0943/0738/5730/files/Vrecazaspavanjesnogavicama_6.jpg?v=1768298228,https://cdn.shopify.com/s/files/1/0943/0738/5730/files/Vrecazaspavanjesnogavicama_8.jpg?v=1768298228,https://cdn.shopify.com/s/files/1/0943/0738/5730/files/Vrecazaspavanjesnogavicama_9.jpg?v=1764377074	out_of_stock	new	50.00 EUR		Baby Natur		no		Vreća za spavanje		1,5–3 godine	Dvoslojna - PROLJEĆE/JESEN	Trešnjice	
shopify_ZZ_15319997841794_56571695006082	15319997841794	Standard tetra pelena - Roza	Standardna tetra pelena savršena je za presvlačenje, podrigivanje i kao podloga u krevetiću ili kolicima. Svestrana i lagana, pruža sigurnost i udobnost gdje god se nalazili. Napravljenа od 100% visokokvalitetnog pamuka, iznimno upijajuća i periva na 60°C, ostaje mekana i pouzdana i nakon brojnih pranja.	https://babynatur.hr/products/standard-tetra-pelene-copy?variant=56571695006082	https://cdn.shopify.com/s/files/1/0943/0738/5730/files/WhatsApp_Image_2026-04-17_at_22.06.26_232fd98c-38ab-44d8-96e0-0e6bba401d1a.jpg?v=1776499165		in_stock	new	9.00 EUR	5.00 EUR	Baby Natur	BN-TP-STANDARD-Rose	yes						Roza	
shopify_ZZ_15319977492866_56571613282690	15319977492866	Tetra muslin posteljina - Jagodice	Neka vaši mališani spavaju na pamučnom posteljini kako bi im osigurali miran, kvalitetan i zdrav san. Prirodni materijali prilagođavaju se bebinoj temperaturi, omogućujući ugodan san bez znojenja. Odaberite zdravo za svoju djecu. Navlaka za pokrivač ima dimenzije 120x80 cm, a jastučnica 60x40 cm. 100% organski pamuk Certifikat OEKO-TEX Standard 100	https://babynatur.hr/products/tetra-muslin-posteljina-1?variant=56571613282690	https://cdn.shopify.com/s/files/1/0943/0738/5730/files/WhatsApp_Image_2026-04-17_at_21.26.14.jpg?v=1776454145		in_stock	new	44.00 EUR	28.60 EUR	Baby Natur		no		Spavanje				Jagodice	
shopify_ZZ_15319998595458_56571700019586	15319998595458	MINI tetra pelena - Grančice	Baby Natur mini tetra pelena idealna je za brisanje, umivanje i svakodnevne male nezgode. Praktična i nježna, uvijek je pri ruci kod kuće ili u pokretu. Izrađena od 100% mekanog, prozračnog pamuka i periva na 60°C, pruža sigurnost, higijenu i potpunu udobnost osjetljivoj bebinoj koži.	https://babynatur.hr/products/mini-tetra-pelene-copy?variant=56571700019586	https://cdn.shopify.com/s/files/1/0943/0738/5730/files/Mini_tetra_pelena_4.jpg?v=1776576890	https://cdn.shopify.com/s/files/1/0943/0738/5730/files/Mini_tetra_pelena_15.jpg?v=1776576890,https://cdn.shopify.com/s/files/1/0943/0738/5730/files/Mini_tetra_pelena_3.jpg?v=1776576890,https://cdn.shopify.com/s/files/1/0943/0738/5730/files/Mini_tetra_pelena_11.jpg?v=1776576890,https://cdn.shopify.com/s/files/1/0943/0738/5730/files/Mini_tetra_pelena_12.jpg?v=1776576890,https://cdn.shopify.com/s/files/1/0943/0738/5730/files/WhatsApp_Image_2026-04-17_at_22.06.26_232fd98c-38ab-44d8-96e0-0e6bba401d1a.jpg?v=1776499165,https://cdn.shopify.com/s/files/1/0943/0738/5730/files/WhatsApp_Image_2026-04-17_at_22.09.25.jpg?v=1776499165,https://cdn.shopify.com/s/files/1/0943/0738/5730/files/WhatsApp_Image_2026-04-17_at_22.10.54.jpg?v=1776499165	in_stock	new	5.50 EUR	4.67 EUR	Baby Natur	BN-TP-MINI-Leaf	yes						Grančice	
shopify_ZZ_15319998595458_56571700183426	15319998595458	MINI tetra pelena - Cvjetići	Baby Natur mini tetra pelena idealna je za brisanje, umivanje i svakodnevne male nezgode. Praktična i nježna, uvijek je pri ruci kod kuće ili u pokretu. Izrađena od 100% mekanog, prozračnog pamuka i periva na 60°C, pruža sigurnost, higijenu i potpunu udobnost osjetljivoj bebinoj koži.	https://babynatur.hr/products/mini-tetra-pelene-copy?variant=56571700183426	https://cdn.shopify.com/s/files/1/0943/0738/5730/files/Mini_tetra_pelena_3.jpg?v=1776576890	https://cdn.shopify.com/s/files/1/0943/0738/5730/files/Mini_tetra_pelena_15.jpg?v=1776576890,https://cdn.shopify.com/s/files/1/0943/0738/5730/files/Mini_tetra_pelena_4.jpg?v=1776576890,https://cdn.shopify.com/s/files/1/0943/0738/5730/files/Mini_tetra_pelena_11.jpg?v=1776576890,https://cdn.shopify.com/s/files/1/0943/0738/5730/files/Mini_tetra_pelena_12.jpg?v=1776576890,https://cdn.shopify.com/s/files/1/0943/0738/5730/files/WhatsApp_Image_2026-04-17_at_22.06.26_232fd98c-38ab-44d8-96e0-0e6bba401d1a.jpg?v=1776499165,https://cdn.shopify.com/s/files/1/0943/0738/5730/files/WhatsApp_Image_2026-04-17_at_22.09.25.jpg?v=1776499165,https://cdn.shopify.com/s/files/1/0943/0738/5730/files/WhatsApp_Image_2026-04-17_at_22.10.54.jpg?v=1776499165	in_stock	new	5.50 EUR	4.67 EUR	Baby Natur	BN-TP-MINI-Flowers	yes						Cvjetići	
shopify_ZZ_15319998595458_56571700281730	15319998595458	MINI tetra pelena - Roza	Baby Natur mini tetra pelena idealna je za brisanje, umivanje i svakodnevne male nezgode. Praktična i nježna, uvijek je pri ruci kod kuće ili u pokretu. Izrađena od 100% mekanog, prozračnog pamuka i periva na 60°C, pruža sigurnost, higijenu i potpunu udobnost osjetljivoj bebinoj koži.	https://babynatur.hr/products/mini-tetra-pelene-copy?variant=56571700281730	https://cdn.shopify.com/s/files/1/0943/0738/5730/files/WhatsApp_Image_2026-04-17_at_22.06.26_232fd98c-38ab-44d8-96e0-0e6bba401d1a.jpg?v=1776499165	https://cdn.shopify.com/s/files/1/0943/0738/5730/files/Mini_tetra_pelena_15.jpg?v=1776576890,https://cdn.shopify.com/s/files/1/0943/0738/5730/files/Mini_tetra_pelena_3.jpg?v=1776576890,https://cdn.shopify.com/s/files/1/0943/0738/5730/files/Mini_tetra_pelena_4.jpg?v=1776576890,https://cdn.shopify.com/s/files/1/0943/0738/5730/files/Mini_tetra_pelena_11.jpg?v=1776576890,https://cdn.shopify.com/s/files/1/0943/0738/5730/files/Mini_tetra_pelena_12.jpg?v=1776576890,https://cdn.shopify.com/s/files/1/0943/0738/5730/files/WhatsApp_Image_2026-04-17_at_22.09.25.jpg?v=1776499165,https://cdn.shopify.com/s/files/1/0943/0738/5730/files/WhatsApp_Image_2026-04-17_at_22.10.54.jpg?v=1776499165	in_stock	new	5.50 EUR	3.00 EUR	Baby Natur	BN-TP-MINI-Rose	yes						Roza	
shopify_ZZ_15297877541250_56491916460418	15297877541250	Arches Builder Set	Waytoplay Arches Builder Set je najveći Arches set koji djeci daje potpunu slobodu gradnje i omogućuje stvaranje velikih, kompleksnih konstrukcija poput mostova, tunela, rampi, tornjeva i cijelih svjetova igre. S čak 54 elementa, ovaj set je idealan za djecu koja vole graditi, istraživati i stvarati vlastite ideje bez ograničenja. Zahvaljujući inovativnom click-connect sustavu, elementi se mogu povezivati na više načina i ostaju stabilni tijekom igre, što djeci omogućuje eksperimentiranje i razvoj samostalnosti kroz igru. Ovaj set posebno je zanimljiv jer omogućuje gradnju u visinu i dodaje potpuno novu dimenziju Waytoplay cestama – dijete može stvarati nadvožnjake, skakaonice i prepreke koje čine igru realističnijom i zanimljivijom. Izrađen od 100% reciklirane plastike u Europi, Builder set je sigurna, održiva i izuzetno izdržljiva igračka koja može trajati godinama i rasti zajedno s djetetom.	https://babynatur.hr/products/arches-builder-set?variant=56491916460418	https://cdn.shopify.com/s/files/1/0943/0738/5730/files/Arches_54_-listing_1_white_background.png?v=1773957457	https://cdn.shopify.com/s/files/1/0943/0738/5730/files/Arches_54_-listing_4.png?v=1773957457,https://cdn.shopify.com/s/files/1/0943/0738/5730/files/Arches_54_-listing_2.png?v=1773957457,https://cdn.shopify.com/s/files/1/0943/0738/5730/files/Arches_54_-listing_5.png?v=1773957457,https://cdn.shopify.com/s/files/1/0943/0738/5730/files/Arches_54_-listing_6.png?v=1773957457	in_stock	new	89.00 EUR	71.20 EUR	Waytoplay		no							
shopify_ZZ_15297877508482_56491916394882	15297877508482	Arches Creator Set	Waytoplay Arches Creator Set donosi još više elemenata za djecu koja žele graditi veće, kompleksnije i kreativnije konstrukcije. S većim brojem dijelova djeca mogu stvarati mostove, tunele, rampe, tornjeve i cijele svjetove igre koji svaki put izgledaju drugačije. Zahvaljujući pametnom click-connect sustavu, elementi se jednostavno spajaju i ostaju stabilni tijekom igre, što djeci omogućuje samostalno istraživanje i eksperimentiranje bez frustracije zbog nestabilnih konstrukcija. Ovaj set posebno je zanimljiv djeci koja vole graditi i kombinirati, jer omogućuje izradu većih projekata i dodatno razvija kreativnost, logičko razmišljanje i prostornu percepciju kroz igru. Kao i svi Waytoplay proizvodi, Arches Creator Set izrađen je od izdržljive reciklirane plastike u Europi te je dizajniran za dugotrajno korištenje, što ga čini kvalitetnom igračkom koja može trajati godinama.	https://babynatur.hr/products/arches-creator-set?variant=56491916394882	https://cdn.shopify.com/s/files/1/0943/0738/5730/files/Arches_36_-listing_1_white_background.png?v=1773957444	https://cdn.shopify.com/s/files/1/0943/0738/5730/files/Arches_36_-listing_5.png?v=1773957444,https://cdn.shopify.com/s/files/1/0943/0738/5730/files/Arches_36_-listing_2.png?v=1773957444,https://cdn.shopify.com/s/files/1/0943/0738/5730/files/Arches_36_-listing_4.png?v=1773957444,https://cdn.shopify.com/s/files/1/0943/0738/5730/files/Arches_36_-listing_6.png?v=1773957444	in_stock	new	69.00 EUR	55.20 EUR	Waytoplay		no							
shopify_ZZ_15297876918658_56491914690946	15297876918658	Arches Starter set	Waytoplay Arches Starter Set je inovativna kreativna igračka koja djeci omogućuje gradnju tunela, mostova, rampi, tornjeva i raznih konstrukcija koristeći jednostavne, ali pametno dizajnirane elemente. Zahvaljujući otvorenom konceptu igre, dijete svaki put može stvoriti nešto potpuno novo, što ovu igračku čini dugoročno zanimljivom i korisnom za razvoj kreativnosti. Elementi se jednostavno povezuju pomoću posebnog click-connect sustava, koji osigurava stabilnost konstrukcija i omogućuje djeci da samostalno istražuju, grade i eksperimentiraju. Upravo takva igra razvija logičko razmišljanje, prostornu percepciju i finu motoriku kroz zabavu. Arches set može se koristiti samostalno ili u kombinaciji s Waytoplay cestama i drugim igračkama, čime postaje temelj kreativne igre i omogućuje djeci stvaranje vlastitih svjetova igre. Izrađen od reciklirane plastike u Europi, proizvod je siguran, izdržljiv i dizajniran za dugotrajno korištenje, što ga čini odličnim izborom za roditelje koji traže kvalitetne i održive igračke.	https://babynatur.hr/products/arches-starter-set?variant=56491914690946	https://cdn.shopify.com/s/files/1/0943/0738/5730/files/Arches_18-listing_1_white_background.png?v=1773956266	https://cdn.shopify.com/s/files/1/0943/0738/5730/files/Arches_18-listing_5-2.png?v=1773956279,https://cdn.shopify.com/s/files/1/0943/0738/5730/files/Arches_18-listing_5.png?v=1773956281,https://cdn.shopify.com/s/files/1/0943/0738/5730/files/Arches_18-listing_6.png?v=1773956294,https://cdn.shopify.com/s/files/1/0943/0738/5730/files/Arches_18-listing_2-2.png?v=1773956307,https://cdn.shopify.com/s/files/1/0943/0738/5730/files/Arches_18-listing_2.png?v=1773956306,https://cdn.shopify.com/s/files/1/0943/0738/5730/files/Arches_18-listing_3.png?v=1773956309,https://cdn.shopify.com/s/files/1/0943/0738/5730/files/Arches_18-listing_4-2.png?v=1773956330,https://cdn.shopify.com/s/files/1/0943/0738/5730/files/Arches_18-listing_4.png?v=1773956329	in_stock	new	39.00 EUR	31.20 EUR	Waytoplay		no							
shopify_ZZ_15297873019266_56491892769154	15297873019266	King of the Road	Waytoplay King of the Road set s 40 dijelova potiče kreativnost! Originalna fleksibilna cesta za igru sastoji se od ravnih dijelova, zavoja i raskrižja. Izdržljiva i vodootporna za igru u zatvorenom i na otvorenom. Za avanturu koju će djeca dugo pamtiti. Zamislite, stvarajte i igrajte se!	https://babynatur.hr/products/king-of-the-road?variant=56491892769154	https://cdn.shopify.com/s/files/1/0943/0738/5730/files/WaytoplayListing_KOR_01.jpg?v=1773955009	https://cdn.shopify.com/s/files/1/0943/0738/5730/files/WaytoplayListing_KOR_03.jpg?v=1773955009,https://cdn.shopify.com/s/files/1/0943/0738/5730/files/WaytoplayListing_KOR_02.jpg?v=1773955009,https://cdn.shopify.com/s/files/1/0943/0738/5730/files/KORshape1-3-final-lowres.jpg?v=1773955009,https://cdn.shopify.com/s/files/1/0943/0738/5730/files/WaytoplayListing_KOR_07.jpg?v=1773955009	in_stock	new	120.00 EUR	96.00 EUR	Waytoplay	40KR	yes		Start Set					3050 g
shopify_ZZ_15297872986498_56491892736386	15297872986498	Highway	Waytoplay Highway set s 24 dijela potiče kreativnost! Originalna fleksibilna cesta za igru sastoji se od ravnih dijelova, zavoja i raskrižja. Izdržljiva i vodootporna za igru u zatvorenom i na otvorenom. Za avanturu koju će djeca dugo pamtiti. Zamislite, stvarajte i igrajte se!	https://babynatur.hr/products/highway?variant=56491892736386	https://cdn.shopify.com/s/files/1/0943/0738/5730/files/WaytoplayListing_HIGH_01.jpg?v=1773955006	https://cdn.shopify.com/s/files/1/0943/0738/5730/files/WaytoplayListing_HIGH_03.jpg?v=1773955006,https://cdn.shopify.com/s/files/1/0943/0738/5730/files/WaytoplayListing_HIGH_02.jpg?v=1773955007,https://cdn.shopify.com/s/files/1/0943/0738/5730/files/HIGHShape2-2-final-lowres.jpg?v=1773955007,https://cdn.shopify.com/s/files/1/0943/0738/5730/files/WaytoplayListing_HIGH_06.jpg?v=1773955007	in_stock	new	75.00 EUR	60.00 EUR	Waytoplay	24HI	yes		Start Set					1900 g
shopify_ZZ_15297872953730_56491892703618	15297872953730	Expressway	Waytoplay Expressway set sa 16 dijelova potiče kreativnost! Originalna fleksibilna cesta za igru sastoji se od ravnih dijelova, zavoja i raskrižja. Izdržljiva i vodootporna za igru u zatvorenom i na otvorenom. Za avanturu koju će djeca dugo pamtiti. Zamislite, stvarajte i igrajte se!	https://babynatur.hr/products/expressway?variant=56491892703618	https://cdn.shopify.com/s/files/1/0943/0738/5730/files/WaytoplayListing_EX_01.jpg?v=1773955004	https://cdn.shopify.com/s/files/1/0943/0738/5730/files/WaytoplayListing_EX_03.jpg?v=1773955005,https://cdn.shopify.com/s/files/1/0943/0738/5730/files/WaytoplayListing_EX_02.jpg?v=1773955004,https://cdn.shopify.com/s/files/1/0943/0738/5730/files/EXshape1-2-final-lowres.jpg?v=1773955004,https://cdn.shopify.com/s/files/1/0943/0738/5730/files/WaytoplayListing_EX_06.jpg?v=1773955004	out_of_stock	new	55.00 EUR	44.00 EUR	Waytoplay	16EX	yes		Start Set					1350 g
shopify_ZZ_15297872920962_56491892670850	15297872920962	Ringroad	Waytoplay Ringroad set s 12 dijelova potiče kreativnost! Originalna fleksibilna cesta za igru sastoji se od ravnih dijelova, zavoja i raskrižja. Izdržljiva i vodootporna za igru u zatvorenom i na otvorenom. Za avanturu koju će djeca dugo pamtiti. Zamislite, stvarajte i igrajte se!	https://babynatur.hr/products/ringroad?variant=56491892670850	https://cdn.shopify.com/s/files/1/0943/0738/5730/files/WaytoplayListing_RR_01.jpg?v=1773955001	https://cdn.shopify.com/s/files/1/0943/0738/5730/files/WaytoplayListing_RR_03.jpg?v=1773955002,https://cdn.shopify.com/s/files/1/0943/0738/5730/files/WaytoplayListing_RR_06.jpg?v=1773955002,https://cdn.shopify.com/s/files/1/0943/0738/5730/files/WaytoplayListing_RR_02.jpg?v=1773955002,https://cdn.shopify.com/s/files/1/0943/0738/5730/files/waytoplay-toys_flexible-toy-road_ringroad-3-contents.jpg?v=1773955001,https://cdn.shopify.com/s/files/1/0943/0738/5730/files/RRshape1-3-final-lowres.jpg?v=1773955002	in_stock	new	40.00 EUR	32.00 EUR	Waytoplay	12RR	yes		Start Set					1000 g
shopify_ZZ_15292057289090_56458299670914	15292057289090	Zaštitna ogradica pletenica za kinderbet Premium BUKLE - 140cm / Roza	Pletenica za kinderbet Premium BUKLE - ogradica za kinderbet izrađena od premium bukle, s antibakterijskom i antialergijskom ispunom - stvara nježni zagrljaj sigurnosti oko vaše bebe, štiteći je od udaraca tijekom sna. Uronite u mekoću i sigurnost - naša pletenica-ogradica za kinderbet spoj je nježnosti ručne izrade, najveće kvalitete i zaštite koju vaša beba zaslužuje. Specifikacija proizvoda Sastav: 100% premium bukle (Poliester) Visina: cca. 20 cm Debljina: cca. 8 cm	https://babynatur.hr/products/zastitna-ogradica-pletenica-za-kinderbet-premium-bukle?variant=56458299670914	https://cdn.shopify.com/s/files/1/0943/0738/5730/files/Roza_bukle_pletenica.png?v=1776461309	https://cdn.shopify.com/s/files/1/0943/0738/5730/files/Bukle_premium.jpg?v=1773213595,https://cdn.shopify.com/s/files/1/0943/0738/5730/files/Bukle_premium2.jpg?v=1773213635,https://cdn.shopify.com/s/files/1/0943/0738/5730/files/sme_a_pletenica.png?v=1776461309,https://cdn.shopify.com/s/files/1/0943/0738/5730/files/bijela_bukle_pletenica.png?v=1776461309,https://cdn.shopify.com/s/files/1/0943/0738/5730/files/Ecru_bukle_pletenica.png?v=1776491891	in_stock	new	55.00 EUR		Baby Natur		no		Zaštitne ogradice za dječji krevetić	140cm			Roza	
shopify_ZZ_15292057289090_56458299703682	15292057289090	Zaštitna ogradica pletenica za kinderbet Premium BUKLE - 140cm / Krem	Pletenica za kinderbet Premium BUKLE - ogradica za kinderbet izrađena od premium bukle, s antibakterijskom i antialergijskom ispunom - stvara nježni zagrljaj sigurnosti oko vaše bebe, štiteći je od udaraca tijekom sna. Uronite u mekoću i sigurnost - naša pletenica-ogradica za kinderbet spoj je nježnosti ručne izrade, najveće kvalitete i zaštite koju vaša beba zaslužuje. Specifikacija proizvoda Sastav: 100% premium bukle (Poliester) Visina: cca. 20 cm Debljina: cca. 8 cm	https://babynatur.hr/products/zastitna-ogradica-pletenica-za-kinderbet-premium-bukle?variant=56458299703682	https://cdn.shopify.com/s/files/1/0943/0738/5730/files/Ecru_bukle_pletenica.png?v=1776491891	https://cdn.shopify.com/s/files/1/0943/0738/5730/files/Bukle_premium.jpg?v=1773213595,https://cdn.shopify.com/s/files/1/0943/0738/5730/files/Bukle_premium2.jpg?v=1773213635,https://cdn.shopify.com/s/files/1/0943/0738/5730/files/sme_a_pletenica.png?v=1776461309,https://cdn.shopify.com/s/files/1/0943/0738/5730/files/Roza_bukle_pletenica.png?v=1776461309,https://cdn.shopify.com/s/files/1/0943/0738/5730/files/bijela_bukle_pletenica.png?v=1776461309	in_stock	new	55.00 EUR		Baby Natur		no		Zaštitne ogradice za dječji krevetić	140cm			Krem	
shopify_ZZ_15292057289090_56458299736450	15292057289090	Zaštitna ogradica pletenica za kinderbet Premium BUKLE - 140cm / Bijela	Pletenica za kinderbet Premium BUKLE - ogradica za kinderbet izrađena od premium bukle, s antibakterijskom i antialergijskom ispunom - stvara nježni zagrljaj sigurnosti oko vaše bebe, štiteći je od udaraca tijekom sna. Uronite u mekoću i sigurnost - naša pletenica-ogradica za kinderbet spoj je nježnosti ručne izrade, najveće kvalitete i zaštite koju vaša beba zaslužuje. Specifikacija proizvoda Sastav: 100% premium bukle (Poliester) Visina: cca. 20 cm Debljina: cca. 8 cm	https://babynatur.hr/products/zastitna-ogradica-pletenica-za-kinderbet-premium-bukle?variant=56458299736450	https://cdn.shopify.com/s/files/1/0943/0738/5730/files/bijela_bukle_pletenica.png?v=1776461309	https://cdn.shopify.com/s/files/1/0943/0738/5730/files/Bukle_premium.jpg?v=1773213595,https://cdn.shopify.com/s/files/1/0943/0738/5730/files/Bukle_premium2.jpg?v=1773213635,https://cdn.shopify.com/s/files/1/0943/0738/5730/files/sme_a_pletenica.png?v=1776461309,https://cdn.shopify.com/s/files/1/0943/0738/5730/files/Roza_bukle_pletenica.png?v=1776461309,https://cdn.shopify.com/s/files/1/0943/0738/5730/files/Ecru_bukle_pletenica.png?v=1776491891	in_stock	new	55.00 EUR		Baby Natur		no		Zaštitne ogradice za dječji krevetić	140cm			Bijela	
shopify_ZZ_15292057289090_56458299769218	15292057289090	Zaštitna ogradica pletenica za kinderbet Premium BUKLE - 140cm / Smeđa	Pletenica za kinderbet Premium BUKLE - ogradica za kinderbet izrađena od premium bukle, s antibakterijskom i antialergijskom ispunom - stvara nježni zagrljaj sigurnosti oko vaše bebe, štiteći je od udaraca tijekom sna. Uronite u mekoću i sigurnost - naša pletenica-ogradica za kinderbet spoj je nježnosti ručne izrade, najveće kvalitete i zaštite koju vaša beba zaslužuje. Specifikacija proizvoda Sastav: 100% premium bukle (Poliester) Visina: cca. 20 cm Debljina: cca. 8 cm	https://babynatur.hr/products/zastitna-ogradica-pletenica-za-kinderbet-premium-bukle?variant=56458299769218	https://cdn.shopify.com/s/files/1/0943/0738/5730/files/sme_a_pletenica.png?v=1776461309	https://cdn.shopify.com/s/files/1/0943/0738/5730/files/Bukle_premium.jpg?v=1773213595,https://cdn.shopify.com/s/files/1/0943/0738/5730/files/Bukle_premium2.jpg?v=1773213635,https://cdn.shopify.com/s/files/1/0943/0738/5730/files/Roza_bukle_pletenica.png?v=1776461309,https://cdn.shopify.com/s/files/1/0943/0738/5730/files/bijela_bukle_pletenica.png?v=1776461309,https://cdn.shopify.com/s/files/1/0943/0738/5730/files/Ecru_bukle_pletenica.png?v=1776491891	in_stock	new	55.00 EUR		Baby Natur		no		Zaštitne ogradice za dječji krevetić	140cm			Smeđa	
shopify_ZZ_15292057289090_56458299801986	15292057289090	Zaštitna ogradica pletenica za kinderbet Premium BUKLE - 180cm / Roza	Pletenica za kinderbet Premium BUKLE - ogradica za kinderbet izrađena od premium bukle, s antibakterijskom i antialergijskom ispunom - stvara nježni zagrljaj sigurnosti oko vaše bebe, štiteći je od udaraca tijekom sna. Uronite u mekoću i sigurnost - naša pletenica-ogradica za kinderbet spoj je nježnosti ručne izrade, najveće kvalitete i zaštite koju vaša beba zaslužuje. Specifikacija proizvoda Sastav: 100% premium bukle (Poliester) Visina: cca. 20 cm Debljina: cca. 8 cm	https://babynatur.hr/products/zastitna-ogradica-pletenica-za-kinderbet-premium-bukle?variant=56458299801986	https://cdn.shopify.com/s/files/1/0943/0738/5730/files/Roza_bukle_pletenica.png?v=1776461309	https://cdn.shopify.com/s/files/1/0943/0738/5730/files/Bukle_premium.jpg?v=1773213595,https://cdn.shopify.com/s/files/1/0943/0738/5730/files/Bukle_premium2.jpg?v=1773213635,https://cdn.shopify.com/s/files/1/0943/0738/5730/files/sme_a_pletenica.png?v=1776461309,https://cdn.shopify.com/s/files/1/0943/0738/5730/files/bijela_bukle_pletenica.png?v=1776461309,https://cdn.shopify.com/s/files/1/0943/0738/5730/files/Ecru_bukle_pletenica.png?v=1776491891	in_stock	new	65.00 EUR		Baby Natur		no		Zaštitne ogradice za dječji krevetić	180cm			Roza	
shopify_ZZ_15292057289090_56458299834754	15292057289090	Zaštitna ogradica pletenica za kinderbet Premium BUKLE - 180cm / Krem	Pletenica za kinderbet Premium BUKLE - ogradica za kinderbet izrađena od premium bukle, s antibakterijskom i antialergijskom ispunom - stvara nježni zagrljaj sigurnosti oko vaše bebe, štiteći je od udaraca tijekom sna. Uronite u mekoću i sigurnost - naša pletenica-ogradica za kinderbet spoj je nježnosti ručne izrade, najveće kvalitete i zaštite koju vaša beba zaslužuje. Specifikacija proizvoda Sastav: 100% premium bukle (Poliester) Visina: cca. 20 cm Debljina: cca. 8 cm	https://babynatur.hr/products/zastitna-ogradica-pletenica-za-kinderbet-premium-bukle?variant=56458299834754	https://cdn.shopify.com/s/files/1/0943/0738/5730/files/Ecru_bukle_pletenica.png?v=1776491891	https://cdn.shopify.com/s/files/1/0943/0738/5730/files/Bukle_premium.jpg?v=1773213595,https://cdn.shopify.com/s/files/1/0943/0738/5730/files/Bukle_premium2.jpg?v=1773213635,https://cdn.shopify.com/s/files/1/0943/0738/5730/files/sme_a_pletenica.png?v=1776461309,https://cdn.shopify.com/s/files/1/0943/0738/5730/files/Roza_bukle_pletenica.png?v=1776461309,https://cdn.shopify.com/s/files/1/0943/0738/5730/files/bijela_bukle_pletenica.png?v=1776461309	in_stock	new	65.00 EUR		Baby Natur		no		Zaštitne ogradice za dječji krevetić	180cm			Krem	
shopify_ZZ_15292057289090_56458299867522	15292057289090	Zaštitna ogradica pletenica za kinderbet Premium BUKLE - 180cm / Bijela	Pletenica za kinderbet Premium BUKLE - ogradica za kinderbet izrađena od premium bukle, s antibakterijskom i antialergijskom ispunom - stvara nježni zagrljaj sigurnosti oko vaše bebe, štiteći je od udaraca tijekom sna. Uronite u mekoću i sigurnost - naša pletenica-ogradica za kinderbet spoj je nježnosti ručne izrade, najveće kvalitete i zaštite koju vaša beba zaslužuje. Specifikacija proizvoda Sastav: 100% premium bukle (Poliester) Visina: cca. 20 cm Debljina: cca. 8 cm	https://babynatur.hr/products/zastitna-ogradica-pletenica-za-kinderbet-premium-bukle?variant=56458299867522	https://cdn.shopify.com/s/files/1/0943/0738/5730/files/bijela_bukle_pletenica.png?v=1776461309	https://cdn.shopify.com/s/files/1/0943/0738/5730/files/Bukle_premium.jpg?v=1773213595,https://cdn.shopify.com/s/files/1/0943/0738/5730/files/Bukle_premium2.jpg?v=1773213635,https://cdn.shopify.com/s/files/1/0943/0738/5730/files/sme_a_pletenica.png?v=1776461309,https://cdn.shopify.com/s/files/1/0943/0738/5730/files/Roza_bukle_pletenica.png?v=1776461309,https://cdn.shopify.com/s/files/1/0943/0738/5730/files/Ecru_bukle_pletenica.png?v=1776491891	in_stock	new	65.00 EUR		Baby Natur		no		Zaštitne ogradice za dječji krevetić	180cm			Bijela	
shopify_ZZ_15292057289090_56458299900290	15292057289090	Zaštitna ogradica pletenica za kinderbet Premium BUKLE - 180cm / Smeđa	Pletenica za kinderbet Premium BUKLE - ogradica za kinderbet izrađena od premium bukle, s antibakterijskom i antialergijskom ispunom - stvara nježni zagrljaj sigurnosti oko vaše bebe, štiteći je od udaraca tijekom sna. Uronite u mekoću i sigurnost - naša pletenica-ogradica za kinderbet spoj je nježnosti ručne izrade, najveće kvalitete i zaštite koju vaša beba zaslužuje. Specifikacija proizvoda Sastav: 100% premium bukle (Poliester) Visina: cca. 20 cm Debljina: cca. 8 cm	https://babynatur.hr/products/zastitna-ogradica-pletenica-za-kinderbet-premium-bukle?variant=56458299900290	https://cdn.shopify.com/s/files/1/0943/0738/5730/files/sme_a_pletenica.png?v=1776461309	https://cdn.shopify.com/s/files/1/0943/0738/5730/files/Bukle_premium.jpg?v=1773213595,https://cdn.shopify.com/s/files/1/0943/0738/5730/files/Bukle_premium2.jpg?v=1773213635,https://cdn.shopify.com/s/files/1/0943/0738/5730/files/Roza_bukle_pletenica.png?v=1776461309,https://cdn.shopify.com/s/files/1/0943/0738/5730/files/bijela_bukle_pletenica.png?v=1776461309,https://cdn.shopify.com/s/files/1/0943/0738/5730/files/Ecru_bukle_pletenica.png?v=1776491891	in_stock	new	65.00 EUR		Baby Natur		no		Zaštitne ogradice za dječji krevetić	180cm			Smeđa	
shopify_ZZ_15292057289090_56458299933058	15292057289090	Zaštitna ogradica pletenica za kinderbet Premium BUKLE - 200cm / Roza	Pletenica za kinderbet Premium BUKLE - ogradica za kinderbet izrađena od premium bukle, s antibakterijskom i antialergijskom ispunom - stvara nježni zagrljaj sigurnosti oko vaše bebe, štiteći je od udaraca tijekom sna. Uronite u mekoću i sigurnost - naša pletenica-ogradica za kinderbet spoj je nježnosti ručne izrade, najveće kvalitete i zaštite koju vaša beba zaslužuje. Specifikacija proizvoda Sastav: 100% premium bukle (Poliester) Visina: cca. 20 cm Debljina: cca. 8 cm	https://babynatur.hr/products/zastitna-ogradica-pletenica-za-kinderbet-premium-bukle?variant=56458299933058	https://cdn.shopify.com/s/files/1/0943/0738/5730/files/Roza_bukle_pletenica.png?v=1776461309	https://cdn.shopify.com/s/files/1/0943/0738/5730/files/Bukle_premium.jpg?v=1773213595,https://cdn.shopify.com/s/files/1/0943/0738/5730/files/Bukle_premium2.jpg?v=1773213635,https://cdn.shopify.com/s/files/1/0943/0738/5730/files/sme_a_pletenica.png?v=1776461309,https://cdn.shopify.com/s/files/1/0943/0738/5730/files/bijela_bukle_pletenica.png?v=1776461309,https://cdn.shopify.com/s/files/1/0943/0738/5730/files/Ecru_bukle_pletenica.png?v=1776491891	in_stock	new	75.00 EUR		Baby Natur	BN-PG-1-10	yes		Zaštitne ogradice za dječji krevetić	200cm			Roza	
shopify_ZZ_15292057289090_56458299965826	15292057289090	Zaštitna ogradica pletenica za kinderbet Premium BUKLE - 200cm / Krem	Pletenica za kinderbet Premium BUKLE - ogradica za kinderbet izrađena od premium bukle, s antibakterijskom i antialergijskom ispunom - stvara nježni zagrljaj sigurnosti oko vaše bebe, štiteći je od udaraca tijekom sna. Uronite u mekoću i sigurnost - naša pletenica-ogradica za kinderbet spoj je nježnosti ručne izrade, najveće kvalitete i zaštite koju vaša beba zaslužuje. Specifikacija proizvoda Sastav: 100% premium bukle (Poliester) Visina: cca. 20 cm Debljina: cca. 8 cm	https://babynatur.hr/products/zastitna-ogradica-pletenica-za-kinderbet-premium-bukle?variant=56458299965826	https://cdn.shopify.com/s/files/1/0943/0738/5730/files/Ecru_bukle_pletenica.png?v=1776491891	https://cdn.shopify.com/s/files/1/0943/0738/5730/files/Bukle_premium.jpg?v=1773213595,https://cdn.shopify.com/s/files/1/0943/0738/5730/files/Bukle_premium2.jpg?v=1773213635,https://cdn.shopify.com/s/files/1/0943/0738/5730/files/sme_a_pletenica.png?v=1776461309,https://cdn.shopify.com/s/files/1/0943/0738/5730/files/Roza_bukle_pletenica.png?v=1776461309,https://cdn.shopify.com/s/files/1/0943/0738/5730/files/bijela_bukle_pletenica.png?v=1776461309	in_stock	new	75.00 EUR		Baby Natur		no		Zaštitne ogradice za dječji krevetić	200cm			Krem	
shopify_ZZ_15292057289090_56458299998594	15292057289090	Zaštitna ogradica pletenica za kinderbet Premium BUKLE - 200cm / Bijela	Pletenica za kinderbet Premium BUKLE - ogradica za kinderbet izrađena od premium bukle, s antibakterijskom i antialergijskom ispunom - stvara nježni zagrljaj sigurnosti oko vaše bebe, štiteći je od udaraca tijekom sna. Uronite u mekoću i sigurnost - naša pletenica-ogradica za kinderbet spoj je nježnosti ručne izrade, najveće kvalitete i zaštite koju vaša beba zaslužuje. Specifikacija proizvoda Sastav: 100% premium bukle (Poliester) Visina: cca. 20 cm Debljina: cca. 8 cm	https://babynatur.hr/products/zastitna-ogradica-pletenica-za-kinderbet-premium-bukle?variant=56458299998594	https://cdn.shopify.com/s/files/1/0943/0738/5730/files/bijela_bukle_pletenica.png?v=1776461309	https://cdn.shopify.com/s/files/1/0943/0738/5730/files/Bukle_premium.jpg?v=1773213595,https://cdn.shopify.com/s/files/1/0943/0738/5730/files/Bukle_premium2.jpg?v=1773213635,https://cdn.shopify.com/s/files/1/0943/0738/5730/files/sme_a_pletenica.png?v=1776461309,https://cdn.shopify.com/s/files/1/0943/0738/5730/files/Roza_bukle_pletenica.png?v=1776461309,https://cdn.shopify.com/s/files/1/0943/0738/5730/files/Ecru_bukle_pletenica.png?v=1776491891	in_stock	new	75.00 EUR		Baby Natur		no		Zaštitne ogradice za dječji krevetić	200cm			Bijela	
shopify_ZZ_15292057289090_56458300031362	15292057289090	Zaštitna ogradica pletenica za kinderbet Premium BUKLE - 200cm / Smeđa	Pletenica za kinderbet Premium BUKLE - ogradica za kinderbet izrađena od premium bukle, s antibakterijskom i antialergijskom ispunom - stvara nježni zagrljaj sigurnosti oko vaše bebe, štiteći je od udaraca tijekom sna. Uronite u mekoću i sigurnost - naša pletenica-ogradica za kinderbet spoj je nježnosti ručne izrade, najveće kvalitete i zaštite koju vaša beba zaslužuje. Specifikacija proizvoda Sastav: 100% premium bukle (Poliester) Visina: cca. 20 cm Debljina: cca. 8 cm	https://babynatur.hr/products/zastitna-ogradica-pletenica-za-kinderbet-premium-bukle?variant=56458300031362	https://cdn.shopify.com/s/files/1/0943/0738/5730/files/sme_a_pletenica.png?v=1776461309	https://cdn.shopify.com/s/files/1/0943/0738/5730/files/Bukle_premium.jpg?v=1773213595,https://cdn.shopify.com/s/files/1/0943/0738/5730/files/Bukle_premium2.jpg?v=1773213635,https://cdn.shopify.com/s/files/1/0943/0738/5730/files/Roza_bukle_pletenica.png?v=1776461309,https://cdn.shopify.com/s/files/1/0943/0738/5730/files/bijela_bukle_pletenica.png?v=1776461309,https://cdn.shopify.com/s/files/1/0943/0738/5730/files/Ecru_bukle_pletenica.png?v=1776491891	in_stock	new	75.00 EUR		Baby Natur		no		Zaštitne ogradice za dječji krevetić	200cm			Smeđa	
shopify_ZZ_15292057289090_56458300064130	15292057289090	Zaštitna ogradica pletenica za kinderbet Premium BUKLE - 240cm / Roza	Pletenica za kinderbet Premium BUKLE - ogradica za kinderbet izrađena od premium bukle, s antibakterijskom i antialergijskom ispunom - stvara nježni zagrljaj sigurnosti oko vaše bebe, štiteći je od udaraca tijekom sna. Uronite u mekoću i sigurnost - naša pletenica-ogradica za kinderbet spoj je nježnosti ručne izrade, najveće kvalitete i zaštite koju vaša beba zaslužuje. Specifikacija proizvoda Sastav: 100% premium bukle (Poliester) Visina: cca. 20 cm Debljina: cca. 8 cm	https://babynatur.hr/products/zastitna-ogradica-pletenica-za-kinderbet-premium-bukle?variant=56458300064130	https://cdn.shopify.com/s/files/1/0943/0738/5730/files/Roza_bukle_pletenica.png?v=1776461309	https://cdn.shopify.com/s/files/1/0943/0738/5730/files/Bukle_premium.jpg?v=1773213595,https://cdn.shopify.com/s/files/1/0943/0738/5730/files/Bukle_premium2.jpg?v=1773213635,https://cdn.shopify.com/s/files/1/0943/0738/5730/files/sme_a_pletenica.png?v=1776461309,https://cdn.shopify.com/s/files/1/0943/0738/5730/files/bijela_bukle_pletenica.png?v=1776461309,https://cdn.shopify.com/s/files/1/0943/0738/5730/files/Ecru_bukle_pletenica.png?v=1776491891	in_stock	new	85.00 EUR		Baby Natur		no		Zaštitne ogradice za dječji krevetić	240cm			Roza	
shopify_ZZ_15292057289090_56458300096898	15292057289090	Zaštitna ogradica pletenica za kinderbet Premium BUKLE - 240cm / Krem	Pletenica za kinderbet Premium BUKLE - ogradica za kinderbet izrađena od premium bukle, s antibakterijskom i antialergijskom ispunom - stvara nježni zagrljaj sigurnosti oko vaše bebe, štiteći je od udaraca tijekom sna. Uronite u mekoću i sigurnost - naša pletenica-ogradica za kinderbet spoj je nježnosti ručne izrade, najveće kvalitete i zaštite koju vaša beba zaslužuje. Specifikacija proizvoda Sastav: 100% premium bukle (Poliester) Visina: cca. 20 cm Debljina: cca. 8 cm	https://babynatur.hr/products/zastitna-ogradica-pletenica-za-kinderbet-premium-bukle?variant=56458300096898	https://cdn.shopify.com/s/files/1/0943/0738/5730/files/Ecru_bukle_pletenica.png?v=1776491891	https://cdn.shopify.com/s/files/1/0943/0738/5730/files/Bukle_premium.jpg?v=1773213595,https://cdn.shopify.com/s/files/1/0943/0738/5730/files/Bukle_premium2.jpg?v=1773213635,https://cdn.shopify.com/s/files/1/0943/0738/5730/files/sme_a_pletenica.png?v=1776461309,https://cdn.shopify.com/s/files/1/0943/0738/5730/files/Roza_bukle_pletenica.png?v=1776461309,https://cdn.shopify.com/s/files/1/0943/0738/5730/files/bijela_bukle_pletenica.png?v=1776461309	in_stock	new	85.00 EUR		Baby Natur		no		Zaštitne ogradice za dječji krevetić	240cm			Krem	
shopify_ZZ_15292057289090_56458300129666	15292057289090	Zaštitna ogradica pletenica za kinderbet Premium BUKLE - 240cm / Bijela	Pletenica za kinderbet Premium BUKLE - ogradica za kinderbet izrađena od premium bukle, s antibakterijskom i antialergijskom ispunom - stvara nježni zagrljaj sigurnosti oko vaše bebe, štiteći je od udaraca tijekom sna. Uronite u mekoću i sigurnost - naša pletenica-ogradica za kinderbet spoj je nježnosti ručne izrade, najveće kvalitete i zaštite koju vaša beba zaslužuje. Specifikacija proizvoda Sastav: 100% premium bukle (Poliester) Visina: cca. 20 cm Debljina: cca. 8 cm	https://babynatur.hr/products/zastitna-ogradica-pletenica-za-kinderbet-premium-bukle?variant=56458300129666	https://cdn.shopify.com/s/files/1/0943/0738/5730/files/bijela_bukle_pletenica.png?v=1776461309	https://cdn.shopify.com/s/files/1/0943/0738/5730/files/Bukle_premium.jpg?v=1773213595,https://cdn.shopify.com/s/files/1/0943/0738/5730/files/Bukle_premium2.jpg?v=1773213635,https://cdn.shopify.com/s/files/1/0943/0738/5730/files/sme_a_pletenica.png?v=1776461309,https://cdn.shopify.com/s/files/1/0943/0738/5730/files/Roza_bukle_pletenica.png?v=1776461309,https://cdn.shopify.com/s/files/1/0943/0738/5730/files/Ecru_bukle_pletenica.png?v=1776491891	in_stock	new	85.00 EUR		Baby Natur		no		Zaštitne ogradice za dječji krevetić	240cm			Bijela	
shopify_ZZ_15292057289090_56458300162434	15292057289090	Zaštitna ogradica pletenica za kinderbet Premium BUKLE - 240cm / Smeđa	Pletenica za kinderbet Premium BUKLE - ogradica za kinderbet izrađena od premium bukle, s antibakterijskom i antialergijskom ispunom - stvara nježni zagrljaj sigurnosti oko vaše bebe, štiteći je od udaraca tijekom sna. Uronite u mekoću i sigurnost - naša pletenica-ogradica za kinderbet spoj je nježnosti ručne izrade, najveće kvalitete i zaštite koju vaša beba zaslužuje. Specifikacija proizvoda Sastav: 100% premium bukle (Poliester) Visina: cca. 20 cm Debljina: cca. 8 cm	https://babynatur.hr/products/zastitna-ogradica-pletenica-za-kinderbet-premium-bukle?variant=56458300162434	https://cdn.shopify.com/s/files/1/0943/0738/5730/files/sme_a_pletenica.png?v=1776461309	https://cdn.shopify.com/s/files/1/0943/0738/5730/files/Bukle_premium.jpg?v=1773213595,https://cdn.shopify.com/s/files/1/0943/0738/5730/files/Bukle_premium2.jpg?v=1773213635,https://cdn.shopify.com/s/files/1/0943/0738/5730/files/Roza_bukle_pletenica.png?v=1776461309,https://cdn.shopify.com/s/files/1/0943/0738/5730/files/bijela_bukle_pletenica.png?v=1776461309,https://cdn.shopify.com/s/files/1/0943/0738/5730/files/Ecru_bukle_pletenica.png?v=1776491891	in_stock	new	85.00 EUR		Baby Natur		no		Zaštitne ogradice za dječji krevetić	240cm			Smeđa	
shopify_ZZ_15292057289090_56458300195202	15292057289090	Zaštitna ogradica pletenica za kinderbet Premium BUKLE - 300cm / Roza	Pletenica za kinderbet Premium BUKLE - ogradica za kinderbet izrađena od premium bukle, s antibakterijskom i antialergijskom ispunom - stvara nježni zagrljaj sigurnosti oko vaše bebe, štiteći je od udaraca tijekom sna. Uronite u mekoću i sigurnost - naša pletenica-ogradica za kinderbet spoj je nježnosti ručne izrade, najveće kvalitete i zaštite koju vaša beba zaslužuje. Specifikacija proizvoda Sastav: 100% premium bukle (Poliester) Visina: cca. 20 cm Debljina: cca. 8 cm	https://babynatur.hr/products/zastitna-ogradica-pletenica-za-kinderbet-premium-bukle?variant=56458300195202	https://cdn.shopify.com/s/files/1/0943/0738/5730/files/Roza_bukle_pletenica.png?v=1776461309	https://cdn.shopify.com/s/files/1/0943/0738/5730/files/Bukle_premium.jpg?v=1773213595,https://cdn.shopify.com/s/files/1/0943/0738/5730/files/Bukle_premium2.jpg?v=1773213635,https://cdn.shopify.com/s/files/1/0943/0738/5730/files/sme_a_pletenica.png?v=1776461309,https://cdn.shopify.com/s/files/1/0943/0738/5730/files/bijela_bukle_pletenica.png?v=1776461309,https://cdn.shopify.com/s/files/1/0943/0738/5730/files/Ecru_bukle_pletenica.png?v=1776491891	in_stock	new	100.00 EUR		Baby Natur	BN-PG-1-18	yes		Zaštitne ogradice za dječji krevetić	300cm			Roza	
shopify_ZZ_15292057289090_56458300227970	15292057289090	Zaštitna ogradica pletenica za kinderbet Premium BUKLE - 300cm / Krem	Pletenica za kinderbet Premium BUKLE - ogradica za kinderbet izrađena od premium bukle, s antibakterijskom i antialergijskom ispunom - stvara nježni zagrljaj sigurnosti oko vaše bebe, štiteći je od udaraca tijekom sna. Uronite u mekoću i sigurnost - naša pletenica-ogradica za kinderbet spoj je nježnosti ručne izrade, najveće kvalitete i zaštite koju vaša beba zaslužuje. Specifikacija proizvoda Sastav: 100% premium bukle (Poliester) Visina: cca. 20 cm Debljina: cca. 8 cm	https://babynatur.hr/products/zastitna-ogradica-pletenica-za-kinderbet-premium-bukle?variant=56458300227970	https://cdn.shopify.com/s/files/1/0943/0738/5730/files/Ecru_bukle_pletenica.png?v=1776491891	https://cdn.shopify.com/s/files/1/0943/0738/5730/files/Bukle_premium.jpg?v=1773213595,https://cdn.shopify.com/s/files/1/0943/0738/5730/files/Bukle_premium2.jpg?v=1773213635,https://cdn.shopify.com/s/files/1/0943/0738/5730/files/sme_a_pletenica.png?v=1776461309,https://cdn.shopify.com/s/files/1/0943/0738/5730/files/Roza_bukle_pletenica.png?v=1776461309,https://cdn.shopify.com/s/files/1/0943/0738/5730/files/bijela_bukle_pletenica.png?v=1776461309	in_stock	new	100.00 EUR		Baby Natur		no		Zaštitne ogradice za dječji krevetić	300cm			Krem	
shopify_ZZ_15292057289090_56458300260738	15292057289090	Zaštitna ogradica pletenica za kinderbet Premium BUKLE - 300cm / Bijela	Pletenica za kinderbet Premium BUKLE - ogradica za kinderbet izrađena od premium bukle, s antibakterijskom i antialergijskom ispunom - stvara nježni zagrljaj sigurnosti oko vaše bebe, štiteći je od udaraca tijekom sna. Uronite u mekoću i sigurnost - naša pletenica-ogradica za kinderbet spoj je nježnosti ručne izrade, najveće kvalitete i zaštite koju vaša beba zaslužuje. Specifikacija proizvoda Sastav: 100% premium bukle (Poliester) Visina: cca. 20 cm Debljina: cca. 8 cm	https://babynatur.hr/products/zastitna-ogradica-pletenica-za-kinderbet-premium-bukle?variant=56458300260738	https://cdn.shopify.com/s/files/1/0943/0738/5730/files/bijela_bukle_pletenica.png?v=1776461309	https://cdn.shopify.com/s/files/1/0943/0738/5730/files/Bukle_premium.jpg?v=1773213595,https://cdn.shopify.com/s/files/1/0943/0738/5730/files/Bukle_premium2.jpg?v=1773213635,https://cdn.shopify.com/s/files/1/0943/0738/5730/files/sme_a_pletenica.png?v=1776461309,https://cdn.shopify.com/s/files/1/0943/0738/5730/files/Roza_bukle_pletenica.png?v=1776461309,https://cdn.shopify.com/s/files/1/0943/0738/5730/files/Ecru_bukle_pletenica.png?v=1776491891	in_stock	new	100.00 EUR		Baby Natur		no		Zaštitne ogradice za dječji krevetić	300cm			Bijela	
shopify_ZZ_15292057289090_56458300293506	15292057289090	Zaštitna ogradica pletenica za kinderbet Premium BUKLE - 300cm / Smeđa	Pletenica za kinderbet Premium BUKLE - ogradica za kinderbet izrađena od premium bukle, s antibakterijskom i antialergijskom ispunom - stvara nježni zagrljaj sigurnosti oko vaše bebe, štiteći je od udaraca tijekom sna. Uronite u mekoću i sigurnost - naša pletenica-ogradica za kinderbet spoj je nježnosti ručne izrade, najveće kvalitete i zaštite koju vaša beba zaslužuje. Specifikacija proizvoda Sastav: 100% premium bukle (Poliester) Visina: cca. 20 cm Debljina: cca. 8 cm	https://babynatur.hr/products/zastitna-ogradica-pletenica-za-kinderbet-premium-bukle?variant=56458300293506	https://cdn.shopify.com/s/files/1/0943/0738/5730/files/sme_a_pletenica.png?v=1776461309	https://cdn.shopify.com/s/files/1/0943/0738/5730/files/Bukle_premium.jpg?v=1773213595,https://cdn.shopify.com/s/files/1/0943/0738/5730/files/Bukle_premium2.jpg?v=1773213635,https://cdn.shopify.com/s/files/1/0943/0738/5730/files/Roza_bukle_pletenica.png?v=1776461309,https://cdn.shopify.com/s/files/1/0943/0738/5730/files/bijela_bukle_pletenica.png?v=1776461309,https://cdn.shopify.com/s/files/1/0943/0738/5730/files/Ecru_bukle_pletenica.png?v=1776491891	in_stock	new	100.00 EUR		Baby Natur		no		Zaštitne ogradice za dječji krevetić	300cm			Smeđa	
shopify_ZZ_15292057289090_56573227729282	15292057289090	Zaštitna ogradica pletenica za kinderbet Premium BUKLE - 350cm / Roza	Pletenica za kinderbet Premium BUKLE - ogradica za kinderbet izrađena od premium bukle, s antibakterijskom i antialergijskom ispunom - stvara nježni zagrljaj sigurnosti oko vaše bebe, štiteći je od udaraca tijekom sna. Uronite u mekoću i sigurnost - naša pletenica-ogradica za kinderbet spoj je nježnosti ručne izrade, najveće kvalitete i zaštite koju vaša beba zaslužuje. Specifikacija proizvoda Sastav: 100% premium bukle (Poliester) Visina: cca. 20 cm Debljina: cca. 8 cm	https://babynatur.hr/products/zastitna-ogradica-pletenica-za-kinderbet-premium-bukle?variant=56573227729282	https://cdn.shopify.com/s/files/1/0943/0738/5730/files/Roza_bukle_pletenica.png?v=1776461309	https://cdn.shopify.com/s/files/1/0943/0738/5730/files/Bukle_premium.jpg?v=1773213595,https://cdn.shopify.com/s/files/1/0943/0738/5730/files/Bukle_premium2.jpg?v=1773213635,https://cdn.shopify.com/s/files/1/0943/0738/5730/files/sme_a_pletenica.png?v=1776461309,https://cdn.shopify.com/s/files/1/0943/0738/5730/files/bijela_bukle_pletenica.png?v=1776461309,https://cdn.shopify.com/s/files/1/0943/0738/5730/files/Ecru_bukle_pletenica.png?v=1776491891	in_stock	new	120.00 EUR		Baby Natur		no		Zaštitne ogradice za dječji krevetić	350cm			Roza	
shopify_ZZ_15292057289090_56573227762050	15292057289090	Zaštitna ogradica pletenica za kinderbet Premium BUKLE - 350cm / Krem	Pletenica za kinderbet Premium BUKLE - ogradica za kinderbet izrađena od premium bukle, s antibakterijskom i antialergijskom ispunom - stvara nježni zagrljaj sigurnosti oko vaše bebe, štiteći je od udaraca tijekom sna. Uronite u mekoću i sigurnost - naša pletenica-ogradica za kinderbet spoj je nježnosti ručne izrade, najveće kvalitete i zaštite koju vaša beba zaslužuje. Specifikacija proizvoda Sastav: 100% premium bukle (Poliester) Visina: cca. 20 cm Debljina: cca. 8 cm	https://babynatur.hr/products/zastitna-ogradica-pletenica-za-kinderbet-premium-bukle?variant=56573227762050	https://cdn.shopify.com/s/files/1/0943/0738/5730/files/Ecru_bukle_pletenica.png?v=1776491891	https://cdn.shopify.com/s/files/1/0943/0738/5730/files/Bukle_premium.jpg?v=1773213595,https://cdn.shopify.com/s/files/1/0943/0738/5730/files/Bukle_premium2.jpg?v=1773213635,https://cdn.shopify.com/s/files/1/0943/0738/5730/files/sme_a_pletenica.png?v=1776461309,https://cdn.shopify.com/s/files/1/0943/0738/5730/files/Roza_bukle_pletenica.png?v=1776461309,https://cdn.shopify.com/s/files/1/0943/0738/5730/files/bijela_bukle_pletenica.png?v=1776461309	in_stock	new	120.00 EUR		Baby Natur		no		Zaštitne ogradice za dječji krevetić	350cm			Krem	
shopify_ZZ_15292057289090_56573227794818	15292057289090	Zaštitna ogradica pletenica za kinderbet Premium BUKLE - 350cm / Bijela	Pletenica za kinderbet Premium BUKLE - ogradica za kinderbet izrađena od premium bukle, s antibakterijskom i antialergijskom ispunom - stvara nježni zagrljaj sigurnosti oko vaše bebe, štiteći je od udaraca tijekom sna. Uronite u mekoću i sigurnost - naša pletenica-ogradica za kinderbet spoj je nježnosti ručne izrade, najveće kvalitete i zaštite koju vaša beba zaslužuje. Specifikacija proizvoda Sastav: 100% premium bukle (Poliester) Visina: cca. 20 cm Debljina: cca. 8 cm	https://babynatur.hr/products/zastitna-ogradica-pletenica-za-kinderbet-premium-bukle?variant=56573227794818	https://cdn.shopify.com/s/files/1/0943/0738/5730/files/bijela_bukle_pletenica.png?v=1776461309	https://cdn.shopify.com/s/files/1/0943/0738/5730/files/Bukle_premium.jpg?v=1773213595,https://cdn.shopify.com/s/files/1/0943/0738/5730/files/Bukle_premium2.jpg?v=1773213635,https://cdn.shopify.com/s/files/1/0943/0738/5730/files/sme_a_pletenica.png?v=1776461309,https://cdn.shopify.com/s/files/1/0943/0738/5730/files/Roza_bukle_pletenica.png?v=1776461309,https://cdn.shopify.com/s/files/1/0943/0738/5730/files/Ecru_bukle_pletenica.png?v=1776491891	in_stock	new	120.00 EUR		Baby Natur		no		Zaštitne ogradice za dječji krevetić	350cm			Bijela	
shopify_ZZ_15292057289090_56573227827586	15292057289090	Zaštitna ogradica pletenica za kinderbet Premium BUKLE - 350cm / Smeđa	Pletenica za kinderbet Premium BUKLE - ogradica za kinderbet izrađena od premium bukle, s antibakterijskom i antialergijskom ispunom - stvara nježni zagrljaj sigurnosti oko vaše bebe, štiteći je od udaraca tijekom sna. Uronite u mekoću i sigurnost - naša pletenica-ogradica za kinderbet spoj je nježnosti ručne izrade, najveće kvalitete i zaštite koju vaša beba zaslužuje. Specifikacija proizvoda Sastav: 100% premium bukle (Poliester) Visina: cca. 20 cm Debljina: cca. 8 cm	https://babynatur.hr/products/zastitna-ogradica-pletenica-za-kinderbet-premium-bukle?variant=56573227827586	https://cdn.shopify.com/s/files/1/0943/0738/5730/files/sme_a_pletenica.png?v=1776461309	https://cdn.shopify.com/s/files/1/0943/0738/5730/files/Bukle_premium.jpg?v=1773213595,https://cdn.shopify.com/s/files/1/0943/0738/5730/files/Bukle_premium2.jpg?v=1773213635,https://cdn.shopify.com/s/files/1/0943/0738/5730/files/Roza_bukle_pletenica.png?v=1776461309,https://cdn.shopify.com/s/files/1/0943/0738/5730/files/bijela_bukle_pletenica.png?v=1776461309,https://cdn.shopify.com/s/files/1/0943/0738/5730/files/Ecru_bukle_pletenica.png?v=1776491891	in_stock	new	120.00 EUR		Baby Natur		no		Zaštitne ogradice za dječji krevetić	350cm			Smeđa	
shopify_ZZ_15292057289090_56573227860354	15292057289090	Zaštitna ogradica pletenica za kinderbet Premium BUKLE - 400cm / Roza	Pletenica za kinderbet Premium BUKLE - ogradica za kinderbet izrađena od premium bukle, s antibakterijskom i antialergijskom ispunom - stvara nježni zagrljaj sigurnosti oko vaše bebe, štiteći je od udaraca tijekom sna. Uronite u mekoću i sigurnost - naša pletenica-ogradica za kinderbet spoj je nježnosti ručne izrade, najveće kvalitete i zaštite koju vaša beba zaslužuje. Specifikacija proizvoda Sastav: 100% premium bukle (Poliester) Visina: cca. 20 cm Debljina: cca. 8 cm	https://babynatur.hr/products/zastitna-ogradica-pletenica-za-kinderbet-premium-bukle?variant=56573227860354	https://cdn.shopify.com/s/files/1/0943/0738/5730/files/Roza_bukle_pletenica.png?v=1776461309	https://cdn.shopify.com/s/files/1/0943/0738/5730/files/Bukle_premium.jpg?v=1773213595,https://cdn.shopify.com/s/files/1/0943/0738/5730/files/Bukle_premium2.jpg?v=1773213635,https://cdn.shopify.com/s/files/1/0943/0738/5730/files/sme_a_pletenica.png?v=1776461309,https://cdn.shopify.com/s/files/1/0943/0738/5730/files/bijela_bukle_pletenica.png?v=1776461309,https://cdn.shopify.com/s/files/1/0943/0738/5730/files/Ecru_bukle_pletenica.png?v=1776491891	in_stock	new	140.00 EUR		Baby Natur		no		Zaštitne ogradice za dječji krevetić	400cm			Roza	
shopify_ZZ_15292057289090_56573227893122	15292057289090	Zaštitna ogradica pletenica za kinderbet Premium BUKLE - 400cm / Krem	Pletenica za kinderbet Premium BUKLE - ogradica za kinderbet izrađena od premium bukle, s antibakterijskom i antialergijskom ispunom - stvara nježni zagrljaj sigurnosti oko vaše bebe, štiteći je od udaraca tijekom sna. Uronite u mekoću i sigurnost - naša pletenica-ogradica za kinderbet spoj je nježnosti ručne izrade, najveće kvalitete i zaštite koju vaša beba zaslužuje. Specifikacija proizvoda Sastav: 100% premium bukle (Poliester) Visina: cca. 20 cm Debljina: cca. 8 cm	https://babynatur.hr/products/zastitna-ogradica-pletenica-za-kinderbet-premium-bukle?variant=56573227893122	https://cdn.shopify.com/s/files/1/0943/0738/5730/files/Ecru_bukle_pletenica.png?v=1776491891	https://cdn.shopify.com/s/files/1/0943/0738/5730/files/Bukle_premium.jpg?v=1773213595,https://cdn.shopify.com/s/files/1/0943/0738/5730/files/Bukle_premium2.jpg?v=1773213635,https://cdn.shopify.com/s/files/1/0943/0738/5730/files/sme_a_pletenica.png?v=1776461309,https://cdn.shopify.com/s/files/1/0943/0738/5730/files/Roza_bukle_pletenica.png?v=1776461309,https://cdn.shopify.com/s/files/1/0943/0738/5730/files/bijela_bukle_pletenica.png?v=1776461309	in_stock	new	140.00 EUR		Baby Natur		no		Zaštitne ogradice za dječji krevetić	400cm			Krem	
shopify_ZZ_15292057289090_56573227925890	15292057289090	Zaštitna ogradica pletenica za kinderbet Premium BUKLE - 400cm / Bijela	Pletenica za kinderbet Premium BUKLE - ogradica za kinderbet izrađena od premium bukle, s antibakterijskom i antialergijskom ispunom - stvara nježni zagrljaj sigurnosti oko vaše bebe, štiteći je od udaraca tijekom sna. Uronite u mekoću i sigurnost - naša pletenica-ogradica za kinderbet spoj je nježnosti ručne izrade, najveće kvalitete i zaštite koju vaša beba zaslužuje. Specifikacija proizvoda Sastav: 100% premium bukle (Poliester) Visina: cca. 20 cm Debljina: cca. 8 cm	https://babynatur.hr/products/zastitna-ogradica-pletenica-za-kinderbet-premium-bukle?variant=56573227925890	https://cdn.shopify.com/s/files/1/0943/0738/5730/files/bijela_bukle_pletenica.png?v=1776461309	https://cdn.shopify.com/s/files/1/0943/0738/5730/files/Bukle_premium.jpg?v=1773213595,https://cdn.shopify.com/s/files/1/0943/0738/5730/files/Bukle_premium2.jpg?v=1773213635,https://cdn.shopify.com/s/files/1/0943/0738/5730/files/sme_a_pletenica.png?v=1776461309,https://cdn.shopify.com/s/files/1/0943/0738/5730/files/Roza_bukle_pletenica.png?v=1776461309,https://cdn.shopify.com/s/files/1/0943/0738/5730/files/Ecru_bukle_pletenica.png?v=1776491891	in_stock	new	140.00 EUR		Baby Natur		no		Zaštitne ogradice za dječji krevetić	400cm			Bijela	
shopify_ZZ_15292057289090_56573227958658	15292057289090	Zaštitna ogradica pletenica za kinderbet Premium BUKLE - 400cm / Smeđa	Pletenica za kinderbet Premium BUKLE - ogradica za kinderbet izrađena od premium bukle, s antibakterijskom i antialergijskom ispunom - stvara nježni zagrljaj sigurnosti oko vaše bebe, štiteći je od udaraca tijekom sna. Uronite u mekoću i sigurnost - naša pletenica-ogradica za kinderbet spoj je nježnosti ručne izrade, najveće kvalitete i zaštite koju vaša beba zaslužuje. Specifikacija proizvoda Sastav: 100% premium bukle (Poliester) Visina: cca. 20 cm Debljina: cca. 8 cm	https://babynatur.hr/products/zastitna-ogradica-pletenica-za-kinderbet-premium-bukle?variant=56573227958658	https://cdn.shopify.com/s/files/1/0943/0738/5730/files/sme_a_pletenica.png?v=1776461309	https://cdn.shopify.com/s/files/1/0943/0738/5730/files/Bukle_premium.jpg?v=1773213595,https://cdn.shopify.com/s/files/1/0943/0738/5730/files/Bukle_premium2.jpg?v=1773213635,https://cdn.shopify.com/s/files/1/0943/0738/5730/files/Roza_bukle_pletenica.png?v=1776461309,https://cdn.shopify.com/s/files/1/0943/0738/5730/files/bijela_bukle_pletenica.png?v=1776461309,https://cdn.shopify.com/s/files/1/0943/0738/5730/files/Ecru_bukle_pletenica.png?v=1776491891	in_stock	new	140.00 EUR		Baby Natur		no		Zaštitne ogradice za dječji krevetić	400cm			Smeđa	
shopify_ZZ_15287989010818_56442156974466	15287989010818	Veliki set za hranjenje Rak – tanjur s priborom, podbradnjak i čaša sa slamkom | Les Petits Citrons - Svijetlo plava	Ovaj set za hranjenje u obliku leptira savršen je izbor za prve korake u bebinom samostalnom hranjenju. Kombinira praktičnost i zabavan dizajn koji obroke čini ugodnijima za dijete i jednostavnijima za roditelje. Set uključuje silikonski tanjur u obliku kita s vakuumskom čašicom, podbradnjak te čašu sa slamkom, što pomaže djetetu da lakše razvije naviku samostalnog hranjenja i pijenja. Vakuumska čašica na dnu tanjura pričvršćuje se za stol i pomaže spriječiti pomicanje ili prolijevanje hrane. Vilica i žlica prilagođene su malim dječjim rukama, dok je njihov vrh izrađen od mekog silikona, nježnog za osjetljive dječje desni. Drške su izrađene od prirodnog bukovog drva, koje je izdržljivo i ekološki prihvatljivo. Svi materijali su sigurni za kontakt s hranom, bez BPA i drugih štetnih kemikalija, te zadovoljavaju europske sigurnosne standarde.	https://babynatur.hr/products/meal-pack-bib-straw-glass-for-children?variant=56442156974466	https://cdn.shopify.com/s/files/1/0943/0738/5730/files/95cc41f649ea83bdf25537202fb31b6d3d3f65ca827d4641548381545aae03a9.png?v=1772700666	https://cdn.shopify.com/s/files/1/0943/0738/5730/files/2531dbe6834f269882d55f9f713db89c60ad74a06e2b828649a58b31995a8a28.png?v=1772700666,https://cdn.shopify.com/s/files/1/0943/0738/5730/files/7e0475ff6deb408b2e273bccd32f7d316ad3eb3226c81653602c4fc4c609f29a.png?v=1772700668,https://cdn.shopify.com/s/files/1/0943/0738/5730/files/e7bedb5f0587d317d9bd2a72344e002547220f63ebcdf6d0e667822aaa7d2968.jpg?v=1772700664	in_stock	new	48.00 EUR		Les Petits Citrons	LPC-PA_CRAB_PAI-CIEL	yes						Svijetlo plava	250 g
shopify_ZZ_15287989010818_56442526892418	15287989010818	Veliki set za hranjenje Rak – tanjur s priborom, podbradnjak i čaša sa slamkom | Les Petits Citrons - Tamno plava	Ovaj set za hranjenje u obliku leptira savršen je izbor za prve korake u bebinom samostalnom hranjenju. Kombinira praktičnost i zabavan dizajn koji obroke čini ugodnijima za dijete i jednostavnijima za roditelje. Set uključuje silikonski tanjur u obliku kita s vakuumskom čašicom, podbradnjak te čašu sa slamkom, što pomaže djetetu da lakše razvije naviku samostalnog hranjenja i pijenja. Vakuumska čašica na dnu tanjura pričvršćuje se za stol i pomaže spriječiti pomicanje ili prolijevanje hrane. Vilica i žlica prilagođene su malim dječjim rukama, dok je njihov vrh izrađen od mekog silikona, nježnog za osjetljive dječje desni. Drške su izrađene od prirodnog bukovog drva, koje je izdržljivo i ekološki prihvatljivo. Svi materijali su sigurni za kontakt s hranom, bez BPA i drugih štetnih kemikalija, te zadovoljavaju europske sigurnosne standarde.	https://babynatur.hr/products/meal-pack-bib-straw-glass-for-children?variant=56442526892418	https://cdn.shopify.com/s/files/1/0943/0738/5730/files/2531dbe6834f269882d55f9f713db89c60ad74a06e2b828649a58b31995a8a28.png?v=1772700666	https://cdn.shopify.com/s/files/1/0943/0738/5730/files/95cc41f649ea83bdf25537202fb31b6d3d3f65ca827d4641548381545aae03a9.png?v=1772700666,https://cdn.shopify.com/s/files/1/0943/0738/5730/files/7e0475ff6deb408b2e273bccd32f7d316ad3eb3226c81653602c4fc4c609f29a.png?v=1772700668,https://cdn.shopify.com/s/files/1/0943/0738/5730/files/e7bedb5f0587d317d9bd2a72344e002547220f63ebcdf6d0e667822aaa7d2968.jpg?v=1772700664	in_stock	new	48.00 EUR		Les Petits Citrons		no						Tamno plava	250 g
shopify_ZZ_15287989010818_56442526957954	15287989010818	Veliki set za hranjenje Rak – tanjur s priborom, podbradnjak i čaša sa slamkom | Les Petits Citrons - Narančasta	Ovaj set za hranjenje u obliku leptira savršen je izbor za prve korake u bebinom samostalnom hranjenju. Kombinira praktičnost i zabavan dizajn koji obroke čini ugodnijima za dijete i jednostavnijima za roditelje. Set uključuje silikonski tanjur u obliku kita s vakuumskom čašicom, podbradnjak te čašu sa slamkom, što pomaže djetetu da lakše razvije naviku samostalnog hranjenja i pijenja. Vakuumska čašica na dnu tanjura pričvršćuje se za stol i pomaže spriječiti pomicanje ili prolijevanje hrane. Vilica i žlica prilagođene su malim dječjim rukama, dok je njihov vrh izrađen od mekog silikona, nježnog za osjetljive dječje desni. Drške su izrađene od prirodnog bukovog drva, koje je izdržljivo i ekološki prihvatljivo. Svi materijali su sigurni za kontakt s hranom, bez BPA i drugih štetnih kemikalija, te zadovoljavaju europske sigurnosne standarde.	https://babynatur.hr/products/meal-pack-bib-straw-glass-for-children?variant=56442526957954	https://cdn.shopify.com/s/files/1/0943/0738/5730/files/7e0475ff6deb408b2e273bccd32f7d316ad3eb3226c81653602c4fc4c609f29a.png?v=1772700668	https://cdn.shopify.com/s/files/1/0943/0738/5730/files/95cc41f649ea83bdf25537202fb31b6d3d3f65ca827d4641548381545aae03a9.png?v=1772700666,https://cdn.shopify.com/s/files/1/0943/0738/5730/files/2531dbe6834f269882d55f9f713db89c60ad74a06e2b828649a58b31995a8a28.png?v=1772700666,https://cdn.shopify.com/s/files/1/0943/0738/5730/files/e7bedb5f0587d317d9bd2a72344e002547220f63ebcdf6d0e667822aaa7d2968.jpg?v=1772700664	out_of_stock	new	48.00 EUR		Les Petits Citrons		no						Narančasta	250 g
shopify_ZZ_15287989010818_56442526990722	15287989010818	Veliki set za hranjenje Rak – tanjur s priborom, podbradnjak i čaša sa slamkom | Les Petits Citrons - Bež	Ovaj set za hranjenje u obliku leptira savršen je izbor za prve korake u bebinom samostalnom hranjenju. Kombinira praktičnost i zabavan dizajn koji obroke čini ugodnijima za dijete i jednostavnijima za roditelje. Set uključuje silikonski tanjur u obliku kita s vakuumskom čašicom, podbradnjak te čašu sa slamkom, što pomaže djetetu da lakše razvije naviku samostalnog hranjenja i pijenja. Vakuumska čašica na dnu tanjura pričvršćuje se za stol i pomaže spriječiti pomicanje ili prolijevanje hrane. Vilica i žlica prilagođene su malim dječjim rukama, dok je njihov vrh izrađen od mekog silikona, nježnog za osjetljive dječje desni. Drške su izrađene od prirodnog bukovog drva, koje je izdržljivo i ekološki prihvatljivo. Svi materijali su sigurni za kontakt s hranom, bez BPA i drugih štetnih kemikalija, te zadovoljavaju europske sigurnosne standarde.	https://babynatur.hr/products/meal-pack-bib-straw-glass-for-children?variant=56442526990722	https://cdn.shopify.com/s/files/1/0943/0738/5730/files/e7bedb5f0587d317d9bd2a72344e002547220f63ebcdf6d0e667822aaa7d2968.jpg?v=1772700664	https://cdn.shopify.com/s/files/1/0943/0738/5730/files/95cc41f649ea83bdf25537202fb31b6d3d3f65ca827d4641548381545aae03a9.png?v=1772700666,https://cdn.shopify.com/s/files/1/0943/0738/5730/files/2531dbe6834f269882d55f9f713db89c60ad74a06e2b828649a58b31995a8a28.png?v=1772700666,https://cdn.shopify.com/s/files/1/0943/0738/5730/files/7e0475ff6deb408b2e273bccd32f7d316ad3eb3226c81653602c4fc4c609f29a.png?v=1772700668	out_of_stock	new	48.00 EUR		Les Petits Citrons		no						Bež	250 g
shopify_ZZ_15287989207426_56442157728130	15287989207426	Set za hranjenje Leptir – tanjur s priborom | Les Petits Citrons - Narančasta	Ovaj silikonski set za hranjenje u obliku leptira savršen je izbor za prve korake u bebinom samostalnom hranjenju. Zabavan dizajn i praktične funkcije pomažu djetetu da lakše nauči samostalno jesti. Tanjur ima vakuumsku čašicu na dnu koja se pričvršćuje za stol i pomaže spriječiti pomicanje ili prolijevanje hrane tijekom obroka. Oblik i veličina prilagođeni su djeci kako bi obrok bio jednostavniji i uredniji. Vilica i žlica dizajnirane su za male dječje ruke, a njihov vrh izrađen je od mekog silikona, nježnog za osjetljive dječje desni. Drške su izrađene od prirodnog bambusa, ekološki prihvatljivog i biorazgradivog materijala. Svi materijali su sigurni za kontakt s hranom, bez BPA i štetnih kemikalija, te zadovoljavaju europske sigurnosne standarde. Održavanje: Tanjur se može prati u perilici posuđa. Pribor za jelo s bambusovom drškom preporučuje se prati ručno. Set uključuje: silikonski tanjur u obliku leptira s vakuumskom čašicom vilicu i žlicu s bambusovom drškom i silikonskim vrhom.	https://babynatur.hr/products/papillon-meal-cutlery-set-for-children?variant=56442157728130	https://cdn.shopify.com/s/files/1/0943/0738/5730/files/9df488c67689bec36fca97eaf75ad92c404d1a6c3a1b26ef21c41e27218ada7e.png?v=1773052307	https://cdn.shopify.com/s/files/1/0943/0738/5730/files/156ebf44db53a894bcd7c459e3a2526e3dea07230091e868acb43ee988e1ef22.png?v=1773052458	in_stock	new	30.00 EUR		Les Petits Citrons		no						Narančasta	100 g
shopify_ZZ_15287989207426_56442591379842	15287989207426	Set za hranjenje Leptir – tanjur s priborom | Les Petits Citrons - Roza	Ovaj silikonski set za hranjenje u obliku leptira savršen je izbor za prve korake u bebinom samostalnom hranjenju. Zabavan dizajn i praktične funkcije pomažu djetetu da lakše nauči samostalno jesti. Tanjur ima vakuumsku čašicu na dnu koja se pričvršćuje za stol i pomaže spriječiti pomicanje ili prolijevanje hrane tijekom obroka. Oblik i veličina prilagođeni su djeci kako bi obrok bio jednostavniji i uredniji. Vilica i žlica dizajnirane su za male dječje ruke, a njihov vrh izrađen je od mekog silikona, nježnog za osjetljive dječje desni. Drške su izrađene od prirodnog bambusa, ekološki prihvatljivog i biorazgradivog materijala. Svi materijali su sigurni za kontakt s hranom, bez BPA i štetnih kemikalija, te zadovoljavaju europske sigurnosne standarde. Održavanje: Tanjur se može prati u perilici posuđa. Pribor za jelo s bambusovom drškom preporučuje se prati ručno. Set uključuje: silikonski tanjur u obliku leptira s vakuumskom čašicom vilicu i žlicu s bambusovom drškom i silikonskim vrhom.	https://babynatur.hr/products/papillon-meal-cutlery-set-for-children?variant=56442591379842	https://cdn.shopify.com/s/files/1/0943/0738/5730/files/156ebf44db53a894bcd7c459e3a2526e3dea07230091e868acb43ee988e1ef22.png?v=1773052458	https://cdn.shopify.com/s/files/1/0943/0738/5730/files/9df488c67689bec36fca97eaf75ad92c404d1a6c3a1b26ef21c41e27218ada7e.png?v=1773052307	out_of_stock	new	30.00 EUR		Les Petits Citrons		no						Roza	100 g
shopify_ZZ_15287989109122_56442157072770	15287989109122	Veliki set za hranjenje Leptir – tanjur s priborom, podbradnjak i čaša sa slamkom | Les Petits Citrons - Roza	Ovaj set za hranjenje u obliku leptira savršen je izbor za prve korake u bebinom samostalnom hranjenju. Kombinira praktičnost i zabavan dizajn koji obroke čini ugodnijima za dijete i jednostavnijima za roditelje. Set uključuje silikonski tanjur u obliku kita s vakuumskom čašicom, podbradnjak te čašu sa slamkom, što pomaže djetetu da lakše razvije naviku samostalnog hranjenja i pijenja. Vakuumska čašica na dnu tanjura pričvršćuje se za stol i pomaže spriječiti pomicanje ili prolijevanje hrane. Vilica i žlica prilagođene su malim dječjim rukama, dok je njihov vrh izrađen od mekog silikona, nježnog za osjetljive dječje desni. Drške su izrađene od prirodnog bukovog drva, koje je izdržljivo i ekološki prihvatljivo. Svi materijali su sigurni za kontakt s hranom, bez BPA i drugih štetnih kemikalija, te zadovoljavaju europske sigurnosne standarde.	https://babynatur.hr/products/butterfly-meal-pack-with-cutlery-straw-glass-and-bib?variant=56442157072770	https://cdn.shopify.com/s/files/1/0943/0738/5730/files/5688aaf060867e6dcf47b28ae6b67094df2cd1e734212bc045d514588b7fa99b.png?v=1773052465	https://cdn.shopify.com/s/files/1/0943/0738/5730/files/282ba340f42a633905f2aa3eb3ed468d3092cf58e6e95d9de002a31ac8976816.png?v=1772700672	out_of_stock	new	48.00 EUR		Les Petits Citrons		no						Roza	300 g
shopify_ZZ_15287989109122_56442615333250	15287989109122	Veliki set za hranjenje Leptir – tanjur s priborom, podbradnjak i čaša sa slamkom | Les Petits Citrons - Narančasta	Ovaj set za hranjenje u obliku leptira savršen je izbor za prve korake u bebinom samostalnom hranjenju. Kombinira praktičnost i zabavan dizajn koji obroke čini ugodnijima za dijete i jednostavnijima za roditelje. Set uključuje silikonski tanjur u obliku kita s vakuumskom čašicom, podbradnjak te čašu sa slamkom, što pomaže djetetu da lakše razvije naviku samostalnog hranjenja i pijenja. Vakuumska čašica na dnu tanjura pričvršćuje se za stol i pomaže spriječiti pomicanje ili prolijevanje hrane. Vilica i žlica prilagođene su malim dječjim rukama, dok je njihov vrh izrađen od mekog silikona, nježnog za osjetljive dječje desni. Drške su izrađene od prirodnog bukovog drva, koje je izdržljivo i ekološki prihvatljivo. Svi materijali su sigurni za kontakt s hranom, bez BPA i drugih štetnih kemikalija, te zadovoljavaju europske sigurnosne standarde.	https://babynatur.hr/products/butterfly-meal-pack-with-cutlery-straw-glass-and-bib?variant=56442615333250	https://cdn.shopify.com/s/files/1/0943/0738/5730/files/282ba340f42a633905f2aa3eb3ed468d3092cf58e6e95d9de002a31ac8976816.png?v=1772700672	https://cdn.shopify.com/s/files/1/0943/0738/5730/files/5688aaf060867e6dcf47b28ae6b67094df2cd1e734212bc045d514588b7fa99b.png?v=1773052465	in_stock	new	48.00 EUR		Les Petits Citrons		no						Narančasta	
shopify_ZZ_15287989141890_56442157105538	15287989141890	Set za hranjenje Rak - tanjur s priborom – Les Petits Citrons - Svijetlo plava	Silikonski set za hranjenje idealan je za prve korake u bebinom samostalnom hranjenju. Tanjur u obliku raka ima vakuumsku čašicu koja se pričvršćuje za površinu stola i pomaže spriječiti prolijevanje ili pomicanje tijekom obroka. Pribor za jelo dizajniran je za male dječje ruke, a glava vilice i žlice izrađena je od mekog silikona, nježnog za osjetljive dječje desni. Drška je izrađena od prirodnog bambusa, ekološki prihvatljivog i biorazgradivog materijala. Svi materijali su sigurni za kontakt s hranom i bez štetnih kemikalija. Održavanje: Tanjur se može prati u perilici posuđa, dok se pribor za jelo s bambusovom drškom preporučuje prati ručno. Set uključuje: silikonski tanjur u obliku raka s vakuumskom čašicom vilicu i žlicu s bambusovom drškom i silikonskim vrhom.	https://babynatur.hr/products/crab-shaped-meal-set-cutlery-for-children?variant=56442157105538	https://cdn.shopify.com/s/files/1/0943/0738/5730/files/31903750508cda281a519349868a7c1a89a889be0268d3959cc333d852ad4cf7.png?v=1772700673	https://cdn.shopify.com/s/files/1/0943/0738/5730/files/7bac6125bb1a96c1412f04e4e4f2022617ad3891336e74279a25dd356adf54fe.png?v=1772700675,https://cdn.shopify.com/s/files/1/0943/0738/5730/files/a96337495ea2415df31cb8f5728a490eab5f911294eca969e1b87e674550cbb1.png?v=1772700678	in_stock	new	30.00 EUR		Les Petits Citrons	LPC-CRAB-CIEL	yes						Svijetlo plava	898 g
shopify_ZZ_15287989141890_56442409222530	15287989141890	Set za hranjenje Rak - tanjur s priborom – Les Petits Citrons - Tamno plava	Silikonski set za hranjenje idealan je za prve korake u bebinom samostalnom hranjenju. Tanjur u obliku raka ima vakuumsku čašicu koja se pričvršćuje za površinu stola i pomaže spriječiti prolijevanje ili pomicanje tijekom obroka. Pribor za jelo dizajniran je za male dječje ruke, a glava vilice i žlice izrađena je od mekog silikona, nježnog za osjetljive dječje desni. Drška je izrađena od prirodnog bambusa, ekološki prihvatljivog i biorazgradivog materijala. Svi materijali su sigurni za kontakt s hranom i bez štetnih kemikalija. Održavanje: Tanjur se može prati u perilici posuđa, dok se pribor za jelo s bambusovom drškom preporučuje prati ručno. Set uključuje: silikonski tanjur u obliku raka s vakuumskom čašicom vilicu i žlicu s bambusovom drškom i silikonskim vrhom.	https://babynatur.hr/products/crab-shaped-meal-set-cutlery-for-children?variant=56442409222530	https://cdn.shopify.com/s/files/1/0943/0738/5730/files/7bac6125bb1a96c1412f04e4e4f2022617ad3891336e74279a25dd356adf54fe.png?v=1772700675	https://cdn.shopify.com/s/files/1/0943/0738/5730/files/31903750508cda281a519349868a7c1a89a889be0268d3959cc333d852ad4cf7.png?v=1772700673,https://cdn.shopify.com/s/files/1/0943/0738/5730/files/a96337495ea2415df31cb8f5728a490eab5f911294eca969e1b87e674550cbb1.png?v=1772700678	out_of_stock	new	30.00 EUR		Les Petits Citrons		no						Tamno plava	900 g
shopify_ZZ_15287989141890_56442409288066	15287989141890	Set za hranjenje Rak - tanjur s priborom – Les Petits Citrons - Narančasta	Silikonski set za hranjenje idealan je za prve korake u bebinom samostalnom hranjenju. Tanjur u obliku raka ima vakuumsku čašicu koja se pričvršćuje za površinu stola i pomaže spriječiti prolijevanje ili pomicanje tijekom obroka. Pribor za jelo dizajniran je za male dječje ruke, a glava vilice i žlice izrađena je od mekog silikona, nježnog za osjetljive dječje desni. Drška je izrađena od prirodnog bambusa, ekološki prihvatljivog i biorazgradivog materijala. Svi materijali su sigurni za kontakt s hranom i bez štetnih kemikalija. Održavanje: Tanjur se može prati u perilici posuđa, dok se pribor za jelo s bambusovom drškom preporučuje prati ručno. Set uključuje: silikonski tanjur u obliku raka s vakuumskom čašicom vilicu i žlicu s bambusovom drškom i silikonskim vrhom.	https://babynatur.hr/products/crab-shaped-meal-set-cutlery-for-children?variant=56442409288066	https://cdn.shopify.com/s/files/1/0943/0738/5730/files/a96337495ea2415df31cb8f5728a490eab5f911294eca969e1b87e674550cbb1.png?v=1772700678	https://cdn.shopify.com/s/files/1/0943/0738/5730/files/31903750508cda281a519349868a7c1a89a889be0268d3959cc333d852ad4cf7.png?v=1772700673,https://cdn.shopify.com/s/files/1/0943/0738/5730/files/7bac6125bb1a96c1412f04e4e4f2022617ad3891336e74279a25dd356adf54fe.png?v=1772700675	out_of_stock	new	30.00 EUR		Les Petits Citrons		no						Narančasta	900 g
shopify_ZZ_15287989240194_56442157760898	15287989240194	Veliki set za hranjenje Kit – tanjur s priborom, podbradnjak i čaša sa slamkom | Les Petits Citrons - Tamno plava	Ovaj set za hranjenje u obliku leptira savršen je izbor za prve korake u bebinom samostalnom hranjenju. Kombinira praktičnost i zabavan dizajn koji obroke čini ugodnijima za dijete i jednostavnijima za roditelje. Set uključuje silikonski tanjur u obliku kita s vakuumskom čašicom, podbradnjak te čašu sa slamkom, što pomaže djetetu da lakše razvije naviku samostalnog hranjenja i pijenja. Vakuumska čašica na dnu tanjura pričvršćuje se za stol i pomaže spriječiti pomicanje ili prolijevanje hrane. Vilica i žlica prilagođene su malim dječjim rukama, dok je njihov vrh izrađen od mekog silikona, nježnog za osjetljive dječje desni. Drške su izrađene od prirodnog bukovog drva, koje je izdržljivo i ekološki prihvatljivo. Svi materijali su sigurni za kontakt s hranom, bez BPA i drugih štetnih kemikalija, te zadovoljavaju europske sigurnosne standarde.	https://babynatur.hr/products/whale-meal-pack-animal-bib-straw-glass?variant=56442157760898	https://cdn.shopify.com/s/files/1/0943/0738/5730/files/7d208c5015c2dfada6b4645476469bbf1076ec3362766da72225265bb1b7cfce.png?v=1773052571	https://cdn.shopify.com/s/files/1/0943/0738/5730/files/7cd2de2d436c5e478ff25ce6101fc9c599767aa2d238e64793081e41a0ec9857.png?v=1773052493,https://cdn.shopify.com/s/files/1/0943/0738/5730/files/5a5a9bd506d0cbcd936de39ca8b98e53720988c52d24bec833b6fa62eb30d07d.jpg?v=1773052971	out_of_stock	new	48.00 EUR		Les Petits Citrons	LPC-PA_BAL_PAI_BAV-BLEU	yes						Tamno plava	250 g
shopify_ZZ_15287989240194_56442505691522	15287989240194	Veliki set za hranjenje Kit – tanjur s priborom, podbradnjak i čaša sa slamkom | Les Petits Citrons - Svijetlo plava	Ovaj set za hranjenje u obliku leptira savršen je izbor za prve korake u bebinom samostalnom hranjenju. Kombinira praktičnost i zabavan dizajn koji obroke čini ugodnijima za dijete i jednostavnijima za roditelje. Set uključuje silikonski tanjur u obliku kita s vakuumskom čašicom, podbradnjak te čašu sa slamkom, što pomaže djetetu da lakše razvije naviku samostalnog hranjenja i pijenja. Vakuumska čašica na dnu tanjura pričvršćuje se za stol i pomaže spriječiti pomicanje ili prolijevanje hrane. Vilica i žlica prilagođene su malim dječjim rukama, dok je njihov vrh izrađen od mekog silikona, nježnog za osjetljive dječje desni. Drške su izrađene od prirodnog bukovog drva, koje je izdržljivo i ekološki prihvatljivo. Svi materijali su sigurni za kontakt s hranom, bez BPA i drugih štetnih kemikalija, te zadovoljavaju europske sigurnosne standarde.	https://babynatur.hr/products/whale-meal-pack-animal-bib-straw-glass?variant=56442505691522	https://cdn.shopify.com/s/files/1/0943/0738/5730/files/7cd2de2d436c5e478ff25ce6101fc9c599767aa2d238e64793081e41a0ec9857.png?v=1773052493	https://cdn.shopify.com/s/files/1/0943/0738/5730/files/7d208c5015c2dfada6b4645476469bbf1076ec3362766da72225265bb1b7cfce.png?v=1773052571,https://cdn.shopify.com/s/files/1/0943/0738/5730/files/5a5a9bd506d0cbcd936de39ca8b98e53720988c52d24bec833b6fa62eb30d07d.jpg?v=1773052971	in_stock	new	48.00 EUR		Les Petits Citrons		no						Svijetlo plava	250 g
shopify_ZZ_15287989338498_56442157859202	15287989338498	Silikonska čaša sa slamkom za bebe – Les Petits Citrons - Roza	Šalica za bebe i djecu koja je praktična, sigurna i zabavna za korištenje. Izrađena je od mekog silikona, što je čini ugodnom za male ruke i otpornom na udarce. Zahvaljujući glatkoj silikonskoj površini, šalica se vrlo lako čisti običnom spužvicom. Kapacitet od 120 ml idealan je za male količine vode, mlijeka ili drugih napitaka, a slamka pomaže bebi u učenju pravilnog pijenja i lakšem prijelazu s bočice na čašu. Dvije praktične ručke omogućuju djetetu sigurno držanje i potiču razvoj samostalnosti tijekom pijenja. Zahvaljujući mekanoj, fleksibilnoj konstrukciji i idealnoj veličini, ova je šalica savršena za učenje bebe ili djeteta korištenju slamke i prve čaše. Dizajnirana je tako da odgovara malim rukama i potrebama djece od 6. mjeseca nadalje, čineći prve korake prema samostalnom pijenju jednostavnima i sigurnima.	https://babynatur.hr/products/straw-glass-for-babies-and-children?variant=56442157859202	https://cdn.shopify.com/s/files/1/0943/0738/5730/files/a7784f9c25a5d581395bc6598ae3eafb9974965d8508301aa61e6ed1a2654de0.png?v=1772702171	https://cdn.shopify.com/s/files/1/0943/0738/5730/files/Silikonske_a_e_lest_petits_Citron.png?v=1772702171,https://cdn.shopify.com/s/files/1/0943/0738/5730/files/b5ee9b0a8368105feb6699a9129d1c07f97bc5e6fbe454319eba6457e66edf50.png?v=1772702171,https://cdn.shopify.com/s/files/1/0943/0738/5730/files/2de11c9d3d490a30ed3f6668576e9f53e2b17e3a977bd9897654b47994ec8672.png?v=1772702171,https://cdn.shopify.com/s/files/1/0943/0738/5730/files/VerrePailleMarine.webp?v=1772702171,https://cdn.shopify.com/s/files/1/0943/0738/5730/files/Narancasta_casa.webp?v=1785610555	out_of_stock	new	14.00 EUR		Les Petits Citrons		no						Roza	100 g
shopify_ZZ_15287989338498_56442157891970	15287989338498	Silikonska čaša sa slamkom za bebe – Les Petits Citrons - Svijetlo plava	Šalica za bebe i djecu koja je praktična, sigurna i zabavna za korištenje. Izrađena je od mekog silikona, što je čini ugodnom za male ruke i otpornom na udarce. Zahvaljujući glatkoj silikonskoj površini, šalica se vrlo lako čisti običnom spužvicom. Kapacitet od 120 ml idealan je za male količine vode, mlijeka ili drugih napitaka, a slamka pomaže bebi u učenju pravilnog pijenja i lakšem prijelazu s bočice na čašu. Dvije praktične ručke omogućuju djetetu sigurno držanje i potiču razvoj samostalnosti tijekom pijenja. Zahvaljujući mekanoj, fleksibilnoj konstrukciji i idealnoj veličini, ova je šalica savršena za učenje bebe ili djeteta korištenju slamke i prve čaše. Dizajnirana je tako da odgovara malim rukama i potrebama djece od 6. mjeseca nadalje, čineći prve korake prema samostalnom pijenju jednostavnima i sigurnima.	https://babynatur.hr/products/straw-glass-for-babies-and-children?variant=56442157891970	https://cdn.shopify.com/s/files/1/0943/0738/5730/files/b5ee9b0a8368105feb6699a9129d1c07f97bc5e6fbe454319eba6457e66edf50.png?v=1772702171	https://cdn.shopify.com/s/files/1/0943/0738/5730/files/Silikonske_a_e_lest_petits_Citron.png?v=1772702171,https://cdn.shopify.com/s/files/1/0943/0738/5730/files/a7784f9c25a5d581395bc6598ae3eafb9974965d8508301aa61e6ed1a2654de0.png?v=1772702171,https://cdn.shopify.com/s/files/1/0943/0738/5730/files/2de11c9d3d490a30ed3f6668576e9f53e2b17e3a977bd9897654b47994ec8672.png?v=1772702171,https://cdn.shopify.com/s/files/1/0943/0738/5730/files/VerrePailleMarine.webp?v=1772702171,https://cdn.shopify.com/s/files/1/0943/0738/5730/files/Narancasta_casa.webp?v=1785610555	in_stock	new	14.00 EUR		Les Petits Citrons		no						Svijetlo plava	100 g
shopify_ZZ_15287989338498_56442157924738	15287989338498	Silikonska čaša sa slamkom za bebe – Les Petits Citrons - Bež	Šalica za bebe i djecu koja je praktična, sigurna i zabavna za korištenje. Izrađena je od mekog silikona, što je čini ugodnom za male ruke i otpornom na udarce. Zahvaljujući glatkoj silikonskoj površini, šalica se vrlo lako čisti običnom spužvicom. Kapacitet od 120 ml idealan je za male količine vode, mlijeka ili drugih napitaka, a slamka pomaže bebi u učenju pravilnog pijenja i lakšem prijelazu s bočice na čašu. Dvije praktične ručke omogućuju djetetu sigurno držanje i potiču razvoj samostalnosti tijekom pijenja. Zahvaljujući mekanoj, fleksibilnoj konstrukciji i idealnoj veličini, ova je šalica savršena za učenje bebe ili djeteta korištenju slamke i prve čaše. Dizajnirana je tako da odgovara malim rukama i potrebama djece od 6. mjeseca nadalje, čineći prve korake prema samostalnom pijenju jednostavnima i sigurnima.	https://babynatur.hr/products/straw-glass-for-babies-and-children?variant=56442157924738	https://cdn.shopify.com/s/files/1/0943/0738/5730/files/2de11c9d3d490a30ed3f6668576e9f53e2b17e3a977bd9897654b47994ec8672.png?v=1772702171	https://cdn.shopify.com/s/files/1/0943/0738/5730/files/Silikonske_a_e_lest_petits_Citron.png?v=1772702171,https://cdn.shopify.com/s/files/1/0943/0738/5730/files/a7784f9c25a5d581395bc6598ae3eafb9974965d8508301aa61e6ed1a2654de0.png?v=1772702171,https://cdn.shopify.com/s/files/1/0943/0738/5730/files/b5ee9b0a8368105feb6699a9129d1c07f97bc5e6fbe454319eba6457e66edf50.png?v=1772702171,https://cdn.shopify.com/s/files/1/0943/0738/5730/files/VerrePailleMarine.webp?v=1772702171,https://cdn.shopify.com/s/files/1/0943/0738/5730/files/Narancasta_casa.webp?v=1785610555	out_of_stock	new	14.00 EUR		Les Petits Citrons		no						Bež	100 g
shopify_ZZ_15287989338498_56442308952450	15287989338498	Silikonska čaša sa slamkom za bebe – Les Petits Citrons - Tamno plava	Šalica za bebe i djecu koja je praktična, sigurna i zabavna za korištenje. Izrađena je od mekog silikona, što je čini ugodnom za male ruke i otpornom na udarce. Zahvaljujući glatkoj silikonskoj površini, šalica se vrlo lako čisti običnom spužvicom. Kapacitet od 120 ml idealan je za male količine vode, mlijeka ili drugih napitaka, a slamka pomaže bebi u učenju pravilnog pijenja i lakšem prijelazu s bočice na čašu. Dvije praktične ručke omogućuju djetetu sigurno držanje i potiču razvoj samostalnosti tijekom pijenja. Zahvaljujući mekanoj, fleksibilnoj konstrukciji i idealnoj veličini, ova je šalica savršena za učenje bebe ili djeteta korištenju slamke i prve čaše. Dizajnirana je tako da odgovara malim rukama i potrebama djece od 6. mjeseca nadalje, čineći prve korake prema samostalnom pijenju jednostavnima i sigurnima.	https://babynatur.hr/products/straw-glass-for-babies-and-children?variant=56442308952450	https://cdn.shopify.com/s/files/1/0943/0738/5730/files/VerrePailleMarine.webp?v=1772702171	https://cdn.shopify.com/s/files/1/0943/0738/5730/files/Silikonske_a_e_lest_petits_Citron.png?v=1772702171,https://cdn.shopify.com/s/files/1/0943/0738/5730/files/a7784f9c25a5d581395bc6598ae3eafb9974965d8508301aa61e6ed1a2654de0.png?v=1772702171,https://cdn.shopify.com/s/files/1/0943/0738/5730/files/b5ee9b0a8368105feb6699a9129d1c07f97bc5e6fbe454319eba6457e66edf50.png?v=1772702171,https://cdn.shopify.com/s/files/1/0943/0738/5730/files/2de11c9d3d490a30ed3f6668576e9f53e2b17e3a977bd9897654b47994ec8672.png?v=1772702171,https://cdn.shopify.com/s/files/1/0943/0738/5730/files/Narancasta_casa.webp?v=1785610555	in_stock	new	14.00 EUR		Les Petits Citrons		no						Tamno plava	100 g
shopify_ZZ_15287989338498_56815159509378	15287989338498	Silikonska čaša sa slamkom za bebe – Les Petits Citrons - Narančasta	Šalica za bebe i djecu koja je praktična, sigurna i zabavna za korištenje. Izrađena je od mekog silikona, što je čini ugodnom za male ruke i otpornom na udarce. Zahvaljujući glatkoj silikonskoj površini, šalica se vrlo lako čisti običnom spužvicom. Kapacitet od 120 ml idealan je za male količine vode, mlijeka ili drugih napitaka, a slamka pomaže bebi u učenju pravilnog pijenja i lakšem prijelazu s bočice na čašu. Dvije praktične ručke omogućuju djetetu sigurno držanje i potiču razvoj samostalnosti tijekom pijenja. Zahvaljujući mekanoj, fleksibilnoj konstrukciji i idealnoj veličini, ova je šalica savršena za učenje bebe ili djeteta korištenju slamke i prve čaše. Dizajnirana je tako da odgovara malim rukama i potrebama djece od 6. mjeseca nadalje, čineći prve korake prema samostalnom pijenju jednostavnima i sigurnima.	https://babynatur.hr/products/straw-glass-for-babies-and-children?variant=56815159509378	https://cdn.shopify.com/s/files/1/0943/0738/5730/files/Narancasta_casa.webp?v=1785610555	https://cdn.shopify.com/s/files/1/0943/0738/5730/files/Silikonske_a_e_lest_petits_Citron.png?v=1772702171,https://cdn.shopify.com/s/files/1/0943/0738/5730/files/a7784f9c25a5d581395bc6598ae3eafb9974965d8508301aa61e6ed1a2654de0.png?v=1772702171,https://cdn.shopify.com/s/files/1/0943/0738/5730/files/b5ee9b0a8368105feb6699a9129d1c07f97bc5e6fbe454319eba6457e66edf50.png?v=1772702171,https://cdn.shopify.com/s/files/1/0943/0738/5730/files/2de11c9d3d490a30ed3f6668576e9f53e2b17e3a977bd9897654b47994ec8672.png?v=1772702171,https://cdn.shopify.com/s/files/1/0943/0738/5730/files/VerrePailleMarine.webp?v=1772702171	in_stock	new	14.00 EUR		Les Petits Citrons		no						Narančasta	100 g
shopify_ZZ_15280123969922_56414833082754	15280123969922	Ortonature senzorna masažna podloga – Soft Pastel set	Materijali i kvaliteta Made in EU. ORTONATURE masažne podloge izrađene su od visokokvalitetnog PVC-a (polivinil klorida). Materijal je: bez BPA i ftalata izdržljiv i dugotrajan jednostavan za pranje namijenjen dugogodišnjoj uporabi Razvoj i dobrobiti Različite teksture i boje podloga: potiču maštu i igru poboljšavaju cirkulaciju mogu pomoći kod ravnih stopala smanjuju oticanje nogu potiču razvoj ravnoteže i vestibularnog sustava Napomena Fotografije su informativne prirode. Svaki set sastavlja se pojedinačno pa raspored i boje mogu odstupati. Sigurnost Proizvodi su testirani u skladu s europskim standardima: EN71-1, EN71-2, EN71-3, EN71-9	https://babynatur.hr/products/ortonature-senzorne-masazne-puzzle-podloge-soft-pastel-set?variant=56414833082754	https://cdn.shopify.com/s/files/1/0943/0738/5730/files/ac3d3cda6b28405af49d904e098c9589ad548d2c02bac1f296501f74d1306372.png?v=1772113242	https://cdn.shopify.com/s/files/1/0943/0738/5730/files/1_2029a2e6-11a4-4708-8c3f-bbf3c2f6429c.png?v=1772541472,https://cdn.shopify.com/s/files/1/0943/0738/5730/files/2.png?v=1772541472,https://cdn.shopify.com/s/files/1/0943/0738/5730/files/76d9d296ffbb2e62266ed7e91913042655e4143efc98102a803e93935be7b53f_b1320de0-0931-488c-b7aa-9fc8fe08e69c.png?v=1772541472,https://cdn.shopify.com/s/files/1/0943/0738/5730/files/Benefiti.png?v=1772541472	in_stock	new	75.00 EUR	70.00 EUR	ORTONATURE	OTN-S-SPT	yes							2600 g
shopify_ZZ_15280114467202_56414788845954	15280114467202	Ortonature Senzorna masažna podloga – set Jež	Materijali i kvaliteta Made in EU. ORTONATURE masažne podloge izrađene su od visokokvalitetnog PVC-a (polivinil klorida). Materijal je: bez BPA i ftalata izdržljiv i dugotrajan jednostavan za pranje namijenjen dugogodišnjoj uporabi Razvoj i dobrobiti Različite teksture i boje podloga: potiču maštu i igru poboljšavaju cirkulaciju mogu pomoći kod ravnih stopala smanjuju oticanje nogu potiču razvoj ravnoteže i vestibularnog sustava Napomena Fotografije su informativne prirode. Svaki set sastavlja se pojedinačno pa raspored i boje mogu odstupati. Sigurnost Proizvodi su testirani u skladu s europskim standardima: EN71-1, EN71-2, EN71-3, EN71-9	https://babynatur.hr/products/sensory-massage-puzzle-mat-set-hedgehog-here?variant=56414788845954	https://cdn.shopify.com/s/files/1/0943/0738/5730/files/48946477003b3bd3205cd10cf73d888ca06193f1f0701e6b23ca33e46efc1f3e.png?v=1772111994	https://cdn.shopify.com/s/files/1/0943/0738/5730/files/Ortonature_podloga2.png?v=1772112894,https://cdn.shopify.com/s/files/1/0943/0738/5730/files/Ortonature_podloga_4.png?v=1772112894,https://cdn.shopify.com/s/files/1/0943/0738/5730/files/76d9d296ffbb2e62266ed7e91913042655e4143efc98102a803e93935be7b53f.png?v=1772112894	in_stock	new	75.00 EUR	70.00 EUR	ORTONATURE	OTN-S-HGH	yes							2650 g
shopify_ZZ_15280124133762_56414833934722	15280124133762	Ortonature senzorna masažna podloga – set „Jutarnje čudo“	Materijali i kvaliteta Made in EU. ORTONATURE masažne podloge izrađene su od visokokvalitetnog PVC-a (polivinil klorida). Materijal je: bez BPA i ftalata izdržljiv i dugotrajan jednostavan za pranje namijenjen dugogodišnjoj uporabi Razvoj i dobrobiti Različite teksture i boje podloga: potiču maštu i igru poboljšavaju cirkulaciju mogu pomoći kod ravnih stopala smanjuju oticanje nogu potiču razvoj ravnoteže i vestibularnog sustava Napomena Fotografije su informativne prirode. Svaki set sastavlja se pojedinačno pa raspored i boje mogu odstupati. Sigurnost Proizvodi su testirani u skladu s europskim standardima: EN71-1, EN71-2, EN71-3, EN71-9	https://babynatur.hr/products/ortonature-senzorne-masazne-puzzle-podloge-set-jutarnja-energija?variant=56414833934722	https://cdn.shopify.com/s/files/1/0943/0738/5730/files/4307ed7dcdec72332318345f8cb027419eb7fae611c22d7378fb25438a879f9f.png?v=1772113244	https://cdn.shopify.com/s/files/1/0943/0738/5730/files/5.png?v=1772541271,https://cdn.shopify.com/s/files/1/0943/0738/5730/files/4.png?v=1772541271,https://cdn.shopify.com/s/files/1/0943/0738/5730/files/Benefiti.png?v=1772541472,https://cdn.shopify.com/s/files/1/0943/0738/5730/files/76d9d296ffbb2e62266ed7e91913042655e4143efc98102a803e93935be7b53f_46f8f2ba-33b3-402d-b3fc-665179fdf587.png?v=1772541271	in_stock	new	95.00 EUR	90.00 EUR	ORTONATURE	OTN-S-MML	yes							2900 g
shopify_ZZ_15280124232066_56414834033026	15280124232066	Ortonature senzorna masažna podloga – Set Duga	Materijali i kvaliteta Made in EU. ORTONATURE masažne podloge izrađene su od visokokvalitetnog PVC-a (polivinil klorida). Materijal je: bez BPA i ftalata izdržljiv i dugotrajan jednostavan za pranje namijenjen dugogodišnjoj uporabi Razvoj i dobrobiti Različite teksture i boje podloga: potiču maštu i igru poboljšavaju cirkulaciju mogu pomoći kod ravnih stopala smanjuju oticanje nogu potiču razvoj ravnoteže i vestibularnog sustava Napomena Fotografije su informativne prirode. Svaki set sastavlja se pojedinačno pa raspored i boje mogu odstupati. Sigurnost Proizvodi su testirani u skladu s europskim standardima: EN71-1, EN71-2, EN71-3, EN71-9	https://babynatur.hr/products/ortonature-senzorne-masazne-puzzle-podloge-rainbow-melody-set?variant=56414834033026	https://cdn.shopify.com/s/files/1/0943/0738/5730/files/ee9e58fd9c3b70fbba807a44de3981a58070098c1318687326fb10708d63b7b0.jpg?v=1772113247	https://cdn.shopify.com/s/files/1/0943/0738/5730/files/6.png?v=1772541281,https://cdn.shopify.com/s/files/1/0943/0738/5730/files/Benefiti.png?v=1772541472,https://cdn.shopify.com/s/files/1/0943/0738/5730/files/76d9d296ffbb2e62266ed7e91913042655e4143efc98102a803e93935be7b53f_f009941d-d1c0-4b5e-a662-cbc94f6ef695.png?v=1772541281	in_stock	new	83.00 EUR	75.00 EUR	ORTONATURE	OTN-S-RBM	yes							2800 g
shopify_ZZ_15280085074306_56414565859714	15280085074306	Izybaby 4u1 Sterilizator	Izybaby UV sterilizator za bočice – 4 u 1 Izybaby UV sterilizator omogućuje brzu i učinkovitu sterilizaciju dječjih bočica, duda i dodataka bez vode i kemikalija. Zahvaljujući UV-C tehnologiji uklanja do 99,9 % bakterija i mikroorganizama, a cijeli proces traje samo nekoliko minuta. Praktičan je za svakodnevnu upotrebu jer kombinira više funkcija u jednom uređaju. 4 funkcije u jednom uređaju UV sterilizacija Sušenje Održavanje sterilnosti (pohrana) Automatski programi Veliki kapacitet Prostrana unutrašnjost omogućuje sterilizaciju više predmeta odjednom, poput: bočica duda i nastavaka dijelova izdajalice manjih dječjih igračaka Prednosti UV sterilizacije bez vode i bez kemikalija brzo i jednostavno korištenje ne oštećuje plastiku ni silikon pogodna za svakodnevnu uporabu Sigurnost i jednostavno korištenje Sterilizator ima intuitivan touch zaslon i sigurnosni sustav koji sprječava rad kada su vrata otvorena, što ga čini sigurnim za korištenje u obitelji s djecom.	https://babynatur.hr/products/izybaby-4u1-sterilizator?variant=56414565859714	https://cdn.shopify.com/s/files/1/0943/0738/5730/files/4u1sterilizator.png?v=1772109799	https://cdn.shopify.com/s/files/1/0943/0738/5730/files/Sterilizator5.jpg?v=1772109843,https://cdn.shopify.com/s/files/1/0943/0738/5730/files/Sterilizator4.jpg?v=1772109765,https://cdn.shopify.com/s/files/1/0943/0738/5730/files/Sterilizator3.jpg?v=1772109765,https://cdn.shopify.com/s/files/1/0943/0738/5730/files/Sterilizator2.jpg?v=1772109764,https://cdn.shopify.com/s/files/1/0943/0738/5730/files/Sterilizator.jpg?v=1772109765	in_stock	new	169.90 EUR		Izybaby		no							
shopify_ZZ_15279907570050_56413805347202	15279907570050	Gnijezdo za bebe s odvojivom pletenicom - Bež	Gnijezdo za bebu s pletenicom stvara udoban i zaštićen prostor u kojem se beba može odmarati. Mekani rubovi okružuju dijete i pružaju osjećaj sigurnosti, što pomaže bebi da se smiri i opusti tijekom odmora ili boravka na krevetu, sofi ili drugoj ravnoj površini. Proizvod je osmišljen kao sigurno i ugodno mjesto za bebu tijekom budnih trenutaka i kratkog odmora. Gnijezdo nije namijenjeno prenošenju djeteta niti pomicanju dok je beba u njemu, te se uvijek treba koristiti pažljivo i uz prisutnost odrasle osobe. Posebna prednost ovog modela je pletenica koja se nakon korištenja gnijezda može odvojiti i koristiti kao zaštita za dječji krevetić. Na taj način proizvod ima dodatnu funkcionalnost i može se koristiti i nakon što beba preraste gnijezdo. Madrac od pjene pruža nježnu i ugodnu podlogu, dok je presvlaka od pamučnog baršuna nježna prema dječjoj koži. Dimenzije: Nadmadrac od pjene debljine 2 cm prekriven pamučnim baršunom. Duljina madraca: 80cm Vanjska širina: 52cm Duljina pletenice: 200cm Visina pletenice: 15cm Materijal: Pamučni baršun Certifikati: Oeko-Tex Standard 100 Komponente dječjeg gnijezda mogu se prati u perilici rublja na 30 stupnjeva Celzija na programu "ručno pranje" ili za osjetljivo rublje. Brzinu centrifuge postavite na maksimalno 800 o/min. Preporučujemo korištenje sredstva za upijanje boja za prvo pranje.	https://babynatur.hr/products/gnijezdo-za-bebe-s-odvojivom-pletenicom?variant=56413805347202	https://cdn.shopify.com/s/files/1/0943/0738/5730/files/Bez_0d570f24-f1ac-4f97-81e7-dec666af1b3d.jpg?v=1772109300	https://cdn.shopify.com/s/files/1/0943/0738/5730/files/Gnijezdo_za_bebe.png?v=1772109327,https://cdn.shopify.com/s/files/1/0943/0738/5730/files/Gnijezdozabebespletenicom.jpg?v=1772109300,https://cdn.shopify.com/s/files/1/0943/0738/5730/files/Gnijezdozabebespletenicom_3.jpg?v=1772109359,https://cdn.shopify.com/s/files/1/0943/0738/5730/files/Gnijezdozabebespletenicom_4.jpg?v=1772109394,https://cdn.shopify.com/s/files/1/0943/0738/5730/files/Gnijezdozabebespletenicom_2.jpg?v=1772109463,https://cdn.shopify.com/s/files/1/0943/0738/5730/files/Siva.jpg?v=1772109300,https://cdn.shopify.com/s/files/1/0943/0738/5730/files/Plava.jpg?v=1772109300,https://cdn.shopify.com/s/files/1/0943/0738/5730/files/Tamnoroza.jpg?v=1772109300,https://cdn.shopify.com/s/files/1/0943/0738/5730/files/Svijetlo_roza.jpg?v=1772109300	in_stock	new	80.00 EUR		Baby Natur		no						Bež	
shopify_ZZ_15279907570050_56413805379970	15279907570050	Gnijezdo za bebe s odvojivom pletenicom - Siva	Gnijezdo za bebu s pletenicom stvara udoban i zaštićen prostor u kojem se beba može odmarati. Mekani rubovi okružuju dijete i pružaju osjećaj sigurnosti, što pomaže bebi da se smiri i opusti tijekom odmora ili boravka na krevetu, sofi ili drugoj ravnoj površini. Proizvod je osmišljen kao sigurno i ugodno mjesto za bebu tijekom budnih trenutaka i kratkog odmora. Gnijezdo nije namijenjeno prenošenju djeteta niti pomicanju dok je beba u njemu, te se uvijek treba koristiti pažljivo i uz prisutnost odrasle osobe. Posebna prednost ovog modela je pletenica koja se nakon korištenja gnijezda može odvojiti i koristiti kao zaštita za dječji krevetić. Na taj način proizvod ima dodatnu funkcionalnost i može se koristiti i nakon što beba preraste gnijezdo. Madrac od pjene pruža nježnu i ugodnu podlogu, dok je presvlaka od pamučnog baršuna nježna prema dječjoj koži. Dimenzije: Nadmadrac od pjene debljine 2 cm prekriven pamučnim baršunom. Duljina madraca: 80cm Vanjska širina: 52cm Duljina pletenice: 200cm Visina pletenice: 15cm Materijal: Pamučni baršun Certifikati: Oeko-Tex Standard 100 Komponente dječjeg gnijezda mogu se prati u perilici rublja na 30 stupnjeva Celzija na programu "ručno pranje" ili za osjetljivo rublje. Brzinu centrifuge postavite na maksimalno 800 o/min. Preporučujemo korištenje sredstva za upijanje boja za prvo pranje.	https://babynatur.hr/products/gnijezdo-za-bebe-s-odvojivom-pletenicom?variant=56413805379970	https://cdn.shopify.com/s/files/1/0943/0738/5730/files/Siva.jpg?v=1772109300	https://cdn.shopify.com/s/files/1/0943/0738/5730/files/Gnijezdo_za_bebe.png?v=1772109327,https://cdn.shopify.com/s/files/1/0943/0738/5730/files/Gnijezdozabebespletenicom.jpg?v=1772109300,https://cdn.shopify.com/s/files/1/0943/0738/5730/files/Gnijezdozabebespletenicom_3.jpg?v=1772109359,https://cdn.shopify.com/s/files/1/0943/0738/5730/files/Gnijezdozabebespletenicom_4.jpg?v=1772109394,https://cdn.shopify.com/s/files/1/0943/0738/5730/files/Gnijezdozabebespletenicom_2.jpg?v=1772109463,https://cdn.shopify.com/s/files/1/0943/0738/5730/files/Plava.jpg?v=1772109300,https://cdn.shopify.com/s/files/1/0943/0738/5730/files/Bez_0d570f24-f1ac-4f97-81e7-dec666af1b3d.jpg?v=1772109300,https://cdn.shopify.com/s/files/1/0943/0738/5730/files/Tamnoroza.jpg?v=1772109300,https://cdn.shopify.com/s/files/1/0943/0738/5730/files/Svijetlo_roza.jpg?v=1772109300	in_stock	new	80.00 EUR		Baby Natur		no						Siva	
shopify_ZZ_15279907570050_56413805412738	15279907570050	Gnijezdo za bebe s odvojivom pletenicom - Plava	Gnijezdo za bebu s pletenicom stvara udoban i zaštićen prostor u kojem se beba može odmarati. Mekani rubovi okružuju dijete i pružaju osjećaj sigurnosti, što pomaže bebi da se smiri i opusti tijekom odmora ili boravka na krevetu, sofi ili drugoj ravnoj površini. Proizvod je osmišljen kao sigurno i ugodno mjesto za bebu tijekom budnih trenutaka i kratkog odmora. Gnijezdo nije namijenjeno prenošenju djeteta niti pomicanju dok je beba u njemu, te se uvijek treba koristiti pažljivo i uz prisutnost odrasle osobe. Posebna prednost ovog modela je pletenica koja se nakon korištenja gnijezda može odvojiti i koristiti kao zaštita za dječji krevetić. Na taj način proizvod ima dodatnu funkcionalnost i može se koristiti i nakon što beba preraste gnijezdo. Madrac od pjene pruža nježnu i ugodnu podlogu, dok je presvlaka od pamučnog baršuna nježna prema dječjoj koži. Dimenzije: Nadmadrac od pjene debljine 2 cm prekriven pamučnim baršunom. Duljina madraca: 80cm Vanjska širina: 52cm Duljina pletenice: 200cm Visina pletenice: 15cm Materijal: Pamučni baršun Certifikati: Oeko-Tex Standard 100 Komponente dječjeg gnijezda mogu se prati u perilici rublja na 30 stupnjeva Celzija na programu "ručno pranje" ili za osjetljivo rublje. Brzinu centrifuge postavite na maksimalno 800 o/min. Preporučujemo korištenje sredstva za upijanje boja za prvo pranje.	https://babynatur.hr/products/gnijezdo-za-bebe-s-odvojivom-pletenicom?variant=56413805412738	https://cdn.shopify.com/s/files/1/0943/0738/5730/files/Plava.jpg?v=1772109300	https://cdn.shopify.com/s/files/1/0943/0738/5730/files/Gnijezdo_za_bebe.png?v=1772109327,https://cdn.shopify.com/s/files/1/0943/0738/5730/files/Gnijezdozabebespletenicom.jpg?v=1772109300,https://cdn.shopify.com/s/files/1/0943/0738/5730/files/Gnijezdozabebespletenicom_3.jpg?v=1772109359,https://cdn.shopify.com/s/files/1/0943/0738/5730/files/Gnijezdozabebespletenicom_4.jpg?v=1772109394,https://cdn.shopify.com/s/files/1/0943/0738/5730/files/Gnijezdozabebespletenicom_2.jpg?v=1772109463,https://cdn.shopify.com/s/files/1/0943/0738/5730/files/Siva.jpg?v=1772109300,https://cdn.shopify.com/s/files/1/0943/0738/5730/files/Bez_0d570f24-f1ac-4f97-81e7-dec666af1b3d.jpg?v=1772109300,https://cdn.shopify.com/s/files/1/0943/0738/5730/files/Tamnoroza.jpg?v=1772109300,https://cdn.shopify.com/s/files/1/0943/0738/5730/files/Svijetlo_roza.jpg?v=1772109300	in_stock	new	80.00 EUR		Baby Natur		no						Plava	
shopify_ZZ_15279907570050_56413805445506	15279907570050	Gnijezdo za bebe s odvojivom pletenicom - Svijetlo roza	Gnijezdo za bebu s pletenicom stvara udoban i zaštićen prostor u kojem se beba može odmarati. Mekani rubovi okružuju dijete i pružaju osjećaj sigurnosti, što pomaže bebi da se smiri i opusti tijekom odmora ili boravka na krevetu, sofi ili drugoj ravnoj površini. Proizvod je osmišljen kao sigurno i ugodno mjesto za bebu tijekom budnih trenutaka i kratkog odmora. Gnijezdo nije namijenjeno prenošenju djeteta niti pomicanju dok je beba u njemu, te se uvijek treba koristiti pažljivo i uz prisutnost odrasle osobe. Posebna prednost ovog modela je pletenica koja se nakon korištenja gnijezda može odvojiti i koristiti kao zaštita za dječji krevetić. Na taj način proizvod ima dodatnu funkcionalnost i može se koristiti i nakon što beba preraste gnijezdo. Madrac od pjene pruža nježnu i ugodnu podlogu, dok je presvlaka od pamučnog baršuna nježna prema dječjoj koži. Dimenzije: Nadmadrac od pjene debljine 2 cm prekriven pamučnim baršunom. Duljina madraca: 80cm Vanjska širina: 52cm Duljina pletenice: 200cm Visina pletenice: 15cm Materijal: Pamučni baršun Certifikati: Oeko-Tex Standard 100 Komponente dječjeg gnijezda mogu se prati u perilici rublja na 30 stupnjeva Celzija na programu "ručno pranje" ili za osjetljivo rublje. Brzinu centrifuge postavite na maksimalno 800 o/min. Preporučujemo korištenje sredstva za upijanje boja za prvo pranje.	https://babynatur.hr/products/gnijezdo-za-bebe-s-odvojivom-pletenicom?variant=56413805445506	https://cdn.shopify.com/s/files/1/0943/0738/5730/files/Svijetlo_roza.jpg?v=1772109300	https://cdn.shopify.com/s/files/1/0943/0738/5730/files/Gnijezdo_za_bebe.png?v=1772109327,https://cdn.shopify.com/s/files/1/0943/0738/5730/files/Gnijezdozabebespletenicom.jpg?v=1772109300,https://cdn.shopify.com/s/files/1/0943/0738/5730/files/Gnijezdozabebespletenicom_3.jpg?v=1772109359,https://cdn.shopify.com/s/files/1/0943/0738/5730/files/Gnijezdozabebespletenicom_4.jpg?v=1772109394,https://cdn.shopify.com/s/files/1/0943/0738/5730/files/Gnijezdozabebespletenicom_2.jpg?v=1772109463,https://cdn.shopify.com/s/files/1/0943/0738/5730/files/Siva.jpg?v=1772109300,https://cdn.shopify.com/s/files/1/0943/0738/5730/files/Plava.jpg?v=1772109300,https://cdn.shopify.com/s/files/1/0943/0738/5730/files/Bez_0d570f24-f1ac-4f97-81e7-dec666af1b3d.jpg?v=1772109300,https://cdn.shopify.com/s/files/1/0943/0738/5730/files/Tamnoroza.jpg?v=1772109300	in_stock	new	80.00 EUR		Baby Natur		no						Svijetlo roza	
shopify_ZZ_15279907570050_56413805478274	15279907570050	Gnijezdo za bebe s odvojivom pletenicom - Tamno roza	Gnijezdo za bebu s pletenicom stvara udoban i zaštićen prostor u kojem se beba može odmarati. Mekani rubovi okružuju dijete i pružaju osjećaj sigurnosti, što pomaže bebi da se smiri i opusti tijekom odmora ili boravka na krevetu, sofi ili drugoj ravnoj površini. Proizvod je osmišljen kao sigurno i ugodno mjesto za bebu tijekom budnih trenutaka i kratkog odmora. Gnijezdo nije namijenjeno prenošenju djeteta niti pomicanju dok je beba u njemu, te se uvijek treba koristiti pažljivo i uz prisutnost odrasle osobe. Posebna prednost ovog modela je pletenica koja se nakon korištenja gnijezda može odvojiti i koristiti kao zaštita za dječji krevetić. Na taj način proizvod ima dodatnu funkcionalnost i može se koristiti i nakon što beba preraste gnijezdo. Madrac od pjene pruža nježnu i ugodnu podlogu, dok je presvlaka od pamučnog baršuna nježna prema dječjoj koži. Dimenzije: Nadmadrac od pjene debljine 2 cm prekriven pamučnim baršunom. Duljina madraca: 80cm Vanjska širina: 52cm Duljina pletenice: 200cm Visina pletenice: 15cm Materijal: Pamučni baršun Certifikati: Oeko-Tex Standard 100 Komponente dječjeg gnijezda mogu se prati u perilici rublja na 30 stupnjeva Celzija na programu "ručno pranje" ili za osjetljivo rublje. Brzinu centrifuge postavite na maksimalno 800 o/min. Preporučujemo korištenje sredstva za upijanje boja za prvo pranje.	https://babynatur.hr/products/gnijezdo-za-bebe-s-odvojivom-pletenicom?variant=56413805478274	https://cdn.shopify.com/s/files/1/0943/0738/5730/files/Tamnoroza.jpg?v=1772109300	https://cdn.shopify.com/s/files/1/0943/0738/5730/files/Gnijezdo_za_bebe.png?v=1772109327,https://cdn.shopify.com/s/files/1/0943/0738/5730/files/Gnijezdozabebespletenicom.jpg?v=1772109300,https://cdn.shopify.com/s/files/1/0943/0738/5730/files/Gnijezdozabebespletenicom_3.jpg?v=1772109359,https://cdn.shopify.com/s/files/1/0943/0738/5730/files/Gnijezdozabebespletenicom_4.jpg?v=1772109394,https://cdn.shopify.com/s/files/1/0943/0738/5730/files/Gnijezdozabebespletenicom_2.jpg?v=1772109463,https://cdn.shopify.com/s/files/1/0943/0738/5730/files/Siva.jpg?v=1772109300,https://cdn.shopify.com/s/files/1/0943/0738/5730/files/Plava.jpg?v=1772109300,https://cdn.shopify.com/s/files/1/0943/0738/5730/files/Bez_0d570f24-f1ac-4f97-81e7-dec666af1b3d.jpg?v=1772109300,https://cdn.shopify.com/s/files/1/0943/0738/5730/files/Svijetlo_roza.jpg?v=1772109300	in_stock	new	80.00 EUR		Baby Natur		no						Tamno roza	
shopify_ZZ_15223407575426_56150390112642	15223407575426	Personalizacija	Dodajte osobni pečat svom Baby Natur proizvodu. Odaberite opciju personalizacije imenom i u predviđeno polje upišite željeno ime. Ime će biti izrađeno pažljivo kako bi se estetski uklopilo u dizajn proizvoda i učinilo ga posebnim, bilo da ga birate za svoje dijete ili kao poklon. Napomena: Personalizirani proizvodi izrađuju se prema vašoj narudžbi, zbog čega ih nije moguće vratiti ili zamijeniti, osim u slučaju greške ili nedostatka na proizvodu. Molimo prije narudžbe provjerite jeste li ispravno upisali ime.	https://babynatur.hr/products/personalizacija?variant=56150390112642	https://cdn.shopify.com/s/files/1/0943/0738/5730/files/Personalzacija_4.jpg?v=1767422728	https://cdn.shopify.com/s/files/1/0943/0738/5730/files/Personalizacija1.jpg?v=1767422728,https://cdn.shopify.com/s/files/1/0943/0738/5730/files/Personalizacija_3.jpg?v=1767422728,https://cdn.shopify.com/s/files/1/0943/0738/5730/files/Personalizacija_pli_ane_dekice.jpg?v=1767422728	in_stock	new	7.00 EUR		Baby Natur		no							
shopify_ZZ_15201071956354_56054646964610	15201071956354	Poklon paket u magnetnoj kutiji	Poklon paket u magnetnoj kutiji	https://babynatur.hr/products/poklon-paket-u-magnetnoj-kutiji?variant=56054646964610	https://cdn.shopify.com/s/files/1/0943/0738/5730/files/Poklonpaketbabynatur_153299a1-9070-43db-95c6-f6f66bb9582a.png?v=1766041974		in_stock	new	0.00 EUR		Baby Natur		no							
shopify_ZZ_15192617648514_56020198293890	15192617648514	Jastuk i poplun	Baby Natur jastuk i poplun pružaju nježnu podršku i udobnu toplinu tijekom svakog sna, izrađeni od mekanih, prozračnih i sigurnih materijala koji nježno štite osjetljivu dječju kožu. Lagani, ugodni i perivi na visokim temperaturama, omogućuju čist, siguran i miran odmor kroz sva godišnja doba. Odgovaraju dimenzijama Baby Natur posteljine.	https://babynatur.hr/products/jastuk-i-poplun?variant=56020198293890	https://cdn.shopify.com/s/files/1/0943/0738/5730/files/Jastuk_i_poplun_Baby_Natur.webp?v=1764416707		in_stock	new	25.00 EUR		Baby Natur	BN-PJ	yes							
shopify_ZZ_15192589828482_56020095762818	15192589828482	100% merino prekrivač - Plava	Otkrijte savršenu kombinaciju mekoće, topline i elegancije! Prekrivač Ander izrađen je od 100% najfinije merino vune, poznate po svojoj iznimnoj nježnosti i prirodnoj toplinskoj izolaciji. Neutralne boje čine ga svestranim dodatkom svakoj dječjoj sobici, a dimenzije 75 x 100 cm savršene su za umotavanje bebe, korištenje u kolicima ili za ugodno ušuškavanje kod kuće. Merino vuna pruža vrhunsku udobnost i prirodnu zaštitu od hladnoće, pa je ovaj prekrivač idealan dar za svaku bebu – ili kao poklon kojim ćete obradovati nekoga posebnog.	https://babynatur.hr/products/merino-prekrivac?variant=56020095762818	https://cdn.shopify.com/s/files/1/0943/0738/5730/files/Personalizirana_dekica10.jpg?v=1775804947	https://cdn.shopify.com/s/files/1/0943/0738/5730/files/100_merino_prekrivac.webp?v=1764412937,https://cdn.shopify.com/s/files/1/0943/0738/5730/files/100_merino_prekrivac7.webp?v=1764413086,https://cdn.shopify.com/s/files/1/0943/0738/5730/files/Personalizirana_dekica.jpg?v=1775803980,https://cdn.shopify.com/s/files/1/0943/0738/5730/files/Personalizirana_dekica1.jpg?v=1775804130,https://cdn.shopify.com/s/files/1/0943/0738/5730/files/Personalizirana_dekica3.jpg?v=1775804286,https://cdn.shopify.com/s/files/1/0943/0738/5730/files/Personalizirana_dekica5.jpg?v=1775804604,https://cdn.shopify.com/s/files/1/0943/0738/5730/files/100_merino_prekrivac9.webp?v=1775803827,https://cdn.shopify.com/s/files/1/0943/0738/5730/files/Personalizirana_dekica213.jpg?v=1775805216,https://cdn.shopify.com/s/files/1/0943/0738/5730/files/IMG_4284.jpg?v=1775803827,https://cdn.shopify.com/s/files/1/0943/0738/5730/files/100_merino_prekrivac8.webp?v=1775803827	in_stock	new	55.00 EUR		Baby Natur		no		Prekrivači				Plava	
shopify_ZZ_15192589828482_56020095795586	15192589828482	100% merino prekrivač - Roza	Otkrijte savršenu kombinaciju mekoće, topline i elegancije! Prekrivač Ander izrađen je od 100% najfinije merino vune, poznate po svojoj iznimnoj nježnosti i prirodnoj toplinskoj izolaciji. Neutralne boje čine ga svestranim dodatkom svakoj dječjoj sobici, a dimenzije 75 x 100 cm savršene su za umotavanje bebe, korištenje u kolicima ili za ugodno ušuškavanje kod kuće. Merino vuna pruža vrhunsku udobnost i prirodnu zaštitu od hladnoće, pa je ovaj prekrivač idealan dar za svaku bebu – ili kao poklon kojim ćete obradovati nekoga posebnog.	https://babynatur.hr/products/merino-prekrivac?variant=56020095795586	https://cdn.shopify.com/s/files/1/0943/0738/5730/files/Personalizirana_dekica.jpg?v=1775803980	https://cdn.shopify.com/s/files/1/0943/0738/5730/files/100_merino_prekrivac.webp?v=1764412937,https://cdn.shopify.com/s/files/1/0943/0738/5730/files/100_merino_prekrivac7.webp?v=1764413086,https://cdn.shopify.com/s/files/1/0943/0738/5730/files/Personalizirana_dekica1.jpg?v=1775804130,https://cdn.shopify.com/s/files/1/0943/0738/5730/files/Personalizirana_dekica3.jpg?v=1775804286,https://cdn.shopify.com/s/files/1/0943/0738/5730/files/Personalizirana_dekica5.jpg?v=1775804604,https://cdn.shopify.com/s/files/1/0943/0738/5730/files/Personalizirana_dekica10.jpg?v=1775804947,https://cdn.shopify.com/s/files/1/0943/0738/5730/files/100_merino_prekrivac9.webp?v=1775803827,https://cdn.shopify.com/s/files/1/0943/0738/5730/files/Personalizirana_dekica213.jpg?v=1775805216,https://cdn.shopify.com/s/files/1/0943/0738/5730/files/IMG_4284.jpg?v=1775803827,https://cdn.shopify.com/s/files/1/0943/0738/5730/files/100_merino_prekrivac8.webp?v=1775803827	in_stock	new	55.00 EUR		Baby Natur		no		Prekrivači				Roza	
shopify_ZZ_15192589828482_56300382650754	15192589828482	100% merino prekrivač - Krem	Otkrijte savršenu kombinaciju mekoće, topline i elegancije! Prekrivač Ander izrađen je od 100% najfinije merino vune, poznate po svojoj iznimnoj nježnosti i prirodnoj toplinskoj izolaciji. Neutralne boje čine ga svestranim dodatkom svakoj dječjoj sobici, a dimenzije 75 x 100 cm savršene su za umotavanje bebe, korištenje u kolicima ili za ugodno ušuškavanje kod kuće. Merino vuna pruža vrhunsku udobnost i prirodnu zaštitu od hladnoće, pa je ovaj prekrivač idealan dar za svaku bebu – ili kao poklon kojim ćete obradovati nekoga posebnog.	https://babynatur.hr/products/merino-prekrivac?variant=56300382650754	https://cdn.shopify.com/s/files/1/0943/0738/5730/files/IMG_4284.jpg?v=1775803827	https://cdn.shopify.com/s/files/1/0943/0738/5730/files/100_merino_prekrivac.webp?v=1764412937,https://cdn.shopify.com/s/files/1/0943/0738/5730/files/100_merino_prekrivac7.webp?v=1764413086,https://cdn.shopify.com/s/files/1/0943/0738/5730/files/Personalizirana_dekica.jpg?v=1775803980,https://cdn.shopify.com/s/files/1/0943/0738/5730/files/Personalizirana_dekica1.jpg?v=1775804130,https://cdn.shopify.com/s/files/1/0943/0738/5730/files/Personalizirana_dekica3.jpg?v=1775804286,https://cdn.shopify.com/s/files/1/0943/0738/5730/files/Personalizirana_dekica5.jpg?v=1775804604,https://cdn.shopify.com/s/files/1/0943/0738/5730/files/Personalizirana_dekica10.jpg?v=1775804947,https://cdn.shopify.com/s/files/1/0943/0738/5730/files/100_merino_prekrivac9.webp?v=1775803827,https://cdn.shopify.com/s/files/1/0943/0738/5730/files/Personalizirana_dekica213.jpg?v=1775805216,https://cdn.shopify.com/s/files/1/0943/0738/5730/files/100_merino_prekrivac8.webp?v=1775803827	in_stock	new	55.00 EUR		Baby Natur		no		Prekrivači				Krem	
shopify_ZZ_15192589828482_56815152038274	15192589828482	100% merino prekrivač - Siva	Otkrijte savršenu kombinaciju mekoće, topline i elegancije! Prekrivač Ander izrađen je od 100% najfinije merino vune, poznate po svojoj iznimnoj nježnosti i prirodnoj toplinskoj izolaciji. Neutralne boje čine ga svestranim dodatkom svakoj dječjoj sobici, a dimenzije 75 x 100 cm savršene su za umotavanje bebe, korištenje u kolicima ili za ugodno ušuškavanje kod kuće. Merino vuna pruža vrhunsku udobnost i prirodnu zaštitu od hladnoće, pa je ovaj prekrivač idealan dar za svaku bebu – ili kao poklon kojim ćete obradovati nekoga posebnog.	https://babynatur.hr/products/merino-prekrivac?variant=56815152038274	https://cdn.shopify.com/s/files/1/0943/0738/5730/files/IMG_8519.jpg?v=1785610171	https://cdn.shopify.com/s/files/1/0943/0738/5730/files/100_merino_prekrivac.webp?v=1764412937,https://cdn.shopify.com/s/files/1/0943/0738/5730/files/100_merino_prekrivac7.webp?v=1764413086,https://cdn.shopify.com/s/files/1/0943/0738/5730/files/Personalizirana_dekica.jpg?v=1775803980,https://cdn.shopify.com/s/files/1/0943/0738/5730/files/Personalizirana_dekica1.jpg?v=1775804130,https://cdn.shopify.com/s/files/1/0943/0738/5730/files/Personalizirana_dekica3.jpg?v=1775804286,https://cdn.shopify.com/s/files/1/0943/0738/5730/files/Personalizirana_dekica5.jpg?v=1775804604,https://cdn.shopify.com/s/files/1/0943/0738/5730/files/Personalizirana_dekica10.jpg?v=1775804947,https://cdn.shopify.com/s/files/1/0943/0738/5730/files/100_merino_prekrivac9.webp?v=1775803827,https://cdn.shopify.com/s/files/1/0943/0738/5730/files/Personalizirana_dekica213.jpg?v=1775805216,https://cdn.shopify.com/s/files/1/0943/0738/5730/files/IMG_4284.jpg?v=1775803827	in_stock	new	55.00 EUR		Baby Natur		no		Prekrivači				Siva	
shopify_ZZ_15192587108738_56020086718850	15192587108738	Pamučne pletene dekice - Plava	Pletene dekice izrađene su od 100% organskog pamuka, što ih čini izuzetno mekanima, prozračnima i nježnima za osjetljivu dječju kožu. Dimenzija 80×100 cm idealna je za korištenje u kolijevci, dječjim kolicima ili kao lagani pokrivač.	https://babynatur.hr/products/pletene-dekice?variant=56020086718850	https://cdn.shopify.com/s/files/1/0943/0738/5730/files/Djecja_pletena_dekica_plava_1.webp?v=1764412579	https://cdn.shopify.com/s/files/1/0943/0738/5730/files/Djecja_pletena_dekica_plava.webp?v=1764412257,https://cdn.shopify.com/s/files/1/0943/0738/5730/files/Djecja_pletena_dekica.webp?v=1764412264,https://cdn.shopify.com/s/files/1/0943/0738/5730/files/Djecja_pletena_dekica2.webp?v=1764412281,https://cdn.shopify.com/s/files/1/0943/0738/5730/files/Djecja_pletena_dekica4.webp?v=1764412292,https://cdn.shopify.com/s/files/1/0943/0738/5730/files/Djecja_pletena_dekica_5.webp?v=1764412312,https://cdn.shopify.com/s/files/1/0943/0738/5730/files/Djecja_pletena_dekica6.webp?v=1764412321,https://cdn.shopify.com/s/files/1/0943/0738/5730/files/Djecja_pletena_dekica7.webp?v=1764412331,https://cdn.shopify.com/s/files/1/0943/0738/5730/files/Djecja_pletena_dekica8.webp?v=1764412339,https://cdn.shopify.com/s/files/1/0943/0738/5730/files/Djecja_pletena_dekica9.webp?v=1764412347,https://cdn.shopify.com/s/files/1/0943/0738/5730/files/DSC03305.webp?v=1764412579	in_stock	new	38.50 EUR		Baby Natur		no		Prekrivači				Plava	
shopify_ZZ_15192587108738_56020086948226	15192587108738	Pamučne pletene dekice - Roza	Pletene dekice izrađene su od 100% organskog pamuka, što ih čini izuzetno mekanima, prozračnima i nježnima za osjetljivu dječju kožu. Dimenzija 80×100 cm idealna je za korištenje u kolijevci, dječjim kolicima ili kao lagani pokrivač.	https://babynatur.hr/products/pletene-dekice?variant=56020086948226	https://cdn.shopify.com/s/files/1/0943/0738/5730/files/Djecja_pletena_dekica_roza.webp?v=1764412579	https://cdn.shopify.com/s/files/1/0943/0738/5730/files/Djecja_pletena_dekica_plava.webp?v=1764412257,https://cdn.shopify.com/s/files/1/0943/0738/5730/files/Djecja_pletena_dekica.webp?v=1764412264,https://cdn.shopify.com/s/files/1/0943/0738/5730/files/Djecja_pletena_dekica2.webp?v=1764412281,https://cdn.shopify.com/s/files/1/0943/0738/5730/files/Djecja_pletena_dekica4.webp?v=1764412292,https://cdn.shopify.com/s/files/1/0943/0738/5730/files/Djecja_pletena_dekica_5.webp?v=1764412312,https://cdn.shopify.com/s/files/1/0943/0738/5730/files/Djecja_pletena_dekica6.webp?v=1764412321,https://cdn.shopify.com/s/files/1/0943/0738/5730/files/Djecja_pletena_dekica7.webp?v=1764412331,https://cdn.shopify.com/s/files/1/0943/0738/5730/files/Djecja_pletena_dekica8.webp?v=1764412339,https://cdn.shopify.com/s/files/1/0943/0738/5730/files/Djecja_pletena_dekica9.webp?v=1764412347,https://cdn.shopify.com/s/files/1/0943/0738/5730/files/DSC03305.webp?v=1764412579	out_of_stock	new	38.50 EUR		Baby Natur		no		Prekrivači				Roza	
shopify_ZZ_15192587108738_56020087996802	15192587108738	Pamučne pletene dekice - Zelena	Pletene dekice izrađene su od 100% organskog pamuka, što ih čini izuzetno mekanima, prozračnima i nježnima za osjetljivu dječju kožu. Dimenzija 80×100 cm idealna je za korištenje u kolijevci, dječjim kolicima ili kao lagani pokrivač.	https://babynatur.hr/products/pletene-dekice?variant=56020087996802	https://cdn.shopify.com/s/files/1/0943/0738/5730/files/Djecja_pletena_dekica_zelena.webp?v=1764412579	https://cdn.shopify.com/s/files/1/0943/0738/5730/files/Djecja_pletena_dekica_plava.webp?v=1764412257,https://cdn.shopify.com/s/files/1/0943/0738/5730/files/Djecja_pletena_dekica.webp?v=1764412264,https://cdn.shopify.com/s/files/1/0943/0738/5730/files/Djecja_pletena_dekica2.webp?v=1764412281,https://cdn.shopify.com/s/files/1/0943/0738/5730/files/Djecja_pletena_dekica4.webp?v=1764412292,https://cdn.shopify.com/s/files/1/0943/0738/5730/files/Djecja_pletena_dekica_5.webp?v=1764412312,https://cdn.shopify.com/s/files/1/0943/0738/5730/files/Djecja_pletena_dekica6.webp?v=1764412321,https://cdn.shopify.com/s/files/1/0943/0738/5730/files/Djecja_pletena_dekica7.webp?v=1764412331,https://cdn.shopify.com/s/files/1/0943/0738/5730/files/Djecja_pletena_dekica8.webp?v=1764412339,https://cdn.shopify.com/s/files/1/0943/0738/5730/files/Djecja_pletena_dekica9.webp?v=1764412347,https://cdn.shopify.com/s/files/1/0943/0738/5730/files/DSC03305.webp?v=1764412579	out_of_stock	new	38.50 EUR		Baby Natur		no		Prekrivači				Zelena	
shopify_ZZ_15192587108738_56020092846466	15192587108738	Pamučne pletene dekice - Krem	Pletene dekice izrađene su od 100% organskog pamuka, što ih čini izuzetno mekanima, prozračnima i nježnima za osjetljivu dječju kožu. Dimenzija 80×100 cm idealna je za korištenje u kolijevci, dječjim kolicima ili kao lagani pokrivač.	https://babynatur.hr/products/pletene-dekice?variant=56020092846466	https://cdn.shopify.com/s/files/1/0943/0738/5730/files/Djecja_pletena_dekica_krem.webp?v=1764412579	https://cdn.shopify.com/s/files/1/0943/0738/5730/files/Djecja_pletena_dekica_plava.webp?v=1764412257,https://cdn.shopify.com/s/files/1/0943/0738/5730/files/Djecja_pletena_dekica.webp?v=1764412264,https://cdn.shopify.com/s/files/1/0943/0738/5730/files/Djecja_pletena_dekica2.webp?v=1764412281,https://cdn.shopify.com/s/files/1/0943/0738/5730/files/Djecja_pletena_dekica4.webp?v=1764412292,https://cdn.shopify.com/s/files/1/0943/0738/5730/files/Djecja_pletena_dekica_5.webp?v=1764412312,https://cdn.shopify.com/s/files/1/0943/0738/5730/files/Djecja_pletena_dekica6.webp?v=1764412321,https://cdn.shopify.com/s/files/1/0943/0738/5730/files/Djecja_pletena_dekica7.webp?v=1764412331,https://cdn.shopify.com/s/files/1/0943/0738/5730/files/Djecja_pletena_dekica8.webp?v=1764412339,https://cdn.shopify.com/s/files/1/0943/0738/5730/files/Djecja_pletena_dekica9.webp?v=1764412347,https://cdn.shopify.com/s/files/1/0943/0738/5730/files/DSC03305.webp?v=1764412579	out_of_stock	new	38.50 EUR		Baby Natur		no		Prekrivači				Krem	
shopify_ZZ_15192392499586_56309107982722	15192392499586	Zaštitna ogradica pletenica za kinderbet STANDARD BUKLE - 140cm / Roza	Pletenica za kinderbet BUKLE - ogradica za kinderbet izrađena od premium bukle, s antibakterijskom i antialergijskom ispunom - stvara nježni zagrljaj sigurnosti oko vaše bebe, štiteći je od udaraca tijekom sna. Uronite u mekoću i sigurnost - naša pletenica-ogradica za kinderbet spoj je nježnosti ručne izrade, najveće kvalitete i zaštite koju vaša beba zaslužuje. Specifikacija proizvoda Sastav: 100% premium bukle (Poliester) Visina: cca. 15 cm Debljina: cca. 6 cm	https://babynatur.hr/products/zastitna-ogradica-pletenica-za-kinderbe-bukle?variant=56309107982722	https://cdn.shopify.com/s/files/1/0943/0738/5730/files/Roza_bukle_pletenica.png?v=1776461309	https://cdn.shopify.com/s/files/1/0943/0738/5730/files/Pletenica_Bukle.jpg?v=1768341427,https://cdn.shopify.com/s/files/1/0943/0738/5730/files/Bukle_pletenica.png?v=1768341427,https://cdn.shopify.com/s/files/1/0943/0738/5730/files/Dimenzije-prema-krevetu-1.png?v=1776579304,https://cdn.shopify.com/s/files/1/0943/0738/5730/files/Ecru_bukle_pletenica.png?v=1776491891,https://cdn.shopify.com/s/files/1/0943/0738/5730/files/bijela_bukle_pletenica.png?v=1776461309,https://cdn.shopify.com/s/files/1/0943/0738/5730/files/sme_a_pletenica.png?v=1776461309	in_stock	new	37.00 EUR		Baby Natur		no		Zaštitne ogradice za dječji krevetić	140cm			Roza	
shopify_ZZ_15192392499586_56309108015490	15192392499586	Zaštitna ogradica pletenica za kinderbet STANDARD BUKLE - 140cm / Krem	Pletenica za kinderbet BUKLE - ogradica za kinderbet izrađena od premium bukle, s antibakterijskom i antialergijskom ispunom - stvara nježni zagrljaj sigurnosti oko vaše bebe, štiteći je od udaraca tijekom sna. Uronite u mekoću i sigurnost - naša pletenica-ogradica za kinderbet spoj je nježnosti ručne izrade, najveće kvalitete i zaštite koju vaša beba zaslužuje. Specifikacija proizvoda Sastav: 100% premium bukle (Poliester) Visina: cca. 15 cm Debljina: cca. 6 cm	https://babynatur.hr/products/zastitna-ogradica-pletenica-za-kinderbe-bukle?variant=56309108015490	https://cdn.shopify.com/s/files/1/0943/0738/5730/files/Ecru_bukle_pletenica.png?v=1776491891	https://cdn.shopify.com/s/files/1/0943/0738/5730/files/Pletenica_Bukle.jpg?v=1768341427,https://cdn.shopify.com/s/files/1/0943/0738/5730/files/Bukle_pletenica.png?v=1768341427,https://cdn.shopify.com/s/files/1/0943/0738/5730/files/Dimenzije-prema-krevetu-1.png?v=1776579304,https://cdn.shopify.com/s/files/1/0943/0738/5730/files/Roza_bukle_pletenica.png?v=1776461309,https://cdn.shopify.com/s/files/1/0943/0738/5730/files/bijela_bukle_pletenica.png?v=1776461309,https://cdn.shopify.com/s/files/1/0943/0738/5730/files/sme_a_pletenica.png?v=1776461309	in_stock	new	37.00 EUR		Baby Natur		no		Zaštitne ogradice za dječji krevetić	140cm			Krem	
shopify_ZZ_15192392499586_56309108048258	15192392499586	Zaštitna ogradica pletenica za kinderbet STANDARD BUKLE - 140cm / Bijela	Pletenica za kinderbet BUKLE - ogradica za kinderbet izrađena od premium bukle, s antibakterijskom i antialergijskom ispunom - stvara nježni zagrljaj sigurnosti oko vaše bebe, štiteći je od udaraca tijekom sna. Uronite u mekoću i sigurnost - naša pletenica-ogradica za kinderbet spoj je nježnosti ručne izrade, najveće kvalitete i zaštite koju vaša beba zaslužuje. Specifikacija proizvoda Sastav: 100% premium bukle (Poliester) Visina: cca. 15 cm Debljina: cca. 6 cm	https://babynatur.hr/products/zastitna-ogradica-pletenica-za-kinderbe-bukle?variant=56309108048258	https://cdn.shopify.com/s/files/1/0943/0738/5730/files/bijela_bukle_pletenica.png?v=1776461309	https://cdn.shopify.com/s/files/1/0943/0738/5730/files/Pletenica_Bukle.jpg?v=1768341427,https://cdn.shopify.com/s/files/1/0943/0738/5730/files/Bukle_pletenica.png?v=1768341427,https://cdn.shopify.com/s/files/1/0943/0738/5730/files/Dimenzije-prema-krevetu-1.png?v=1776579304,https://cdn.shopify.com/s/files/1/0943/0738/5730/files/Roza_bukle_pletenica.png?v=1776461309,https://cdn.shopify.com/s/files/1/0943/0738/5730/files/Ecru_bukle_pletenica.png?v=1776491891,https://cdn.shopify.com/s/files/1/0943/0738/5730/files/sme_a_pletenica.png?v=1776461309	in_stock	new	37.00 EUR		Baby Natur		no		Zaštitne ogradice za dječji krevetić	140cm			Bijela	
shopify_ZZ_15192392499586_56309108081026	15192392499586	Zaštitna ogradica pletenica za kinderbet STANDARD BUKLE - 140cm / Smeđa	Pletenica za kinderbet BUKLE - ogradica za kinderbet izrađena od premium bukle, s antibakterijskom i antialergijskom ispunom - stvara nježni zagrljaj sigurnosti oko vaše bebe, štiteći je od udaraca tijekom sna. Uronite u mekoću i sigurnost - naša pletenica-ogradica za kinderbet spoj je nježnosti ručne izrade, najveće kvalitete i zaštite koju vaša beba zaslužuje. Specifikacija proizvoda Sastav: 100% premium bukle (Poliester) Visina: cca. 15 cm Debljina: cca. 6 cm	https://babynatur.hr/products/zastitna-ogradica-pletenica-za-kinderbe-bukle?variant=56309108081026	https://cdn.shopify.com/s/files/1/0943/0738/5730/files/sme_a_pletenica.png?v=1776461309	https://cdn.shopify.com/s/files/1/0943/0738/5730/files/Pletenica_Bukle.jpg?v=1768341427,https://cdn.shopify.com/s/files/1/0943/0738/5730/files/Bukle_pletenica.png?v=1768341427,https://cdn.shopify.com/s/files/1/0943/0738/5730/files/Dimenzije-prema-krevetu-1.png?v=1776579304,https://cdn.shopify.com/s/files/1/0943/0738/5730/files/Roza_bukle_pletenica.png?v=1776461309,https://cdn.shopify.com/s/files/1/0943/0738/5730/files/Ecru_bukle_pletenica.png?v=1776491891,https://cdn.shopify.com/s/files/1/0943/0738/5730/files/bijela_bukle_pletenica.png?v=1776461309	in_stock	new	37.00 EUR		Baby Natur		no		Zaštitne ogradice za dječji krevetić	140cm			Smeđa	
shopify_ZZ_15192392499586_56309108113794	15192392499586	Zaštitna ogradica pletenica za kinderbet STANDARD BUKLE - 180cm / Roza	Pletenica za kinderbet BUKLE - ogradica za kinderbet izrađena od premium bukle, s antibakterijskom i antialergijskom ispunom - stvara nježni zagrljaj sigurnosti oko vaše bebe, štiteći je od udaraca tijekom sna. Uronite u mekoću i sigurnost - naša pletenica-ogradica za kinderbet spoj je nježnosti ručne izrade, najveće kvalitete i zaštite koju vaša beba zaslužuje. Specifikacija proizvoda Sastav: 100% premium bukle (Poliester) Visina: cca. 15 cm Debljina: cca. 6 cm	https://babynatur.hr/products/zastitna-ogradica-pletenica-za-kinderbe-bukle?variant=56309108113794	https://cdn.shopify.com/s/files/1/0943/0738/5730/files/Roza_bukle_pletenica.png?v=1776461309	https://cdn.shopify.com/s/files/1/0943/0738/5730/files/Pletenica_Bukle.jpg?v=1768341427,https://cdn.shopify.com/s/files/1/0943/0738/5730/files/Bukle_pletenica.png?v=1768341427,https://cdn.shopify.com/s/files/1/0943/0738/5730/files/Dimenzije-prema-krevetu-1.png?v=1776579304,https://cdn.shopify.com/s/files/1/0943/0738/5730/files/Ecru_bukle_pletenica.png?v=1776491891,https://cdn.shopify.com/s/files/1/0943/0738/5730/files/bijela_bukle_pletenica.png?v=1776461309,https://cdn.shopify.com/s/files/1/0943/0738/5730/files/sme_a_pletenica.png?v=1776461309	in_stock	new	48.00 EUR		Baby Natur		no		Zaštitne ogradice za dječji krevetić	180cm			Roza	
shopify_ZZ_15192392499586_56309108146562	15192392499586	Zaštitna ogradica pletenica za kinderbet STANDARD BUKLE - 180cm / Krem	Pletenica za kinderbet BUKLE - ogradica za kinderbet izrađena od premium bukle, s antibakterijskom i antialergijskom ispunom - stvara nježni zagrljaj sigurnosti oko vaše bebe, štiteći je od udaraca tijekom sna. Uronite u mekoću i sigurnost - naša pletenica-ogradica za kinderbet spoj je nježnosti ručne izrade, najveće kvalitete i zaštite koju vaša beba zaslužuje. Specifikacija proizvoda Sastav: 100% premium bukle (Poliester) Visina: cca. 15 cm Debljina: cca. 6 cm	https://babynatur.hr/products/zastitna-ogradica-pletenica-za-kinderbe-bukle?variant=56309108146562	https://cdn.shopify.com/s/files/1/0943/0738/5730/files/Ecru_bukle_pletenica.png?v=1776491891	https://cdn.shopify.com/s/files/1/0943/0738/5730/files/Pletenica_Bukle.jpg?v=1768341427,https://cdn.shopify.com/s/files/1/0943/0738/5730/files/Bukle_pletenica.png?v=1768341427,https://cdn.shopify.com/s/files/1/0943/0738/5730/files/Dimenzije-prema-krevetu-1.png?v=1776579304,https://cdn.shopify.com/s/files/1/0943/0738/5730/files/Roza_bukle_pletenica.png?v=1776461309,https://cdn.shopify.com/s/files/1/0943/0738/5730/files/bijela_bukle_pletenica.png?v=1776461309,https://cdn.shopify.com/s/files/1/0943/0738/5730/files/sme_a_pletenica.png?v=1776461309	in_stock	new	48.00 EUR		Baby Natur		no		Zaštitne ogradice za dječji krevetić	180cm			Krem	
shopify_ZZ_15192392499586_56309108179330	15192392499586	Zaštitna ogradica pletenica za kinderbet STANDARD BUKLE - 180cm / Bijela	Pletenica za kinderbet BUKLE - ogradica za kinderbet izrađena od premium bukle, s antibakterijskom i antialergijskom ispunom - stvara nježni zagrljaj sigurnosti oko vaše bebe, štiteći je od udaraca tijekom sna. Uronite u mekoću i sigurnost - naša pletenica-ogradica za kinderbet spoj je nježnosti ručne izrade, najveće kvalitete i zaštite koju vaša beba zaslužuje. Specifikacija proizvoda Sastav: 100% premium bukle (Poliester) Visina: cca. 15 cm Debljina: cca. 6 cm	https://babynatur.hr/products/zastitna-ogradica-pletenica-za-kinderbe-bukle?variant=56309108179330	https://cdn.shopify.com/s/files/1/0943/0738/5730/files/bijela_bukle_pletenica.png?v=1776461309	https://cdn.shopify.com/s/files/1/0943/0738/5730/files/Pletenica_Bukle.jpg?v=1768341427,https://cdn.shopify.com/s/files/1/0943/0738/5730/files/Bukle_pletenica.png?v=1768341427,https://cdn.shopify.com/s/files/1/0943/0738/5730/files/Dimenzije-prema-krevetu-1.png?v=1776579304,https://cdn.shopify.com/s/files/1/0943/0738/5730/files/Roza_bukle_pletenica.png?v=1776461309,https://cdn.shopify.com/s/files/1/0943/0738/5730/files/Ecru_bukle_pletenica.png?v=1776491891,https://cdn.shopify.com/s/files/1/0943/0738/5730/files/sme_a_pletenica.png?v=1776461309	in_stock	new	48.00 EUR		Baby Natur		no		Zaštitne ogradice za dječji krevetić	180cm			Bijela	
shopify_ZZ_15192392499586_56309108212098	15192392499586	Zaštitna ogradica pletenica za kinderbet STANDARD BUKLE - 180cm / Smeđa	Pletenica za kinderbet BUKLE - ogradica za kinderbet izrađena od premium bukle, s antibakterijskom i antialergijskom ispunom - stvara nježni zagrljaj sigurnosti oko vaše bebe, štiteći je od udaraca tijekom sna. Uronite u mekoću i sigurnost - naša pletenica-ogradica za kinderbet spoj je nježnosti ručne izrade, najveće kvalitete i zaštite koju vaša beba zaslužuje. Specifikacija proizvoda Sastav: 100% premium bukle (Poliester) Visina: cca. 15 cm Debljina: cca. 6 cm	https://babynatur.hr/products/zastitna-ogradica-pletenica-za-kinderbe-bukle?variant=56309108212098	https://cdn.shopify.com/s/files/1/0943/0738/5730/files/sme_a_pletenica.png?v=1776461309	https://cdn.shopify.com/s/files/1/0943/0738/5730/files/Pletenica_Bukle.jpg?v=1768341427,https://cdn.shopify.com/s/files/1/0943/0738/5730/files/Bukle_pletenica.png?v=1768341427,https://cdn.shopify.com/s/files/1/0943/0738/5730/files/Dimenzije-prema-krevetu-1.png?v=1776579304,https://cdn.shopify.com/s/files/1/0943/0738/5730/files/Roza_bukle_pletenica.png?v=1776461309,https://cdn.shopify.com/s/files/1/0943/0738/5730/files/Ecru_bukle_pletenica.png?v=1776491891,https://cdn.shopify.com/s/files/1/0943/0738/5730/files/bijela_bukle_pletenica.png?v=1776461309	in_stock	new	48.00 EUR		Baby Natur		no		Zaštitne ogradice za dječji krevetić	180cm			Smeđa	
shopify_ZZ_15192392499586_56206306050434	15192392499586	Zaštitna ogradica pletenica za kinderbet STANDARD BUKLE - 200cm / Roza	Pletenica za kinderbet BUKLE - ogradica za kinderbet izrađena od premium bukle, s antibakterijskom i antialergijskom ispunom - stvara nježni zagrljaj sigurnosti oko vaše bebe, štiteći je od udaraca tijekom sna. Uronite u mekoću i sigurnost - naša pletenica-ogradica za kinderbet spoj je nježnosti ručne izrade, najveće kvalitete i zaštite koju vaša beba zaslužuje. Specifikacija proizvoda Sastav: 100% premium bukle (Poliester) Visina: cca. 15 cm Debljina: cca. 6 cm	https://babynatur.hr/products/zastitna-ogradica-pletenica-za-kinderbe-bukle?variant=56206306050434	https://cdn.shopify.com/s/files/1/0943/0738/5730/files/Roza_bukle_pletenica.png?v=1776461309	https://cdn.shopify.com/s/files/1/0943/0738/5730/files/Pletenica_Bukle.jpg?v=1768341427,https://cdn.shopify.com/s/files/1/0943/0738/5730/files/Bukle_pletenica.png?v=1768341427,https://cdn.shopify.com/s/files/1/0943/0738/5730/files/Dimenzije-prema-krevetu-1.png?v=1776579304,https://cdn.shopify.com/s/files/1/0943/0738/5730/files/Ecru_bukle_pletenica.png?v=1776491891,https://cdn.shopify.com/s/files/1/0943/0738/5730/files/bijela_bukle_pletenica.png?v=1776461309,https://cdn.shopify.com/s/files/1/0943/0738/5730/files/sme_a_pletenica.png?v=1776461309	in_stock	new	55.00 EUR		Baby Natur	BN-PG-1-10	yes		Zaštitne ogradice za dječji krevetić	200cm			Roza	
shopify_ZZ_15192392499586_56206705099138	15192392499586	Zaštitna ogradica pletenica za kinderbet STANDARD BUKLE - 200cm / Krem	Pletenica za kinderbet BUKLE - ogradica za kinderbet izrađena od premium bukle, s antibakterijskom i antialergijskom ispunom - stvara nježni zagrljaj sigurnosti oko vaše bebe, štiteći je od udaraca tijekom sna. Uronite u mekoću i sigurnost - naša pletenica-ogradica za kinderbet spoj je nježnosti ručne izrade, najveće kvalitete i zaštite koju vaša beba zaslužuje. Specifikacija proizvoda Sastav: 100% premium bukle (Poliester) Visina: cca. 15 cm Debljina: cca. 6 cm	https://babynatur.hr/products/zastitna-ogradica-pletenica-za-kinderbe-bukle?variant=56206705099138	https://cdn.shopify.com/s/files/1/0943/0738/5730/files/Ecru_bukle_pletenica.png?v=1776491891	https://cdn.shopify.com/s/files/1/0943/0738/5730/files/Pletenica_Bukle.jpg?v=1768341427,https://cdn.shopify.com/s/files/1/0943/0738/5730/files/Bukle_pletenica.png?v=1768341427,https://cdn.shopify.com/s/files/1/0943/0738/5730/files/Dimenzije-prema-krevetu-1.png?v=1776579304,https://cdn.shopify.com/s/files/1/0943/0738/5730/files/Roza_bukle_pletenica.png?v=1776461309,https://cdn.shopify.com/s/files/1/0943/0738/5730/files/bijela_bukle_pletenica.png?v=1776461309,https://cdn.shopify.com/s/files/1/0943/0738/5730/files/sme_a_pletenica.png?v=1776461309	in_stock	new	55.00 EUR		Baby Natur		no		Zaštitne ogradice za dječji krevetić	200cm			Krem	
shopify_ZZ_15192392499586_56206705131906	15192392499586	Zaštitna ogradica pletenica za kinderbet STANDARD BUKLE - 200cm / Bijela	Pletenica za kinderbet BUKLE - ogradica za kinderbet izrađena od premium bukle, s antibakterijskom i antialergijskom ispunom - stvara nježni zagrljaj sigurnosti oko vaše bebe, štiteći je od udaraca tijekom sna. Uronite u mekoću i sigurnost - naša pletenica-ogradica za kinderbet spoj je nježnosti ručne izrade, najveće kvalitete i zaštite koju vaša beba zaslužuje. Specifikacija proizvoda Sastav: 100% premium bukle (Poliester) Visina: cca. 15 cm Debljina: cca. 6 cm	https://babynatur.hr/products/zastitna-ogradica-pletenica-za-kinderbe-bukle?variant=56206705131906	https://cdn.shopify.com/s/files/1/0943/0738/5730/files/bijela_bukle_pletenica.png?v=1776461309	https://cdn.shopify.com/s/files/1/0943/0738/5730/files/Pletenica_Bukle.jpg?v=1768341427,https://cdn.shopify.com/s/files/1/0943/0738/5730/files/Bukle_pletenica.png?v=1768341427,https://cdn.shopify.com/s/files/1/0943/0738/5730/files/Dimenzije-prema-krevetu-1.png?v=1776579304,https://cdn.shopify.com/s/files/1/0943/0738/5730/files/Roza_bukle_pletenica.png?v=1776461309,https://cdn.shopify.com/s/files/1/0943/0738/5730/files/Ecru_bukle_pletenica.png?v=1776491891,https://cdn.shopify.com/s/files/1/0943/0738/5730/files/sme_a_pletenica.png?v=1776461309	in_stock	new	55.00 EUR		Baby Natur		no		Zaštitne ogradice za dječji krevetić	200cm			Bijela	
shopify_ZZ_15192392499586_56206705164674	15192392499586	Zaštitna ogradica pletenica za kinderbet STANDARD BUKLE - 200cm / Smeđa	Pletenica za kinderbet BUKLE - ogradica za kinderbet izrađena od premium bukle, s antibakterijskom i antialergijskom ispunom - stvara nježni zagrljaj sigurnosti oko vaše bebe, štiteći je od udaraca tijekom sna. Uronite u mekoću i sigurnost - naša pletenica-ogradica za kinderbet spoj je nježnosti ručne izrade, najveće kvalitete i zaštite koju vaša beba zaslužuje. Specifikacija proizvoda Sastav: 100% premium bukle (Poliester) Visina: cca. 15 cm Debljina: cca. 6 cm	https://babynatur.hr/products/zastitna-ogradica-pletenica-za-kinderbe-bukle?variant=56206705164674	https://cdn.shopify.com/s/files/1/0943/0738/5730/files/sme_a_pletenica.png?v=1776461309	https://cdn.shopify.com/s/files/1/0943/0738/5730/files/Pletenica_Bukle.jpg?v=1768341427,https://cdn.shopify.com/s/files/1/0943/0738/5730/files/Bukle_pletenica.png?v=1768341427,https://cdn.shopify.com/s/files/1/0943/0738/5730/files/Dimenzije-prema-krevetu-1.png?v=1776579304,https://cdn.shopify.com/s/files/1/0943/0738/5730/files/Roza_bukle_pletenica.png?v=1776461309,https://cdn.shopify.com/s/files/1/0943/0738/5730/files/Ecru_bukle_pletenica.png?v=1776491891,https://cdn.shopify.com/s/files/1/0943/0738/5730/files/bijela_bukle_pletenica.png?v=1776461309	in_stock	new	55.00 EUR		Baby Natur		no		Zaštitne ogradice za dječji krevetić	200cm			Smeđa	
shopify_ZZ_15192392499586_56309108244866	15192392499586	Zaštitna ogradica pletenica za kinderbet STANDARD BUKLE - 240cm / Roza	Pletenica za kinderbet BUKLE - ogradica za kinderbet izrađena od premium bukle, s antibakterijskom i antialergijskom ispunom - stvara nježni zagrljaj sigurnosti oko vaše bebe, štiteći je od udaraca tijekom sna. Uronite u mekoću i sigurnost - naša pletenica-ogradica za kinderbet spoj je nježnosti ručne izrade, najveće kvalitete i zaštite koju vaša beba zaslužuje. Specifikacija proizvoda Sastav: 100% premium bukle (Poliester) Visina: cca. 15 cm Debljina: cca. 6 cm	https://babynatur.hr/products/zastitna-ogradica-pletenica-za-kinderbe-bukle?variant=56309108244866	https://cdn.shopify.com/s/files/1/0943/0738/5730/files/Roza_bukle_pletenica.png?v=1776461309	https://cdn.shopify.com/s/files/1/0943/0738/5730/files/Pletenica_Bukle.jpg?v=1768341427,https://cdn.shopify.com/s/files/1/0943/0738/5730/files/Bukle_pletenica.png?v=1768341427,https://cdn.shopify.com/s/files/1/0943/0738/5730/files/Dimenzije-prema-krevetu-1.png?v=1776579304,https://cdn.shopify.com/s/files/1/0943/0738/5730/files/Ecru_bukle_pletenica.png?v=1776491891,https://cdn.shopify.com/s/files/1/0943/0738/5730/files/bijela_bukle_pletenica.png?v=1776461309,https://cdn.shopify.com/s/files/1/0943/0738/5730/files/sme_a_pletenica.png?v=1776461309	in_stock	new	60.00 EUR		Baby Natur		no		Zaštitne ogradice za dječji krevetić	240cm			Roza	
shopify_ZZ_15192392499586_56309108277634	15192392499586	Zaštitna ogradica pletenica za kinderbet STANDARD BUKLE - 240cm / Krem	Pletenica za kinderbet BUKLE - ogradica za kinderbet izrađena od premium bukle, s antibakterijskom i antialergijskom ispunom - stvara nježni zagrljaj sigurnosti oko vaše bebe, štiteći je od udaraca tijekom sna. Uronite u mekoću i sigurnost - naša pletenica-ogradica za kinderbet spoj je nježnosti ručne izrade, najveće kvalitete i zaštite koju vaša beba zaslužuje. Specifikacija proizvoda Sastav: 100% premium bukle (Poliester) Visina: cca. 15 cm Debljina: cca. 6 cm	https://babynatur.hr/products/zastitna-ogradica-pletenica-za-kinderbe-bukle?variant=56309108277634	https://cdn.shopify.com/s/files/1/0943/0738/5730/files/Ecru_bukle_pletenica.png?v=1776491891	https://cdn.shopify.com/s/files/1/0943/0738/5730/files/Pletenica_Bukle.jpg?v=1768341427,https://cdn.shopify.com/s/files/1/0943/0738/5730/files/Bukle_pletenica.png?v=1768341427,https://cdn.shopify.com/s/files/1/0943/0738/5730/files/Dimenzije-prema-krevetu-1.png?v=1776579304,https://cdn.shopify.com/s/files/1/0943/0738/5730/files/Roza_bukle_pletenica.png?v=1776461309,https://cdn.shopify.com/s/files/1/0943/0738/5730/files/bijela_bukle_pletenica.png?v=1776461309,https://cdn.shopify.com/s/files/1/0943/0738/5730/files/sme_a_pletenica.png?v=1776461309	in_stock	new	60.00 EUR		Baby Natur		no		Zaštitne ogradice za dječji krevetić	240cm			Krem	
shopify_ZZ_15192392499586_56309108310402	15192392499586	Zaštitna ogradica pletenica za kinderbet STANDARD BUKLE - 240cm / Bijela	Pletenica za kinderbet BUKLE - ogradica za kinderbet izrađena od premium bukle, s antibakterijskom i antialergijskom ispunom - stvara nježni zagrljaj sigurnosti oko vaše bebe, štiteći je od udaraca tijekom sna. Uronite u mekoću i sigurnost - naša pletenica-ogradica za kinderbet spoj je nježnosti ručne izrade, najveće kvalitete i zaštite koju vaša beba zaslužuje. Specifikacija proizvoda Sastav: 100% premium bukle (Poliester) Visina: cca. 15 cm Debljina: cca. 6 cm	https://babynatur.hr/products/zastitna-ogradica-pletenica-za-kinderbe-bukle?variant=56309108310402	https://cdn.shopify.com/s/files/1/0943/0738/5730/files/bijela_bukle_pletenica.png?v=1776461309	https://cdn.shopify.com/s/files/1/0943/0738/5730/files/Pletenica_Bukle.jpg?v=1768341427,https://cdn.shopify.com/s/files/1/0943/0738/5730/files/Bukle_pletenica.png?v=1768341427,https://cdn.shopify.com/s/files/1/0943/0738/5730/files/Dimenzije-prema-krevetu-1.png?v=1776579304,https://cdn.shopify.com/s/files/1/0943/0738/5730/files/Roza_bukle_pletenica.png?v=1776461309,https://cdn.shopify.com/s/files/1/0943/0738/5730/files/Ecru_bukle_pletenica.png?v=1776491891,https://cdn.shopify.com/s/files/1/0943/0738/5730/files/sme_a_pletenica.png?v=1776461309	in_stock	new	60.00 EUR		Baby Natur		no		Zaštitne ogradice za dječji krevetić	240cm			Bijela	
shopify_ZZ_15192392499586_56309108343170	15192392499586	Zaštitna ogradica pletenica za kinderbet STANDARD BUKLE - 240cm / Smeđa	Pletenica za kinderbet BUKLE - ogradica za kinderbet izrađena od premium bukle, s antibakterijskom i antialergijskom ispunom - stvara nježni zagrljaj sigurnosti oko vaše bebe, štiteći je od udaraca tijekom sna. Uronite u mekoću i sigurnost - naša pletenica-ogradica za kinderbet spoj je nježnosti ručne izrade, najveće kvalitete i zaštite koju vaša beba zaslužuje. Specifikacija proizvoda Sastav: 100% premium bukle (Poliester) Visina: cca. 15 cm Debljina: cca. 6 cm	https://babynatur.hr/products/zastitna-ogradica-pletenica-za-kinderbe-bukle?variant=56309108343170	https://cdn.shopify.com/s/files/1/0943/0738/5730/files/sme_a_pletenica.png?v=1776461309	https://cdn.shopify.com/s/files/1/0943/0738/5730/files/Pletenica_Bukle.jpg?v=1768341427,https://cdn.shopify.com/s/files/1/0943/0738/5730/files/Bukle_pletenica.png?v=1768341427,https://cdn.shopify.com/s/files/1/0943/0738/5730/files/Dimenzije-prema-krevetu-1.png?v=1776579304,https://cdn.shopify.com/s/files/1/0943/0738/5730/files/Roza_bukle_pletenica.png?v=1776461309,https://cdn.shopify.com/s/files/1/0943/0738/5730/files/Ecru_bukle_pletenica.png?v=1776491891,https://cdn.shopify.com/s/files/1/0943/0738/5730/files/bijela_bukle_pletenica.png?v=1776461309	in_stock	new	60.00 EUR		Baby Natur		no		Zaštitne ogradice za dječji krevetić	240cm			Smeđa	
shopify_ZZ_15192392499586_56206306148738	15192392499586	Zaštitna ogradica pletenica za kinderbet STANDARD BUKLE - 300cm / Roza	Pletenica za kinderbet BUKLE - ogradica za kinderbet izrađena od premium bukle, s antibakterijskom i antialergijskom ispunom - stvara nježni zagrljaj sigurnosti oko vaše bebe, štiteći je od udaraca tijekom sna. Uronite u mekoću i sigurnost - naša pletenica-ogradica za kinderbet spoj je nježnosti ručne izrade, najveće kvalitete i zaštite koju vaša beba zaslužuje. Specifikacija proizvoda Sastav: 100% premium bukle (Poliester) Visina: cca. 15 cm Debljina: cca. 6 cm	https://babynatur.hr/products/zastitna-ogradica-pletenica-za-kinderbe-bukle?variant=56206306148738	https://cdn.shopify.com/s/files/1/0943/0738/5730/files/Roza_bukle_pletenica.png?v=1776461309	https://cdn.shopify.com/s/files/1/0943/0738/5730/files/Pletenica_Bukle.jpg?v=1768341427,https://cdn.shopify.com/s/files/1/0943/0738/5730/files/Bukle_pletenica.png?v=1768341427,https://cdn.shopify.com/s/files/1/0943/0738/5730/files/Dimenzije-prema-krevetu-1.png?v=1776579304,https://cdn.shopify.com/s/files/1/0943/0738/5730/files/Ecru_bukle_pletenica.png?v=1776491891,https://cdn.shopify.com/s/files/1/0943/0738/5730/files/bijela_bukle_pletenica.png?v=1776461309,https://cdn.shopify.com/s/files/1/0943/0738/5730/files/sme_a_pletenica.png?v=1776461309	in_stock	new	75.00 EUR		Baby Natur	BN-PG-1-18	yes		Zaštitne ogradice za dječji krevetić	300cm			Roza	
shopify_ZZ_15192392499586_56206705197442	15192392499586	Zaštitna ogradica pletenica za kinderbet STANDARD BUKLE - 300cm / Krem	Pletenica za kinderbet BUKLE - ogradica za kinderbet izrađena od premium bukle, s antibakterijskom i antialergijskom ispunom - stvara nježni zagrljaj sigurnosti oko vaše bebe, štiteći je od udaraca tijekom sna. Uronite u mekoću i sigurnost - naša pletenica-ogradica za kinderbet spoj je nježnosti ručne izrade, najveće kvalitete i zaštite koju vaša beba zaslužuje. Specifikacija proizvoda Sastav: 100% premium bukle (Poliester) Visina: cca. 15 cm Debljina: cca. 6 cm	https://babynatur.hr/products/zastitna-ogradica-pletenica-za-kinderbe-bukle?variant=56206705197442	https://cdn.shopify.com/s/files/1/0943/0738/5730/files/Ecru_bukle_pletenica.png?v=1776491891	https://cdn.shopify.com/s/files/1/0943/0738/5730/files/Pletenica_Bukle.jpg?v=1768341427,https://cdn.shopify.com/s/files/1/0943/0738/5730/files/Bukle_pletenica.png?v=1768341427,https://cdn.shopify.com/s/files/1/0943/0738/5730/files/Dimenzije-prema-krevetu-1.png?v=1776579304,https://cdn.shopify.com/s/files/1/0943/0738/5730/files/Roza_bukle_pletenica.png?v=1776461309,https://cdn.shopify.com/s/files/1/0943/0738/5730/files/bijela_bukle_pletenica.png?v=1776461309,https://cdn.shopify.com/s/files/1/0943/0738/5730/files/sme_a_pletenica.png?v=1776461309	in_stock	new	75.00 EUR		Baby Natur		no		Zaštitne ogradice za dječji krevetić	300cm			Krem	
shopify_ZZ_15192392499586_56206705230210	15192392499586	Zaštitna ogradica pletenica za kinderbet STANDARD BUKLE - 300cm / Bijela	Pletenica za kinderbet BUKLE - ogradica za kinderbet izrađena od premium bukle, s antibakterijskom i antialergijskom ispunom - stvara nježni zagrljaj sigurnosti oko vaše bebe, štiteći je od udaraca tijekom sna. Uronite u mekoću i sigurnost - naša pletenica-ogradica za kinderbet spoj je nježnosti ručne izrade, najveće kvalitete i zaštite koju vaša beba zaslužuje. Specifikacija proizvoda Sastav: 100% premium bukle (Poliester) Visina: cca. 15 cm Debljina: cca. 6 cm	https://babynatur.hr/products/zastitna-ogradica-pletenica-za-kinderbe-bukle?variant=56206705230210	https://cdn.shopify.com/s/files/1/0943/0738/5730/files/bijela_bukle_pletenica.png?v=1776461309	https://cdn.shopify.com/s/files/1/0943/0738/5730/files/Pletenica_Bukle.jpg?v=1768341427,https://cdn.shopify.com/s/files/1/0943/0738/5730/files/Bukle_pletenica.png?v=1768341427,https://cdn.shopify.com/s/files/1/0943/0738/5730/files/Dimenzije-prema-krevetu-1.png?v=1776579304,https://cdn.shopify.com/s/files/1/0943/0738/5730/files/Roza_bukle_pletenica.png?v=1776461309,https://cdn.shopify.com/s/files/1/0943/0738/5730/files/Ecru_bukle_pletenica.png?v=1776491891,https://cdn.shopify.com/s/files/1/0943/0738/5730/files/sme_a_pletenica.png?v=1776461309	in_stock	new	75.00 EUR		Baby Natur		no		Zaštitne ogradice za dječji krevetić	300cm			Bijela	
shopify_ZZ_15192392499586_56206705262978	15192392499586	Zaštitna ogradica pletenica za kinderbet STANDARD BUKLE - 300cm / Smeđa	Pletenica za kinderbet BUKLE - ogradica za kinderbet izrađena od premium bukle, s antibakterijskom i antialergijskom ispunom - stvara nježni zagrljaj sigurnosti oko vaše bebe, štiteći je od udaraca tijekom sna. Uronite u mekoću i sigurnost - naša pletenica-ogradica za kinderbet spoj je nježnosti ručne izrade, najveće kvalitete i zaštite koju vaša beba zaslužuje. Specifikacija proizvoda Sastav: 100% premium bukle (Poliester) Visina: cca. 15 cm Debljina: cca. 6 cm	https://babynatur.hr/products/zastitna-ogradica-pletenica-za-kinderbe-bukle?variant=56206705262978	https://cdn.shopify.com/s/files/1/0943/0738/5730/files/sme_a_pletenica.png?v=1776461309	https://cdn.shopify.com/s/files/1/0943/0738/5730/files/Pletenica_Bukle.jpg?v=1768341427,https://cdn.shopify.com/s/files/1/0943/0738/5730/files/Bukle_pletenica.png?v=1768341427,https://cdn.shopify.com/s/files/1/0943/0738/5730/files/Dimenzije-prema-krevetu-1.png?v=1776579304,https://cdn.shopify.com/s/files/1/0943/0738/5730/files/Roza_bukle_pletenica.png?v=1776461309,https://cdn.shopify.com/s/files/1/0943/0738/5730/files/Ecru_bukle_pletenica.png?v=1776491891,https://cdn.shopify.com/s/files/1/0943/0738/5730/files/bijela_bukle_pletenica.png?v=1776461309	in_stock	new	75.00 EUR		Baby Natur		no		Zaštitne ogradice za dječji krevetić	300cm			Smeđa	
shopify_ZZ_15192392499586_56573228024194	15192392499586	Zaštitna ogradica pletenica za kinderbet STANDARD BUKLE - 350cm / Roza	Pletenica za kinderbet BUKLE - ogradica za kinderbet izrađena od premium bukle, s antibakterijskom i antialergijskom ispunom - stvara nježni zagrljaj sigurnosti oko vaše bebe, štiteći je od udaraca tijekom sna. Uronite u mekoću i sigurnost - naša pletenica-ogradica za kinderbet spoj je nježnosti ručne izrade, najveće kvalitete i zaštite koju vaša beba zaslužuje. Specifikacija proizvoda Sastav: 100% premium bukle (Poliester) Visina: cca. 15 cm Debljina: cca. 6 cm	https://babynatur.hr/products/zastitna-ogradica-pletenica-za-kinderbe-bukle?variant=56573228024194	https://cdn.shopify.com/s/files/1/0943/0738/5730/files/Roza_bukle_pletenica.png?v=1776461309	https://cdn.shopify.com/s/files/1/0943/0738/5730/files/Pletenica_Bukle.jpg?v=1768341427,https://cdn.shopify.com/s/files/1/0943/0738/5730/files/Bukle_pletenica.png?v=1768341427,https://cdn.shopify.com/s/files/1/0943/0738/5730/files/Dimenzije-prema-krevetu-1.png?v=1776579304,https://cdn.shopify.com/s/files/1/0943/0738/5730/files/Ecru_bukle_pletenica.png?v=1776491891,https://cdn.shopify.com/s/files/1/0943/0738/5730/files/bijela_bukle_pletenica.png?v=1776461309,https://cdn.shopify.com/s/files/1/0943/0738/5730/files/sme_a_pletenica.png?v=1776461309	in_stock	new	90.00 EUR		Baby Natur		no		Zaštitne ogradice za dječji krevetić	350cm			Roza	
shopify_ZZ_15192392499586_56573228056962	15192392499586	Zaštitna ogradica pletenica za kinderbet STANDARD BUKLE - 350cm / Krem	Pletenica za kinderbet BUKLE - ogradica za kinderbet izrađena od premium bukle, s antibakterijskom i antialergijskom ispunom - stvara nježni zagrljaj sigurnosti oko vaše bebe, štiteći je od udaraca tijekom sna. Uronite u mekoću i sigurnost - naša pletenica-ogradica za kinderbet spoj je nježnosti ručne izrade, najveće kvalitete i zaštite koju vaša beba zaslužuje. Specifikacija proizvoda Sastav: 100% premium bukle (Poliester) Visina: cca. 15 cm Debljina: cca. 6 cm	https://babynatur.hr/products/zastitna-ogradica-pletenica-za-kinderbe-bukle?variant=56573228056962	https://cdn.shopify.com/s/files/1/0943/0738/5730/files/Ecru_bukle_pletenica.png?v=1776491891	https://cdn.shopify.com/s/files/1/0943/0738/5730/files/Pletenica_Bukle.jpg?v=1768341427,https://cdn.shopify.com/s/files/1/0943/0738/5730/files/Bukle_pletenica.png?v=1768341427,https://cdn.shopify.com/s/files/1/0943/0738/5730/files/Dimenzije-prema-krevetu-1.png?v=1776579304,https://cdn.shopify.com/s/files/1/0943/0738/5730/files/Roza_bukle_pletenica.png?v=1776461309,https://cdn.shopify.com/s/files/1/0943/0738/5730/files/bijela_bukle_pletenica.png?v=1776461309,https://cdn.shopify.com/s/files/1/0943/0738/5730/files/sme_a_pletenica.png?v=1776461309	in_stock	new	90.00 EUR		Baby Natur		no		Zaštitne ogradice za dječji krevetić	350cm			Krem	
shopify_ZZ_15192392499586_56573228089730	15192392499586	Zaštitna ogradica pletenica za kinderbet STANDARD BUKLE - 350cm / Bijela	Pletenica za kinderbet BUKLE - ogradica za kinderbet izrađena od premium bukle, s antibakterijskom i antialergijskom ispunom - stvara nježni zagrljaj sigurnosti oko vaše bebe, štiteći je od udaraca tijekom sna. Uronite u mekoću i sigurnost - naša pletenica-ogradica za kinderbet spoj je nježnosti ručne izrade, najveće kvalitete i zaštite koju vaša beba zaslužuje. Specifikacija proizvoda Sastav: 100% premium bukle (Poliester) Visina: cca. 15 cm Debljina: cca. 6 cm	https://babynatur.hr/products/zastitna-ogradica-pletenica-za-kinderbe-bukle?variant=56573228089730	https://cdn.shopify.com/s/files/1/0943/0738/5730/files/bijela_bukle_pletenica.png?v=1776461309	https://cdn.shopify.com/s/files/1/0943/0738/5730/files/Pletenica_Bukle.jpg?v=1768341427,https://cdn.shopify.com/s/files/1/0943/0738/5730/files/Bukle_pletenica.png?v=1768341427,https://cdn.shopify.com/s/files/1/0943/0738/5730/files/Dimenzije-prema-krevetu-1.png?v=1776579304,https://cdn.shopify.com/s/files/1/0943/0738/5730/files/Roza_bukle_pletenica.png?v=1776461309,https://cdn.shopify.com/s/files/1/0943/0738/5730/files/Ecru_bukle_pletenica.png?v=1776491891,https://cdn.shopify.com/s/files/1/0943/0738/5730/files/sme_a_pletenica.png?v=1776461309	in_stock	new	90.00 EUR		Baby Natur		no		Zaštitne ogradice za dječji krevetić	350cm			Bijela	
shopify_ZZ_15192392499586_56573228122498	15192392499586	Zaštitna ogradica pletenica za kinderbet STANDARD BUKLE - 350cm / Smeđa	Pletenica za kinderbet BUKLE - ogradica za kinderbet izrađena od premium bukle, s antibakterijskom i antialergijskom ispunom - stvara nježni zagrljaj sigurnosti oko vaše bebe, štiteći je od udaraca tijekom sna. Uronite u mekoću i sigurnost - naša pletenica-ogradica za kinderbet spoj je nježnosti ručne izrade, najveće kvalitete i zaštite koju vaša beba zaslužuje. Specifikacija proizvoda Sastav: 100% premium bukle (Poliester) Visina: cca. 15 cm Debljina: cca. 6 cm	https://babynatur.hr/products/zastitna-ogradica-pletenica-za-kinderbe-bukle?variant=56573228122498	https://cdn.shopify.com/s/files/1/0943/0738/5730/files/sme_a_pletenica.png?v=1776461309	https://cdn.shopify.com/s/files/1/0943/0738/5730/files/Pletenica_Bukle.jpg?v=1768341427,https://cdn.shopify.com/s/files/1/0943/0738/5730/files/Bukle_pletenica.png?v=1768341427,https://cdn.shopify.com/s/files/1/0943/0738/5730/files/Dimenzije-prema-krevetu-1.png?v=1776579304,https://cdn.shopify.com/s/files/1/0943/0738/5730/files/Roza_bukle_pletenica.png?v=1776461309,https://cdn.shopify.com/s/files/1/0943/0738/5730/files/Ecru_bukle_pletenica.png?v=1776491891,https://cdn.shopify.com/s/files/1/0943/0738/5730/files/bijela_bukle_pletenica.png?v=1776461309	in_stock	new	90.00 EUR		Baby Natur		no		Zaštitne ogradice za dječji krevetić	350cm			Smeđa	
shopify_ZZ_15192392499586_56573228155266	15192392499586	Zaštitna ogradica pletenica za kinderbet STANDARD BUKLE - 400cm / Roza	Pletenica za kinderbet BUKLE - ogradica za kinderbet izrađena od premium bukle, s antibakterijskom i antialergijskom ispunom - stvara nježni zagrljaj sigurnosti oko vaše bebe, štiteći je od udaraca tijekom sna. Uronite u mekoću i sigurnost - naša pletenica-ogradica za kinderbet spoj je nježnosti ručne izrade, najveće kvalitete i zaštite koju vaša beba zaslužuje. Specifikacija proizvoda Sastav: 100% premium bukle (Poliester) Visina: cca. 15 cm Debljina: cca. 6 cm	https://babynatur.hr/products/zastitna-ogradica-pletenica-za-kinderbe-bukle?variant=56573228155266	https://cdn.shopify.com/s/files/1/0943/0738/5730/files/Roza_bukle_pletenica.png?v=1776461309	https://cdn.shopify.com/s/files/1/0943/0738/5730/files/Pletenica_Bukle.jpg?v=1768341427,https://cdn.shopify.com/s/files/1/0943/0738/5730/files/Bukle_pletenica.png?v=1768341427,https://cdn.shopify.com/s/files/1/0943/0738/5730/files/Dimenzije-prema-krevetu-1.png?v=1776579304,https://cdn.shopify.com/s/files/1/0943/0738/5730/files/Ecru_bukle_pletenica.png?v=1776491891,https://cdn.shopify.com/s/files/1/0943/0738/5730/files/bijela_bukle_pletenica.png?v=1776461309,https://cdn.shopify.com/s/files/1/0943/0738/5730/files/sme_a_pletenica.png?v=1776461309	in_stock	new	100.00 EUR		Baby Natur		no		Zaštitne ogradice za dječji krevetić	400cm			Roza	
shopify_ZZ_15192392499586_56573228188034	15192392499586	Zaštitna ogradica pletenica za kinderbet STANDARD BUKLE - 400cm / Krem	Pletenica za kinderbet BUKLE - ogradica za kinderbet izrađena od premium bukle, s antibakterijskom i antialergijskom ispunom - stvara nježni zagrljaj sigurnosti oko vaše bebe, štiteći je od udaraca tijekom sna. Uronite u mekoću i sigurnost - naša pletenica-ogradica za kinderbet spoj je nježnosti ručne izrade, najveće kvalitete i zaštite koju vaša beba zaslužuje. Specifikacija proizvoda Sastav: 100% premium bukle (Poliester) Visina: cca. 15 cm Debljina: cca. 6 cm	https://babynatur.hr/products/zastitna-ogradica-pletenica-za-kinderbe-bukle?variant=56573228188034	https://cdn.shopify.com/s/files/1/0943/0738/5730/files/Ecru_bukle_pletenica.png?v=1776491891	https://cdn.shopify.com/s/files/1/0943/0738/5730/files/Pletenica_Bukle.jpg?v=1768341427,https://cdn.shopify.com/s/files/1/0943/0738/5730/files/Bukle_pletenica.png?v=1768341427,https://cdn.shopify.com/s/files/1/0943/0738/5730/files/Dimenzije-prema-krevetu-1.png?v=1776579304,https://cdn.shopify.com/s/files/1/0943/0738/5730/files/Roza_bukle_pletenica.png?v=1776461309,https://cdn.shopify.com/s/files/1/0943/0738/5730/files/bijela_bukle_pletenica.png?v=1776461309,https://cdn.shopify.com/s/files/1/0943/0738/5730/files/sme_a_pletenica.png?v=1776461309	in_stock	new	100.00 EUR		Baby Natur		no		Zaštitne ogradice za dječji krevetić	400cm			Krem	
shopify_ZZ_15192392499586_56573228220802	15192392499586	Zaštitna ogradica pletenica za kinderbet STANDARD BUKLE - 400cm / Bijela	Pletenica za kinderbet BUKLE - ogradica za kinderbet izrađena od premium bukle, s antibakterijskom i antialergijskom ispunom - stvara nježni zagrljaj sigurnosti oko vaše bebe, štiteći je od udaraca tijekom sna. Uronite u mekoću i sigurnost - naša pletenica-ogradica za kinderbet spoj je nježnosti ručne izrade, najveće kvalitete i zaštite koju vaša beba zaslužuje. Specifikacija proizvoda Sastav: 100% premium bukle (Poliester) Visina: cca. 15 cm Debljina: cca. 6 cm	https://babynatur.hr/products/zastitna-ogradica-pletenica-za-kinderbe-bukle?variant=56573228220802	https://cdn.shopify.com/s/files/1/0943/0738/5730/files/bijela_bukle_pletenica.png?v=1776461309	https://cdn.shopify.com/s/files/1/0943/0738/5730/files/Pletenica_Bukle.jpg?v=1768341427,https://cdn.shopify.com/s/files/1/0943/0738/5730/files/Bukle_pletenica.png?v=1768341427,https://cdn.shopify.com/s/files/1/0943/0738/5730/files/Dimenzije-prema-krevetu-1.png?v=1776579304,https://cdn.shopify.com/s/files/1/0943/0738/5730/files/Roza_bukle_pletenica.png?v=1776461309,https://cdn.shopify.com/s/files/1/0943/0738/5730/files/Ecru_bukle_pletenica.png?v=1776491891,https://cdn.shopify.com/s/files/1/0943/0738/5730/files/sme_a_pletenica.png?v=1776461309	in_stock	new	100.00 EUR		Baby Natur		no		Zaštitne ogradice za dječji krevetić	400cm			Bijela	
shopify_ZZ_15192392499586_56573228253570	15192392499586	Zaštitna ogradica pletenica za kinderbet STANDARD BUKLE - 400cm / Smeđa	Pletenica za kinderbet BUKLE - ogradica za kinderbet izrađena od premium bukle, s antibakterijskom i antialergijskom ispunom - stvara nježni zagrljaj sigurnosti oko vaše bebe, štiteći je od udaraca tijekom sna. Uronite u mekoću i sigurnost - naša pletenica-ogradica za kinderbet spoj je nježnosti ručne izrade, najveće kvalitete i zaštite koju vaša beba zaslužuje. Specifikacija proizvoda Sastav: 100% premium bukle (Poliester) Visina: cca. 15 cm Debljina: cca. 6 cm	https://babynatur.hr/products/zastitna-ogradica-pletenica-za-kinderbe-bukle?variant=56573228253570	https://cdn.shopify.com/s/files/1/0943/0738/5730/files/sme_a_pletenica.png?v=1776461309	https://cdn.shopify.com/s/files/1/0943/0738/5730/files/Pletenica_Bukle.jpg?v=1768341427,https://cdn.shopify.com/s/files/1/0943/0738/5730/files/Bukle_pletenica.png?v=1768341427,https://cdn.shopify.com/s/files/1/0943/0738/5730/files/Dimenzije-prema-krevetu-1.png?v=1776579304,https://cdn.shopify.com/s/files/1/0943/0738/5730/files/Roza_bukle_pletenica.png?v=1776461309,https://cdn.shopify.com/s/files/1/0943/0738/5730/files/Ecru_bukle_pletenica.png?v=1776491891,https://cdn.shopify.com/s/files/1/0943/0738/5730/files/bijela_bukle_pletenica.png?v=1776461309	in_stock	new	100.00 EUR		Baby Natur		no		Zaštitne ogradice za dječji krevetić	400cm			Smeđa	
shopify_ZZ_15192392466818_56205451624834	15192392466818	Zaštitna ogradica pletenica za kinderbet STANDARD BARŠUN - 140cm / Bijela	Pletenica za kinderbet STANDARD BARŠUN - ogradica za kinderbet izrađena od baršunastog pamuka, s antibakterijskom i antialergijskom ispunom - stvara nježni zagrljaj sigurnosti oko vaše bebe, štiteći je od udaraca tijekom sna. Uronite u mekoću i sigurnost - naša pletenica-ogradica za kinderbet spoj je nježnosti ručne izrade, najveće kvalitete i zaštite koju vaša beba zaslužuje. Specifikacija proizvoda Sastav: 80 % pamučni baršun, 20 % PES s antialergijskim punjenjem Certifikat: OEKO-TEX® Standard 100 Visina: cca. 15 cm Debljina: cca. 6 cm Premium zaštitna ogradica pletenica osigurava mekoću, izdržljivost i dugotrajnost, dok OEKO-TEX® Standard 100 certifikat jamči da je proizvod siguran za osjetljivu dječju kožu i bez štetnih tvari.	https://babynatur.hr/products/zastitna-ogradica-pletenica-za-kinderbet-standard-barsun?variant=56205451624834	https://cdn.shopify.com/s/files/1/0943/0738/5730/files/bijela1.jpg?v=1768338466	https://cdn.shopify.com/s/files/1/0943/0738/5730/files/standard_pletenica_ogradica2.jpg?v=1768338466,https://cdn.shopify.com/s/files/1/0943/0738/5730/files/standard_pletenica_ogradica.jpg?v=1768338466,https://cdn.shopify.com/s/files/1/0943/0738/5730/files/standard_pletenica_ogradica4.jpg?v=1768338466,https://cdn.shopify.com/s/files/1/0943/0738/5730/files/standard_pletenica_ogradica1.jpg?v=1768338466,https://cdn.shopify.com/s/files/1/0943/0738/5730/files/standard_pletenica_ogradica3.jpg?v=1768338466,https://cdn.shopify.com/s/files/1/0943/0738/5730/files/standard_pletenica_ogradica5.jpg?v=1768338466,https://cdn.shopify.com/s/files/1/0943/0738/5730/files/bez.jpg?v=1768338466,https://cdn.shopify.com/s/files/1/0943/0738/5730/files/puderr_oza.jpg?v=1768338466,https://cdn.shopify.com/s/files/1/0943/0738/5730/files/Plava_pletenica.jpg?v=1776579304,https://cdn.shopify.com/s/files/1/0943/0738/5730/files/Siva_pletenica.jpg?v=1776579304	in_stock	new	37.00 EUR		Baby Natur		no		Zaštitne ogradice za dječji krevetić	140cm			Bijela	
shopify_ZZ_15192392466818_56206748123522	15192392466818	Zaštitna ogradica pletenica za kinderbet STANDARD BARŠUN - 140cm / Krem	Pletenica za kinderbet STANDARD BARŠUN - ogradica za kinderbet izrađena od baršunastog pamuka, s antibakterijskom i antialergijskom ispunom - stvara nježni zagrljaj sigurnosti oko vaše bebe, štiteći je od udaraca tijekom sna. Uronite u mekoću i sigurnost - naša pletenica-ogradica za kinderbet spoj je nježnosti ručne izrade, najveće kvalitete i zaštite koju vaša beba zaslužuje. Specifikacija proizvoda Sastav: 80 % pamučni baršun, 20 % PES s antialergijskim punjenjem Certifikat: OEKO-TEX® Standard 100 Visina: cca. 15 cm Debljina: cca. 6 cm Premium zaštitna ogradica pletenica osigurava mekoću, izdržljivost i dugotrajnost, dok OEKO-TEX® Standard 100 certifikat jamči da je proizvod siguran za osjetljivu dječju kožu i bez štetnih tvari.	https://babynatur.hr/products/zastitna-ogradica-pletenica-za-kinderbet-standard-barsun?variant=56206748123522	https://cdn.shopify.com/s/files/1/0943/0738/5730/files/bez.jpg?v=1768338466	https://cdn.shopify.com/s/files/1/0943/0738/5730/files/standard_pletenica_ogradica2.jpg?v=1768338466,https://cdn.shopify.com/s/files/1/0943/0738/5730/files/standard_pletenica_ogradica.jpg?v=1768338466,https://cdn.shopify.com/s/files/1/0943/0738/5730/files/standard_pletenica_ogradica4.jpg?v=1768338466,https://cdn.shopify.com/s/files/1/0943/0738/5730/files/standard_pletenica_ogradica1.jpg?v=1768338466,https://cdn.shopify.com/s/files/1/0943/0738/5730/files/standard_pletenica_ogradica3.jpg?v=1768338466,https://cdn.shopify.com/s/files/1/0943/0738/5730/files/standard_pletenica_ogradica5.jpg?v=1768338466,https://cdn.shopify.com/s/files/1/0943/0738/5730/files/puderr_oza.jpg?v=1768338466,https://cdn.shopify.com/s/files/1/0943/0738/5730/files/bijela1.jpg?v=1768338466,https://cdn.shopify.com/s/files/1/0943/0738/5730/files/Plava_pletenica.jpg?v=1776579304,https://cdn.shopify.com/s/files/1/0943/0738/5730/files/Siva_pletenica.jpg?v=1776579304	in_stock	new	37.00 EUR		Baby Natur		no		Zaštitne ogradice za dječji krevetić	140cm			Krem	
shopify_ZZ_15192392466818_56206748156290	15192392466818	Zaštitna ogradica pletenica za kinderbet STANDARD BARŠUN - 140cm / Roza	Pletenica za kinderbet STANDARD BARŠUN - ogradica za kinderbet izrađena od baršunastog pamuka, s antibakterijskom i antialergijskom ispunom - stvara nježni zagrljaj sigurnosti oko vaše bebe, štiteći je od udaraca tijekom sna. Uronite u mekoću i sigurnost - naša pletenica-ogradica za kinderbet spoj je nježnosti ručne izrade, najveće kvalitete i zaštite koju vaša beba zaslužuje. Specifikacija proizvoda Sastav: 80 % pamučni baršun, 20 % PES s antialergijskim punjenjem Certifikat: OEKO-TEX® Standard 100 Visina: cca. 15 cm Debljina: cca. 6 cm Premium zaštitna ogradica pletenica osigurava mekoću, izdržljivost i dugotrajnost, dok OEKO-TEX® Standard 100 certifikat jamči da je proizvod siguran za osjetljivu dječju kožu i bez štetnih tvari.	https://babynatur.hr/products/zastitna-ogradica-pletenica-za-kinderbet-standard-barsun?variant=56206748156290	https://cdn.shopify.com/s/files/1/0943/0738/5730/files/puderr_oza.jpg?v=1768338466	https://cdn.shopify.com/s/files/1/0943/0738/5730/files/standard_pletenica_ogradica2.jpg?v=1768338466,https://cdn.shopify.com/s/files/1/0943/0738/5730/files/standard_pletenica_ogradica.jpg?v=1768338466,https://cdn.shopify.com/s/files/1/0943/0738/5730/files/standard_pletenica_ogradica4.jpg?v=1768338466,https://cdn.shopify.com/s/files/1/0943/0738/5730/files/standard_pletenica_ogradica1.jpg?v=1768338466,https://cdn.shopify.com/s/files/1/0943/0738/5730/files/standard_pletenica_ogradica3.jpg?v=1768338466,https://cdn.shopify.com/s/files/1/0943/0738/5730/files/standard_pletenica_ogradica5.jpg?v=1768338466,https://cdn.shopify.com/s/files/1/0943/0738/5730/files/bez.jpg?v=1768338466,https://cdn.shopify.com/s/files/1/0943/0738/5730/files/bijela1.jpg?v=1768338466,https://cdn.shopify.com/s/files/1/0943/0738/5730/files/Plava_pletenica.jpg?v=1776579304,https://cdn.shopify.com/s/files/1/0943/0738/5730/files/Siva_pletenica.jpg?v=1776579304	in_stock	new	37.00 EUR		Baby Natur		no		Zaštitne ogradice za dječji krevetić	140cm			Roza	
shopify_ZZ_15192392466818_56573211967874	15192392466818	Zaštitna ogradica pletenica za kinderbet STANDARD BARŠUN - 140cm / Plava	Pletenica za kinderbet STANDARD BARŠUN - ogradica za kinderbet izrađena od baršunastog pamuka, s antibakterijskom i antialergijskom ispunom - stvara nježni zagrljaj sigurnosti oko vaše bebe, štiteći je od udaraca tijekom sna. Uronite u mekoću i sigurnost - naša pletenica-ogradica za kinderbet spoj je nježnosti ručne izrade, najveće kvalitete i zaštite koju vaša beba zaslužuje. Specifikacija proizvoda Sastav: 80 % pamučni baršun, 20 % PES s antialergijskim punjenjem Certifikat: OEKO-TEX® Standard 100 Visina: cca. 15 cm Debljina: cca. 6 cm Premium zaštitna ogradica pletenica osigurava mekoću, izdržljivost i dugotrajnost, dok OEKO-TEX® Standard 100 certifikat jamči da je proizvod siguran za osjetljivu dječju kožu i bez štetnih tvari.	https://babynatur.hr/products/zastitna-ogradica-pletenica-za-kinderbet-standard-barsun?variant=56573211967874	https://cdn.shopify.com/s/files/1/0943/0738/5730/files/Plava_pletenica.jpg?v=1776579304	https://cdn.shopify.com/s/files/1/0943/0738/5730/files/standard_pletenica_ogradica2.jpg?v=1768338466,https://cdn.shopify.com/s/files/1/0943/0738/5730/files/standard_pletenica_ogradica.jpg?v=1768338466,https://cdn.shopify.com/s/files/1/0943/0738/5730/files/standard_pletenica_ogradica4.jpg?v=1768338466,https://cdn.shopify.com/s/files/1/0943/0738/5730/files/standard_pletenica_ogradica1.jpg?v=1768338466,https://cdn.shopify.com/s/files/1/0943/0738/5730/files/standard_pletenica_ogradica3.jpg?v=1768338466,https://cdn.shopify.com/s/files/1/0943/0738/5730/files/standard_pletenica_ogradica5.jpg?v=1768338466,https://cdn.shopify.com/s/files/1/0943/0738/5730/files/bez.jpg?v=1768338466,https://cdn.shopify.com/s/files/1/0943/0738/5730/files/puderr_oza.jpg?v=1768338466,https://cdn.shopify.com/s/files/1/0943/0738/5730/files/bijela1.jpg?v=1768338466,https://cdn.shopify.com/s/files/1/0943/0738/5730/files/Siva_pletenica.jpg?v=1776579304	in_stock	new	37.00 EUR		Baby Natur		no		Zaštitne ogradice za dječji krevetić	140cm			Plava	
shopify_ZZ_15192392466818_56573212000642	15192392466818	Zaštitna ogradica pletenica za kinderbet STANDARD BARŠUN - 140cm / Siva	Pletenica za kinderbet STANDARD BARŠUN - ogradica za kinderbet izrađena od baršunastog pamuka, s antibakterijskom i antialergijskom ispunom - stvara nježni zagrljaj sigurnosti oko vaše bebe, štiteći je od udaraca tijekom sna. Uronite u mekoću i sigurnost - naša pletenica-ogradica za kinderbet spoj je nježnosti ručne izrade, najveće kvalitete i zaštite koju vaša beba zaslužuje. Specifikacija proizvoda Sastav: 80 % pamučni baršun, 20 % PES s antialergijskim punjenjem Certifikat: OEKO-TEX® Standard 100 Visina: cca. 15 cm Debljina: cca. 6 cm Premium zaštitna ogradica pletenica osigurava mekoću, izdržljivost i dugotrajnost, dok OEKO-TEX® Standard 100 certifikat jamči da je proizvod siguran za osjetljivu dječju kožu i bez štetnih tvari.	https://babynatur.hr/products/zastitna-ogradica-pletenica-za-kinderbet-standard-barsun?variant=56573212000642	https://cdn.shopify.com/s/files/1/0943/0738/5730/files/Siva_pletenica.jpg?v=1776579304	https://cdn.shopify.com/s/files/1/0943/0738/5730/files/standard_pletenica_ogradica2.jpg?v=1768338466,https://cdn.shopify.com/s/files/1/0943/0738/5730/files/standard_pletenica_ogradica.jpg?v=1768338466,https://cdn.shopify.com/s/files/1/0943/0738/5730/files/standard_pletenica_ogradica4.jpg?v=1768338466,https://cdn.shopify.com/s/files/1/0943/0738/5730/files/standard_pletenica_ogradica1.jpg?v=1768338466,https://cdn.shopify.com/s/files/1/0943/0738/5730/files/standard_pletenica_ogradica3.jpg?v=1768338466,https://cdn.shopify.com/s/files/1/0943/0738/5730/files/standard_pletenica_ogradica5.jpg?v=1768338466,https://cdn.shopify.com/s/files/1/0943/0738/5730/files/bez.jpg?v=1768338466,https://cdn.shopify.com/s/files/1/0943/0738/5730/files/puderr_oza.jpg?v=1768338466,https://cdn.shopify.com/s/files/1/0943/0738/5730/files/bijela1.jpg?v=1768338466,https://cdn.shopify.com/s/files/1/0943/0738/5730/files/Plava_pletenica.jpg?v=1776579304	in_stock	new	37.00 EUR		Baby Natur		no		Zaštitne ogradice za dječji krevetić	140cm			Siva	
shopify_ZZ_15192392466818_56205451690370	15192392466818	Zaštitna ogradica pletenica za kinderbet STANDARD BARŠUN - 180cm / Bijela	Pletenica za kinderbet STANDARD BARŠUN - ogradica za kinderbet izrađena od baršunastog pamuka, s antibakterijskom i antialergijskom ispunom - stvara nježni zagrljaj sigurnosti oko vaše bebe, štiteći je od udaraca tijekom sna. Uronite u mekoću i sigurnost - naša pletenica-ogradica za kinderbet spoj je nježnosti ručne izrade, najveće kvalitete i zaštite koju vaša beba zaslužuje. Specifikacija proizvoda Sastav: 80 % pamučni baršun, 20 % PES s antialergijskim punjenjem Certifikat: OEKO-TEX® Standard 100 Visina: cca. 15 cm Debljina: cca. 6 cm Premium zaštitna ogradica pletenica osigurava mekoću, izdržljivost i dugotrajnost, dok OEKO-TEX® Standard 100 certifikat jamči da je proizvod siguran za osjetljivu dječju kožu i bez štetnih tvari.	https://babynatur.hr/products/zastitna-ogradica-pletenica-za-kinderbet-standard-barsun?variant=56205451690370	https://cdn.shopify.com/s/files/1/0943/0738/5730/files/bijela1.jpg?v=1768338466	https://cdn.shopify.com/s/files/1/0943/0738/5730/files/standard_pletenica_ogradica2.jpg?v=1768338466,https://cdn.shopify.com/s/files/1/0943/0738/5730/files/standard_pletenica_ogradica.jpg?v=1768338466,https://cdn.shopify.com/s/files/1/0943/0738/5730/files/standard_pletenica_ogradica4.jpg?v=1768338466,https://cdn.shopify.com/s/files/1/0943/0738/5730/files/standard_pletenica_ogradica1.jpg?v=1768338466,https://cdn.shopify.com/s/files/1/0943/0738/5730/files/standard_pletenica_ogradica3.jpg?v=1768338466,https://cdn.shopify.com/s/files/1/0943/0738/5730/files/standard_pletenica_ogradica5.jpg?v=1768338466,https://cdn.shopify.com/s/files/1/0943/0738/5730/files/bez.jpg?v=1768338466,https://cdn.shopify.com/s/files/1/0943/0738/5730/files/puderr_oza.jpg?v=1768338466,https://cdn.shopify.com/s/files/1/0943/0738/5730/files/Plava_pletenica.jpg?v=1776579304,https://cdn.shopify.com/s/files/1/0943/0738/5730/files/Siva_pletenica.jpg?v=1776579304	in_stock	new	48.00 EUR		Baby Natur		no		Zaštitne ogradice za dječji krevetić	180cm			Bijela	
shopify_ZZ_15192392466818_56206748189058	15192392466818	Zaštitna ogradica pletenica za kinderbet STANDARD BARŠUN - 180cm / Krem	Pletenica za kinderbet STANDARD BARŠUN - ogradica za kinderbet izrađena od baršunastog pamuka, s antibakterijskom i antialergijskom ispunom - stvara nježni zagrljaj sigurnosti oko vaše bebe, štiteći je od udaraca tijekom sna. Uronite u mekoću i sigurnost - naša pletenica-ogradica za kinderbet spoj je nježnosti ručne izrade, najveće kvalitete i zaštite koju vaša beba zaslužuje. Specifikacija proizvoda Sastav: 80 % pamučni baršun, 20 % PES s antialergijskim punjenjem Certifikat: OEKO-TEX® Standard 100 Visina: cca. 15 cm Debljina: cca. 6 cm Premium zaštitna ogradica pletenica osigurava mekoću, izdržljivost i dugotrajnost, dok OEKO-TEX® Standard 100 certifikat jamči da je proizvod siguran za osjetljivu dječju kožu i bez štetnih tvari.	https://babynatur.hr/products/zastitna-ogradica-pletenica-za-kinderbet-standard-barsun?variant=56206748189058	https://cdn.shopify.com/s/files/1/0943/0738/5730/files/bez.jpg?v=1768338466	https://cdn.shopify.com/s/files/1/0943/0738/5730/files/standard_pletenica_ogradica2.jpg?v=1768338466,https://cdn.shopify.com/s/files/1/0943/0738/5730/files/standard_pletenica_ogradica.jpg?v=1768338466,https://cdn.shopify.com/s/files/1/0943/0738/5730/files/standard_pletenica_ogradica4.jpg?v=1768338466,https://cdn.shopify.com/s/files/1/0943/0738/5730/files/standard_pletenica_ogradica1.jpg?v=1768338466,https://cdn.shopify.com/s/files/1/0943/0738/5730/files/standard_pletenica_ogradica3.jpg?v=1768338466,https://cdn.shopify.com/s/files/1/0943/0738/5730/files/standard_pletenica_ogradica5.jpg?v=1768338466,https://cdn.shopify.com/s/files/1/0943/0738/5730/files/puderr_oza.jpg?v=1768338466,https://cdn.shopify.com/s/files/1/0943/0738/5730/files/bijela1.jpg?v=1768338466,https://cdn.shopify.com/s/files/1/0943/0738/5730/files/Plava_pletenica.jpg?v=1776579304,https://cdn.shopify.com/s/files/1/0943/0738/5730/files/Siva_pletenica.jpg?v=1776579304	in_stock	new	48.00 EUR		Baby Natur		no		Zaštitne ogradice za dječji krevetić	180cm			Krem	
shopify_ZZ_15192392466818_56206748221826	15192392466818	Zaštitna ogradica pletenica za kinderbet STANDARD BARŠUN - 180cm / Roza	Pletenica za kinderbet STANDARD BARŠUN - ogradica za kinderbet izrađena od baršunastog pamuka, s antibakterijskom i antialergijskom ispunom - stvara nježni zagrljaj sigurnosti oko vaše bebe, štiteći je od udaraca tijekom sna. Uronite u mekoću i sigurnost - naša pletenica-ogradica za kinderbet spoj je nježnosti ručne izrade, najveće kvalitete i zaštite koju vaša beba zaslužuje. Specifikacija proizvoda Sastav: 80 % pamučni baršun, 20 % PES s antialergijskim punjenjem Certifikat: OEKO-TEX® Standard 100 Visina: cca. 15 cm Debljina: cca. 6 cm Premium zaštitna ogradica pletenica osigurava mekoću, izdržljivost i dugotrajnost, dok OEKO-TEX® Standard 100 certifikat jamči da je proizvod siguran za osjetljivu dječju kožu i bez štetnih tvari.	https://babynatur.hr/products/zastitna-ogradica-pletenica-za-kinderbet-standard-barsun?variant=56206748221826	https://cdn.shopify.com/s/files/1/0943/0738/5730/files/puderr_oza.jpg?v=1768338466	https://cdn.shopify.com/s/files/1/0943/0738/5730/files/standard_pletenica_ogradica2.jpg?v=1768338466,https://cdn.shopify.com/s/files/1/0943/0738/5730/files/standard_pletenica_ogradica.jpg?v=1768338466,https://cdn.shopify.com/s/files/1/0943/0738/5730/files/standard_pletenica_ogradica4.jpg?v=1768338466,https://cdn.shopify.com/s/files/1/0943/0738/5730/files/standard_pletenica_ogradica1.jpg?v=1768338466,https://cdn.shopify.com/s/files/1/0943/0738/5730/files/standard_pletenica_ogradica3.jpg?v=1768338466,https://cdn.shopify.com/s/files/1/0943/0738/5730/files/standard_pletenica_ogradica5.jpg?v=1768338466,https://cdn.shopify.com/s/files/1/0943/0738/5730/files/bez.jpg?v=1768338466,https://cdn.shopify.com/s/files/1/0943/0738/5730/files/bijela1.jpg?v=1768338466,https://cdn.shopify.com/s/files/1/0943/0738/5730/files/Plava_pletenica.jpg?v=1776579304,https://cdn.shopify.com/s/files/1/0943/0738/5730/files/Siva_pletenica.jpg?v=1776579304	in_stock	new	48.00 EUR		Baby Natur		no		Zaštitne ogradice za dječji krevetić	180cm			Roza	
shopify_ZZ_15192392466818_56573212033410	15192392466818	Zaštitna ogradica pletenica za kinderbet STANDARD BARŠUN - 180cm / Plava	Pletenica za kinderbet STANDARD BARŠUN - ogradica za kinderbet izrađena od baršunastog pamuka, s antibakterijskom i antialergijskom ispunom - stvara nježni zagrljaj sigurnosti oko vaše bebe, štiteći je od udaraca tijekom sna. Uronite u mekoću i sigurnost - naša pletenica-ogradica za kinderbet spoj je nježnosti ručne izrade, najveće kvalitete i zaštite koju vaša beba zaslužuje. Specifikacija proizvoda Sastav: 80 % pamučni baršun, 20 % PES s antialergijskim punjenjem Certifikat: OEKO-TEX® Standard 100 Visina: cca. 15 cm Debljina: cca. 6 cm Premium zaštitna ogradica pletenica osigurava mekoću, izdržljivost i dugotrajnost, dok OEKO-TEX® Standard 100 certifikat jamči da je proizvod siguran za osjetljivu dječju kožu i bez štetnih tvari.	https://babynatur.hr/products/zastitna-ogradica-pletenica-za-kinderbet-standard-barsun?variant=56573212033410	https://cdn.shopify.com/s/files/1/0943/0738/5730/files/Plava_pletenica.jpg?v=1776579304	https://cdn.shopify.com/s/files/1/0943/0738/5730/files/standard_pletenica_ogradica2.jpg?v=1768338466,https://cdn.shopify.com/s/files/1/0943/0738/5730/files/standard_pletenica_ogradica.jpg?v=1768338466,https://cdn.shopify.com/s/files/1/0943/0738/5730/files/standard_pletenica_ogradica4.jpg?v=1768338466,https://cdn.shopify.com/s/files/1/0943/0738/5730/files/standard_pletenica_ogradica1.jpg?v=1768338466,https://cdn.shopify.com/s/files/1/0943/0738/5730/files/standard_pletenica_ogradica3.jpg?v=1768338466,https://cdn.shopify.com/s/files/1/0943/0738/5730/files/standard_pletenica_ogradica5.jpg?v=1768338466,https://cdn.shopify.com/s/files/1/0943/0738/5730/files/bez.jpg?v=1768338466,https://cdn.shopify.com/s/files/1/0943/0738/5730/files/puderr_oza.jpg?v=1768338466,https://cdn.shopify.com/s/files/1/0943/0738/5730/files/bijela1.jpg?v=1768338466,https://cdn.shopify.com/s/files/1/0943/0738/5730/files/Siva_pletenica.jpg?v=1776579304	in_stock	new	48.00 EUR		Baby Natur		no		Zaštitne ogradice za dječji krevetić	180cm			Plava	
shopify_ZZ_15192392466818_56573212066178	15192392466818	Zaštitna ogradica pletenica za kinderbet STANDARD BARŠUN - 180cm / Siva	Pletenica za kinderbet STANDARD BARŠUN - ogradica za kinderbet izrađena od baršunastog pamuka, s antibakterijskom i antialergijskom ispunom - stvara nježni zagrljaj sigurnosti oko vaše bebe, štiteći je od udaraca tijekom sna. Uronite u mekoću i sigurnost - naša pletenica-ogradica za kinderbet spoj je nježnosti ručne izrade, najveće kvalitete i zaštite koju vaša beba zaslužuje. Specifikacija proizvoda Sastav: 80 % pamučni baršun, 20 % PES s antialergijskim punjenjem Certifikat: OEKO-TEX® Standard 100 Visina: cca. 15 cm Debljina: cca. 6 cm Premium zaštitna ogradica pletenica osigurava mekoću, izdržljivost i dugotrajnost, dok OEKO-TEX® Standard 100 certifikat jamči da je proizvod siguran za osjetljivu dječju kožu i bez štetnih tvari.	https://babynatur.hr/products/zastitna-ogradica-pletenica-za-kinderbet-standard-barsun?variant=56573212066178	https://cdn.shopify.com/s/files/1/0943/0738/5730/files/Siva_pletenica.jpg?v=1776579304	https://cdn.shopify.com/s/files/1/0943/0738/5730/files/standard_pletenica_ogradica2.jpg?v=1768338466,https://cdn.shopify.com/s/files/1/0943/0738/5730/files/standard_pletenica_ogradica.jpg?v=1768338466,https://cdn.shopify.com/s/files/1/0943/0738/5730/files/standard_pletenica_ogradica4.jpg?v=1768338466,https://cdn.shopify.com/s/files/1/0943/0738/5730/files/standard_pletenica_ogradica1.jpg?v=1768338466,https://cdn.shopify.com/s/files/1/0943/0738/5730/files/standard_pletenica_ogradica3.jpg?v=1768338466,https://cdn.shopify.com/s/files/1/0943/0738/5730/files/standard_pletenica_ogradica5.jpg?v=1768338466,https://cdn.shopify.com/s/files/1/0943/0738/5730/files/bez.jpg?v=1768338466,https://cdn.shopify.com/s/files/1/0943/0738/5730/files/puderr_oza.jpg?v=1768338466,https://cdn.shopify.com/s/files/1/0943/0738/5730/files/bijela1.jpg?v=1768338466,https://cdn.shopify.com/s/files/1/0943/0738/5730/files/Plava_pletenica.jpg?v=1776579304	in_stock	new	48.00 EUR		Baby Natur		no		Zaštitne ogradice za dječji krevetić	180cm			Siva	
shopify_ZZ_15192392466818_56205451755906	15192392466818	Zaštitna ogradica pletenica za kinderbet STANDARD BARŠUN - 200cm / Bijela	Pletenica za kinderbet STANDARD BARŠUN - ogradica za kinderbet izrađena od baršunastog pamuka, s antibakterijskom i antialergijskom ispunom - stvara nježni zagrljaj sigurnosti oko vaše bebe, štiteći je od udaraca tijekom sna. Uronite u mekoću i sigurnost - naša pletenica-ogradica za kinderbet spoj je nježnosti ručne izrade, najveće kvalitete i zaštite koju vaša beba zaslužuje. Specifikacija proizvoda Sastav: 80 % pamučni baršun, 20 % PES s antialergijskim punjenjem Certifikat: OEKO-TEX® Standard 100 Visina: cca. 15 cm Debljina: cca. 6 cm Premium zaštitna ogradica pletenica osigurava mekoću, izdržljivost i dugotrajnost, dok OEKO-TEX® Standard 100 certifikat jamči da je proizvod siguran za osjetljivu dječju kožu i bez štetnih tvari.	https://babynatur.hr/products/zastitna-ogradica-pletenica-za-kinderbet-standard-barsun?variant=56205451755906	https://cdn.shopify.com/s/files/1/0943/0738/5730/files/bijela1.jpg?v=1768338466	https://cdn.shopify.com/s/files/1/0943/0738/5730/files/standard_pletenica_ogradica2.jpg?v=1768338466,https://cdn.shopify.com/s/files/1/0943/0738/5730/files/standard_pletenica_ogradica.jpg?v=1768338466,https://cdn.shopify.com/s/files/1/0943/0738/5730/files/standard_pletenica_ogradica4.jpg?v=1768338466,https://cdn.shopify.com/s/files/1/0943/0738/5730/files/standard_pletenica_ogradica1.jpg?v=1768338466,https://cdn.shopify.com/s/files/1/0943/0738/5730/files/standard_pletenica_ogradica3.jpg?v=1768338466,https://cdn.shopify.com/s/files/1/0943/0738/5730/files/standard_pletenica_ogradica5.jpg?v=1768338466,https://cdn.shopify.com/s/files/1/0943/0738/5730/files/bez.jpg?v=1768338466,https://cdn.shopify.com/s/files/1/0943/0738/5730/files/puderr_oza.jpg?v=1768338466,https://cdn.shopify.com/s/files/1/0943/0738/5730/files/Plava_pletenica.jpg?v=1776579304,https://cdn.shopify.com/s/files/1/0943/0738/5730/files/Siva_pletenica.jpg?v=1776579304	in_stock	new	55.00 EUR		Baby Natur		no		Zaštitne ogradice za dječji krevetić	200cm			Bijela	
shopify_ZZ_15192392466818_56206748254594	15192392466818	Zaštitna ogradica pletenica za kinderbet STANDARD BARŠUN - 200cm / Krem	Pletenica za kinderbet STANDARD BARŠUN - ogradica za kinderbet izrađena od baršunastog pamuka, s antibakterijskom i antialergijskom ispunom - stvara nježni zagrljaj sigurnosti oko vaše bebe, štiteći je od udaraca tijekom sna. Uronite u mekoću i sigurnost - naša pletenica-ogradica za kinderbet spoj je nježnosti ručne izrade, najveće kvalitete i zaštite koju vaša beba zaslužuje. Specifikacija proizvoda Sastav: 80 % pamučni baršun, 20 % PES s antialergijskim punjenjem Certifikat: OEKO-TEX® Standard 100 Visina: cca. 15 cm Debljina: cca. 6 cm Premium zaštitna ogradica pletenica osigurava mekoću, izdržljivost i dugotrajnost, dok OEKO-TEX® Standard 100 certifikat jamči da je proizvod siguran za osjetljivu dječju kožu i bez štetnih tvari.	https://babynatur.hr/products/zastitna-ogradica-pletenica-za-kinderbet-standard-barsun?variant=56206748254594	https://cdn.shopify.com/s/files/1/0943/0738/5730/files/bez.jpg?v=1768338466	https://cdn.shopify.com/s/files/1/0943/0738/5730/files/standard_pletenica_ogradica2.jpg?v=1768338466,https://cdn.shopify.com/s/files/1/0943/0738/5730/files/standard_pletenica_ogradica.jpg?v=1768338466,https://cdn.shopify.com/s/files/1/0943/0738/5730/files/standard_pletenica_ogradica4.jpg?v=1768338466,https://cdn.shopify.com/s/files/1/0943/0738/5730/files/standard_pletenica_ogradica1.jpg?v=1768338466,https://cdn.shopify.com/s/files/1/0943/0738/5730/files/standard_pletenica_ogradica3.jpg?v=1768338466,https://cdn.shopify.com/s/files/1/0943/0738/5730/files/standard_pletenica_ogradica5.jpg?v=1768338466,https://cdn.shopify.com/s/files/1/0943/0738/5730/files/puderr_oza.jpg?v=1768338466,https://cdn.shopify.com/s/files/1/0943/0738/5730/files/bijela1.jpg?v=1768338466,https://cdn.shopify.com/s/files/1/0943/0738/5730/files/Plava_pletenica.jpg?v=1776579304,https://cdn.shopify.com/s/files/1/0943/0738/5730/files/Siva_pletenica.jpg?v=1776579304	in_stock	new	55.00 EUR		Baby Natur		no		Zaštitne ogradice za dječji krevetić	200cm			Krem	
shopify_ZZ_15192392466818_56206748287362	15192392466818	Zaštitna ogradica pletenica za kinderbet STANDARD BARŠUN - 200cm / Roza	Pletenica za kinderbet STANDARD BARŠUN - ogradica za kinderbet izrađena od baršunastog pamuka, s antibakterijskom i antialergijskom ispunom - stvara nježni zagrljaj sigurnosti oko vaše bebe, štiteći je od udaraca tijekom sna. Uronite u mekoću i sigurnost - naša pletenica-ogradica za kinderbet spoj je nježnosti ručne izrade, najveće kvalitete i zaštite koju vaša beba zaslužuje. Specifikacija proizvoda Sastav: 80 % pamučni baršun, 20 % PES s antialergijskim punjenjem Certifikat: OEKO-TEX® Standard 100 Visina: cca. 15 cm Debljina: cca. 6 cm Premium zaštitna ogradica pletenica osigurava mekoću, izdržljivost i dugotrajnost, dok OEKO-TEX® Standard 100 certifikat jamči da je proizvod siguran za osjetljivu dječju kožu i bez štetnih tvari.	https://babynatur.hr/products/zastitna-ogradica-pletenica-za-kinderbet-standard-barsun?variant=56206748287362	https://cdn.shopify.com/s/files/1/0943/0738/5730/files/puderr_oza.jpg?v=1768338466	https://cdn.shopify.com/s/files/1/0943/0738/5730/files/standard_pletenica_ogradica2.jpg?v=1768338466,https://cdn.shopify.com/s/files/1/0943/0738/5730/files/standard_pletenica_ogradica.jpg?v=1768338466,https://cdn.shopify.com/s/files/1/0943/0738/5730/files/standard_pletenica_ogradica4.jpg?v=1768338466,https://cdn.shopify.com/s/files/1/0943/0738/5730/files/standard_pletenica_ogradica1.jpg?v=1768338466,https://cdn.shopify.com/s/files/1/0943/0738/5730/files/standard_pletenica_ogradica3.jpg?v=1768338466,https://cdn.shopify.com/s/files/1/0943/0738/5730/files/standard_pletenica_ogradica5.jpg?v=1768338466,https://cdn.shopify.com/s/files/1/0943/0738/5730/files/bez.jpg?v=1768338466,https://cdn.shopify.com/s/files/1/0943/0738/5730/files/bijela1.jpg?v=1768338466,https://cdn.shopify.com/s/files/1/0943/0738/5730/files/Plava_pletenica.jpg?v=1776579304,https://cdn.shopify.com/s/files/1/0943/0738/5730/files/Siva_pletenica.jpg?v=1776579304	in_stock	new	55.00 EUR		Baby Natur		no		Zaštitne ogradice za dječji krevetić	200cm			Roza	
shopify_ZZ_15192392466818_56573212098946	15192392466818	Zaštitna ogradica pletenica za kinderbet STANDARD BARŠUN - 200cm / Plava	Pletenica za kinderbet STANDARD BARŠUN - ogradica za kinderbet izrađena od baršunastog pamuka, s antibakterijskom i antialergijskom ispunom - stvara nježni zagrljaj sigurnosti oko vaše bebe, štiteći je od udaraca tijekom sna. Uronite u mekoću i sigurnost - naša pletenica-ogradica za kinderbet spoj je nježnosti ručne izrade, najveće kvalitete i zaštite koju vaša beba zaslužuje. Specifikacija proizvoda Sastav: 80 % pamučni baršun, 20 % PES s antialergijskim punjenjem Certifikat: OEKO-TEX® Standard 100 Visina: cca. 15 cm Debljina: cca. 6 cm Premium zaštitna ogradica pletenica osigurava mekoću, izdržljivost i dugotrajnost, dok OEKO-TEX® Standard 100 certifikat jamči da je proizvod siguran za osjetljivu dječju kožu i bez štetnih tvari.	https://babynatur.hr/products/zastitna-ogradica-pletenica-za-kinderbet-standard-barsun?variant=56573212098946	https://cdn.shopify.com/s/files/1/0943/0738/5730/files/Plava_pletenica.jpg?v=1776579304	https://cdn.shopify.com/s/files/1/0943/0738/5730/files/standard_pletenica_ogradica2.jpg?v=1768338466,https://cdn.shopify.com/s/files/1/0943/0738/5730/files/standard_pletenica_ogradica.jpg?v=1768338466,https://cdn.shopify.com/s/files/1/0943/0738/5730/files/standard_pletenica_ogradica4.jpg?v=1768338466,https://cdn.shopify.com/s/files/1/0943/0738/5730/files/standard_pletenica_ogradica1.jpg?v=1768338466,https://cdn.shopify.com/s/files/1/0943/0738/5730/files/standard_pletenica_ogradica3.jpg?v=1768338466,https://cdn.shopify.com/s/files/1/0943/0738/5730/files/standard_pletenica_ogradica5.jpg?v=1768338466,https://cdn.shopify.com/s/files/1/0943/0738/5730/files/bez.jpg?v=1768338466,https://cdn.shopify.com/s/files/1/0943/0738/5730/files/puderr_oza.jpg?v=1768338466,https://cdn.shopify.com/s/files/1/0943/0738/5730/files/bijela1.jpg?v=1768338466,https://cdn.shopify.com/s/files/1/0943/0738/5730/files/Siva_pletenica.jpg?v=1776579304	in_stock	new	55.00 EUR		Baby Natur		no		Zaštitne ogradice za dječji krevetić	200cm			Plava	
shopify_ZZ_15192392466818_56573212131714	15192392466818	Zaštitna ogradica pletenica za kinderbet STANDARD BARŠUN - 200cm / Siva	Pletenica za kinderbet STANDARD BARŠUN - ogradica za kinderbet izrađena od baršunastog pamuka, s antibakterijskom i antialergijskom ispunom - stvara nježni zagrljaj sigurnosti oko vaše bebe, štiteći je od udaraca tijekom sna. Uronite u mekoću i sigurnost - naša pletenica-ogradica za kinderbet spoj je nježnosti ručne izrade, najveće kvalitete i zaštite koju vaša beba zaslužuje. Specifikacija proizvoda Sastav: 80 % pamučni baršun, 20 % PES s antialergijskim punjenjem Certifikat: OEKO-TEX® Standard 100 Visina: cca. 15 cm Debljina: cca. 6 cm Premium zaštitna ogradica pletenica osigurava mekoću, izdržljivost i dugotrajnost, dok OEKO-TEX® Standard 100 certifikat jamči da je proizvod siguran za osjetljivu dječju kožu i bez štetnih tvari.	https://babynatur.hr/products/zastitna-ogradica-pletenica-za-kinderbet-standard-barsun?variant=56573212131714	https://cdn.shopify.com/s/files/1/0943/0738/5730/files/Siva_pletenica.jpg?v=1776579304	https://cdn.shopify.com/s/files/1/0943/0738/5730/files/standard_pletenica_ogradica2.jpg?v=1768338466,https://cdn.shopify.com/s/files/1/0943/0738/5730/files/standard_pletenica_ogradica.jpg?v=1768338466,https://cdn.shopify.com/s/files/1/0943/0738/5730/files/standard_pletenica_ogradica4.jpg?v=1768338466,https://cdn.shopify.com/s/files/1/0943/0738/5730/files/standard_pletenica_ogradica1.jpg?v=1768338466,https://cdn.shopify.com/s/files/1/0943/0738/5730/files/standard_pletenica_ogradica3.jpg?v=1768338466,https://cdn.shopify.com/s/files/1/0943/0738/5730/files/standard_pletenica_ogradica5.jpg?v=1768338466,https://cdn.shopify.com/s/files/1/0943/0738/5730/files/bez.jpg?v=1768338466,https://cdn.shopify.com/s/files/1/0943/0738/5730/files/puderr_oza.jpg?v=1768338466,https://cdn.shopify.com/s/files/1/0943/0738/5730/files/bijela1.jpg?v=1768338466,https://cdn.shopify.com/s/files/1/0943/0738/5730/files/Plava_pletenica.jpg?v=1776579304	in_stock	new	55.00 EUR		Baby Natur		no		Zaštitne ogradice za dječji krevetić	200cm			Siva	
shopify_ZZ_15192392466818_56205451821442	15192392466818	Zaštitna ogradica pletenica za kinderbet STANDARD BARŠUN - 240cm / Bijela	Pletenica za kinderbet STANDARD BARŠUN - ogradica za kinderbet izrađena od baršunastog pamuka, s antibakterijskom i antialergijskom ispunom - stvara nježni zagrljaj sigurnosti oko vaše bebe, štiteći je od udaraca tijekom sna. Uronite u mekoću i sigurnost - naša pletenica-ogradica za kinderbet spoj je nježnosti ručne izrade, najveće kvalitete i zaštite koju vaša beba zaslužuje. Specifikacija proizvoda Sastav: 80 % pamučni baršun, 20 % PES s antialergijskim punjenjem Certifikat: OEKO-TEX® Standard 100 Visina: cca. 15 cm Debljina: cca. 6 cm Premium zaštitna ogradica pletenica osigurava mekoću, izdržljivost i dugotrajnost, dok OEKO-TEX® Standard 100 certifikat jamči da je proizvod siguran za osjetljivu dječju kožu i bez štetnih tvari.	https://babynatur.hr/products/zastitna-ogradica-pletenica-za-kinderbet-standard-barsun?variant=56205451821442	https://cdn.shopify.com/s/files/1/0943/0738/5730/files/bijela1.jpg?v=1768338466	https://cdn.shopify.com/s/files/1/0943/0738/5730/files/standard_pletenica_ogradica2.jpg?v=1768338466,https://cdn.shopify.com/s/files/1/0943/0738/5730/files/standard_pletenica_ogradica.jpg?v=1768338466,https://cdn.shopify.com/s/files/1/0943/0738/5730/files/standard_pletenica_ogradica4.jpg?v=1768338466,https://cdn.shopify.com/s/files/1/0943/0738/5730/files/standard_pletenica_ogradica1.jpg?v=1768338466,https://cdn.shopify.com/s/files/1/0943/0738/5730/files/standard_pletenica_ogradica3.jpg?v=1768338466,https://cdn.shopify.com/s/files/1/0943/0738/5730/files/standard_pletenica_ogradica5.jpg?v=1768338466,https://cdn.shopify.com/s/files/1/0943/0738/5730/files/bez.jpg?v=1768338466,https://cdn.shopify.com/s/files/1/0943/0738/5730/files/puderr_oza.jpg?v=1768338466,https://cdn.shopify.com/s/files/1/0943/0738/5730/files/Plava_pletenica.jpg?v=1776579304,https://cdn.shopify.com/s/files/1/0943/0738/5730/files/Siva_pletenica.jpg?v=1776579304	in_stock	new	60.00 EUR		Baby Natur		no		Zaštitne ogradice za dječji krevetić	240cm			Bijela	
shopify_ZZ_15192392466818_56206748320130	15192392466818	Zaštitna ogradica pletenica za kinderbet STANDARD BARŠUN - 240cm / Krem	Pletenica za kinderbet STANDARD BARŠUN - ogradica za kinderbet izrađena od baršunastog pamuka, s antibakterijskom i antialergijskom ispunom - stvara nježni zagrljaj sigurnosti oko vaše bebe, štiteći je od udaraca tijekom sna. Uronite u mekoću i sigurnost - naša pletenica-ogradica za kinderbet spoj je nježnosti ručne izrade, najveće kvalitete i zaštite koju vaša beba zaslužuje. Specifikacija proizvoda Sastav: 80 % pamučni baršun, 20 % PES s antialergijskim punjenjem Certifikat: OEKO-TEX® Standard 100 Visina: cca. 15 cm Debljina: cca. 6 cm Premium zaštitna ogradica pletenica osigurava mekoću, izdržljivost i dugotrajnost, dok OEKO-TEX® Standard 100 certifikat jamči da je proizvod siguran za osjetljivu dječju kožu i bez štetnih tvari.	https://babynatur.hr/products/zastitna-ogradica-pletenica-za-kinderbet-standard-barsun?variant=56206748320130	https://cdn.shopify.com/s/files/1/0943/0738/5730/files/bez.jpg?v=1768338466	https://cdn.shopify.com/s/files/1/0943/0738/5730/files/standard_pletenica_ogradica2.jpg?v=1768338466,https://cdn.shopify.com/s/files/1/0943/0738/5730/files/standard_pletenica_ogradica.jpg?v=1768338466,https://cdn.shopify.com/s/files/1/0943/0738/5730/files/standard_pletenica_ogradica4.jpg?v=1768338466,https://cdn.shopify.com/s/files/1/0943/0738/5730/files/standard_pletenica_ogradica1.jpg?v=1768338466,https://cdn.shopify.com/s/files/1/0943/0738/5730/files/standard_pletenica_ogradica3.jpg?v=1768338466,https://cdn.shopify.com/s/files/1/0943/0738/5730/files/standard_pletenica_ogradica5.jpg?v=1768338466,https://cdn.shopify.com/s/files/1/0943/0738/5730/files/puderr_oza.jpg?v=1768338466,https://cdn.shopify.com/s/files/1/0943/0738/5730/files/bijela1.jpg?v=1768338466,https://cdn.shopify.com/s/files/1/0943/0738/5730/files/Plava_pletenica.jpg?v=1776579304,https://cdn.shopify.com/s/files/1/0943/0738/5730/files/Siva_pletenica.jpg?v=1776579304	in_stock	new	60.00 EUR		Baby Natur		no		Zaštitne ogradice za dječji krevetić	240cm			Krem	
shopify_ZZ_15192392466818_56206748352898	15192392466818	Zaštitna ogradica pletenica za kinderbet STANDARD BARŠUN - 240cm / Roza	Pletenica za kinderbet STANDARD BARŠUN - ogradica za kinderbet izrađena od baršunastog pamuka, s antibakterijskom i antialergijskom ispunom - stvara nježni zagrljaj sigurnosti oko vaše bebe, štiteći je od udaraca tijekom sna. Uronite u mekoću i sigurnost - naša pletenica-ogradica za kinderbet spoj je nježnosti ručne izrade, najveće kvalitete i zaštite koju vaša beba zaslužuje. Specifikacija proizvoda Sastav: 80 % pamučni baršun, 20 % PES s antialergijskim punjenjem Certifikat: OEKO-TEX® Standard 100 Visina: cca. 15 cm Debljina: cca. 6 cm Premium zaštitna ogradica pletenica osigurava mekoću, izdržljivost i dugotrajnost, dok OEKO-TEX® Standard 100 certifikat jamči da je proizvod siguran za osjetljivu dječju kožu i bez štetnih tvari.	https://babynatur.hr/products/zastitna-ogradica-pletenica-za-kinderbet-standard-barsun?variant=56206748352898	https://cdn.shopify.com/s/files/1/0943/0738/5730/files/puderr_oza.jpg?v=1768338466	https://cdn.shopify.com/s/files/1/0943/0738/5730/files/standard_pletenica_ogradica2.jpg?v=1768338466,https://cdn.shopify.com/s/files/1/0943/0738/5730/files/standard_pletenica_ogradica.jpg?v=1768338466,https://cdn.shopify.com/s/files/1/0943/0738/5730/files/standard_pletenica_ogradica4.jpg?v=1768338466,https://cdn.shopify.com/s/files/1/0943/0738/5730/files/standard_pletenica_ogradica1.jpg?v=1768338466,https://cdn.shopify.com/s/files/1/0943/0738/5730/files/standard_pletenica_ogradica3.jpg?v=1768338466,https://cdn.shopify.com/s/files/1/0943/0738/5730/files/standard_pletenica_ogradica5.jpg?v=1768338466,https://cdn.shopify.com/s/files/1/0943/0738/5730/files/bez.jpg?v=1768338466,https://cdn.shopify.com/s/files/1/0943/0738/5730/files/bijela1.jpg?v=1768338466,https://cdn.shopify.com/s/files/1/0943/0738/5730/files/Plava_pletenica.jpg?v=1776579304,https://cdn.shopify.com/s/files/1/0943/0738/5730/files/Siva_pletenica.jpg?v=1776579304	in_stock	new	60.00 EUR		Baby Natur		no		Zaštitne ogradice za dječji krevetić	240cm			Roza	
shopify_ZZ_15192392466818_56573212164482	15192392466818	Zaštitna ogradica pletenica za kinderbet STANDARD BARŠUN - 240cm / Plava	Pletenica za kinderbet STANDARD BARŠUN - ogradica za kinderbet izrađena od baršunastog pamuka, s antibakterijskom i antialergijskom ispunom - stvara nježni zagrljaj sigurnosti oko vaše bebe, štiteći je od udaraca tijekom sna. Uronite u mekoću i sigurnost - naša pletenica-ogradica za kinderbet spoj je nježnosti ručne izrade, najveće kvalitete i zaštite koju vaša beba zaslužuje. Specifikacija proizvoda Sastav: 80 % pamučni baršun, 20 % PES s antialergijskim punjenjem Certifikat: OEKO-TEX® Standard 100 Visina: cca. 15 cm Debljina: cca. 6 cm Premium zaštitna ogradica pletenica osigurava mekoću, izdržljivost i dugotrajnost, dok OEKO-TEX® Standard 100 certifikat jamči da je proizvod siguran za osjetljivu dječju kožu i bez štetnih tvari.	https://babynatur.hr/products/zastitna-ogradica-pletenica-za-kinderbet-standard-barsun?variant=56573212164482	https://cdn.shopify.com/s/files/1/0943/0738/5730/files/Plava_pletenica.jpg?v=1776579304	https://cdn.shopify.com/s/files/1/0943/0738/5730/files/standard_pletenica_ogradica2.jpg?v=1768338466,https://cdn.shopify.com/s/files/1/0943/0738/5730/files/standard_pletenica_ogradica.jpg?v=1768338466,https://cdn.shopify.com/s/files/1/0943/0738/5730/files/standard_pletenica_ogradica4.jpg?v=1768338466,https://cdn.shopify.com/s/files/1/0943/0738/5730/files/standard_pletenica_ogradica1.jpg?v=1768338466,https://cdn.shopify.com/s/files/1/0943/0738/5730/files/standard_pletenica_ogradica3.jpg?v=1768338466,https://cdn.shopify.com/s/files/1/0943/0738/5730/files/standard_pletenica_ogradica5.jpg?v=1768338466,https://cdn.shopify.com/s/files/1/0943/0738/5730/files/bez.jpg?v=1768338466,https://cdn.shopify.com/s/files/1/0943/0738/5730/files/puderr_oza.jpg?v=1768338466,https://cdn.shopify.com/s/files/1/0943/0738/5730/files/bijela1.jpg?v=1768338466,https://cdn.shopify.com/s/files/1/0943/0738/5730/files/Siva_pletenica.jpg?v=1776579304	in_stock	new	60.00 EUR		Baby Natur		no		Zaštitne ogradice za dječji krevetić	240cm			Plava	
shopify_ZZ_15192392466818_56573212197250	15192392466818	Zaštitna ogradica pletenica za kinderbet STANDARD BARŠUN - 240cm / Siva	Pletenica za kinderbet STANDARD BARŠUN - ogradica za kinderbet izrađena od baršunastog pamuka, s antibakterijskom i antialergijskom ispunom - stvara nježni zagrljaj sigurnosti oko vaše bebe, štiteći je od udaraca tijekom sna. Uronite u mekoću i sigurnost - naša pletenica-ogradica za kinderbet spoj je nježnosti ručne izrade, najveće kvalitete i zaštite koju vaša beba zaslužuje. Specifikacija proizvoda Sastav: 80 % pamučni baršun, 20 % PES s antialergijskim punjenjem Certifikat: OEKO-TEX® Standard 100 Visina: cca. 15 cm Debljina: cca. 6 cm Premium zaštitna ogradica pletenica osigurava mekoću, izdržljivost i dugotrajnost, dok OEKO-TEX® Standard 100 certifikat jamči da je proizvod siguran za osjetljivu dječju kožu i bez štetnih tvari.	https://babynatur.hr/products/zastitna-ogradica-pletenica-za-kinderbet-standard-barsun?variant=56573212197250	https://cdn.shopify.com/s/files/1/0943/0738/5730/files/Siva_pletenica.jpg?v=1776579304	https://cdn.shopify.com/s/files/1/0943/0738/5730/files/standard_pletenica_ogradica2.jpg?v=1768338466,https://cdn.shopify.com/s/files/1/0943/0738/5730/files/standard_pletenica_ogradica.jpg?v=1768338466,https://cdn.shopify.com/s/files/1/0943/0738/5730/files/standard_pletenica_ogradica4.jpg?v=1768338466,https://cdn.shopify.com/s/files/1/0943/0738/5730/files/standard_pletenica_ogradica1.jpg?v=1768338466,https://cdn.shopify.com/s/files/1/0943/0738/5730/files/standard_pletenica_ogradica3.jpg?v=1768338466,https://cdn.shopify.com/s/files/1/0943/0738/5730/files/standard_pletenica_ogradica5.jpg?v=1768338466,https://cdn.shopify.com/s/files/1/0943/0738/5730/files/bez.jpg?v=1768338466,https://cdn.shopify.com/s/files/1/0943/0738/5730/files/puderr_oza.jpg?v=1768338466,https://cdn.shopify.com/s/files/1/0943/0738/5730/files/bijela1.jpg?v=1768338466,https://cdn.shopify.com/s/files/1/0943/0738/5730/files/Plava_pletenica.jpg?v=1776579304	in_stock	new	60.00 EUR		Baby Natur		no		Zaštitne ogradice za dječji krevetić	240cm			Siva	
shopify_ZZ_15192392466818_56205451886978	15192392466818	Zaštitna ogradica pletenica za kinderbet STANDARD BARŠUN - 300cm / Bijela	Pletenica za kinderbet STANDARD BARŠUN - ogradica za kinderbet izrađena od baršunastog pamuka, s antibakterijskom i antialergijskom ispunom - stvara nježni zagrljaj sigurnosti oko vaše bebe, štiteći je od udaraca tijekom sna. Uronite u mekoću i sigurnost - naša pletenica-ogradica za kinderbet spoj je nježnosti ručne izrade, najveće kvalitete i zaštite koju vaša beba zaslužuje. Specifikacija proizvoda Sastav: 80 % pamučni baršun, 20 % PES s antialergijskim punjenjem Certifikat: OEKO-TEX® Standard 100 Visina: cca. 15 cm Debljina: cca. 6 cm Premium zaštitna ogradica pletenica osigurava mekoću, izdržljivost i dugotrajnost, dok OEKO-TEX® Standard 100 certifikat jamči da je proizvod siguran za osjetljivu dječju kožu i bez štetnih tvari.	https://babynatur.hr/products/zastitna-ogradica-pletenica-za-kinderbet-standard-barsun?variant=56205451886978	https://cdn.shopify.com/s/files/1/0943/0738/5730/files/bijela1.jpg?v=1768338466	https://cdn.shopify.com/s/files/1/0943/0738/5730/files/standard_pletenica_ogradica2.jpg?v=1768338466,https://cdn.shopify.com/s/files/1/0943/0738/5730/files/standard_pletenica_ogradica.jpg?v=1768338466,https://cdn.shopify.com/s/files/1/0943/0738/5730/files/standard_pletenica_ogradica4.jpg?v=1768338466,https://cdn.shopify.com/s/files/1/0943/0738/5730/files/standard_pletenica_ogradica1.jpg?v=1768338466,https://cdn.shopify.com/s/files/1/0943/0738/5730/files/standard_pletenica_ogradica3.jpg?v=1768338466,https://cdn.shopify.com/s/files/1/0943/0738/5730/files/standard_pletenica_ogradica5.jpg?v=1768338466,https://cdn.shopify.com/s/files/1/0943/0738/5730/files/bez.jpg?v=1768338466,https://cdn.shopify.com/s/files/1/0943/0738/5730/files/puderr_oza.jpg?v=1768338466,https://cdn.shopify.com/s/files/1/0943/0738/5730/files/Plava_pletenica.jpg?v=1776579304,https://cdn.shopify.com/s/files/1/0943/0738/5730/files/Siva_pletenica.jpg?v=1776579304	in_stock	new	75.00 EUR		Baby Natur		no		Zaštitne ogradice za dječji krevetić	300cm			Bijela	
shopify_ZZ_15192392466818_56206748385666	15192392466818	Zaštitna ogradica pletenica za kinderbet STANDARD BARŠUN - 300cm / Krem	Pletenica za kinderbet STANDARD BARŠUN - ogradica za kinderbet izrađena od baršunastog pamuka, s antibakterijskom i antialergijskom ispunom - stvara nježni zagrljaj sigurnosti oko vaše bebe, štiteći je od udaraca tijekom sna. Uronite u mekoću i sigurnost - naša pletenica-ogradica za kinderbet spoj je nježnosti ručne izrade, najveće kvalitete i zaštite koju vaša beba zaslužuje. Specifikacija proizvoda Sastav: 80 % pamučni baršun, 20 % PES s antialergijskim punjenjem Certifikat: OEKO-TEX® Standard 100 Visina: cca. 15 cm Debljina: cca. 6 cm Premium zaštitna ogradica pletenica osigurava mekoću, izdržljivost i dugotrajnost, dok OEKO-TEX® Standard 100 certifikat jamči da je proizvod siguran za osjetljivu dječju kožu i bez štetnih tvari.	https://babynatur.hr/products/zastitna-ogradica-pletenica-za-kinderbet-standard-barsun?variant=56206748385666	https://cdn.shopify.com/s/files/1/0943/0738/5730/files/bez.jpg?v=1768338466	https://cdn.shopify.com/s/files/1/0943/0738/5730/files/standard_pletenica_ogradica2.jpg?v=1768338466,https://cdn.shopify.com/s/files/1/0943/0738/5730/files/standard_pletenica_ogradica.jpg?v=1768338466,https://cdn.shopify.com/s/files/1/0943/0738/5730/files/standard_pletenica_ogradica4.jpg?v=1768338466,https://cdn.shopify.com/s/files/1/0943/0738/5730/files/standard_pletenica_ogradica1.jpg?v=1768338466,https://cdn.shopify.com/s/files/1/0943/0738/5730/files/standard_pletenica_ogradica3.jpg?v=1768338466,https://cdn.shopify.com/s/files/1/0943/0738/5730/files/standard_pletenica_ogradica5.jpg?v=1768338466,https://cdn.shopify.com/s/files/1/0943/0738/5730/files/puderr_oza.jpg?v=1768338466,https://cdn.shopify.com/s/files/1/0943/0738/5730/files/bijela1.jpg?v=1768338466,https://cdn.shopify.com/s/files/1/0943/0738/5730/files/Plava_pletenica.jpg?v=1776579304,https://cdn.shopify.com/s/files/1/0943/0738/5730/files/Siva_pletenica.jpg?v=1776579304	in_stock	new	75.00 EUR		Baby Natur		no		Zaštitne ogradice za dječji krevetić	300cm			Krem	
shopify_ZZ_15192392466818_56206748418434	15192392466818	Zaštitna ogradica pletenica za kinderbet STANDARD BARŠUN - 300cm / Roza	Pletenica za kinderbet STANDARD BARŠUN - ogradica za kinderbet izrađena od baršunastog pamuka, s antibakterijskom i antialergijskom ispunom - stvara nježni zagrljaj sigurnosti oko vaše bebe, štiteći je od udaraca tijekom sna. Uronite u mekoću i sigurnost - naša pletenica-ogradica za kinderbet spoj je nježnosti ručne izrade, najveće kvalitete i zaštite koju vaša beba zaslužuje. Specifikacija proizvoda Sastav: 80 % pamučni baršun, 20 % PES s antialergijskim punjenjem Certifikat: OEKO-TEX® Standard 100 Visina: cca. 15 cm Debljina: cca. 6 cm Premium zaštitna ogradica pletenica osigurava mekoću, izdržljivost i dugotrajnost, dok OEKO-TEX® Standard 100 certifikat jamči da je proizvod siguran za osjetljivu dječju kožu i bez štetnih tvari.	https://babynatur.hr/products/zastitna-ogradica-pletenica-za-kinderbet-standard-barsun?variant=56206748418434	https://cdn.shopify.com/s/files/1/0943/0738/5730/files/puderr_oza.jpg?v=1768338466	https://cdn.shopify.com/s/files/1/0943/0738/5730/files/standard_pletenica_ogradica2.jpg?v=1768338466,https://cdn.shopify.com/s/files/1/0943/0738/5730/files/standard_pletenica_ogradica.jpg?v=1768338466,https://cdn.shopify.com/s/files/1/0943/0738/5730/files/standard_pletenica_ogradica4.jpg?v=1768338466,https://cdn.shopify.com/s/files/1/0943/0738/5730/files/standard_pletenica_ogradica1.jpg?v=1768338466,https://cdn.shopify.com/s/files/1/0943/0738/5730/files/standard_pletenica_ogradica3.jpg?v=1768338466,https://cdn.shopify.com/s/files/1/0943/0738/5730/files/standard_pletenica_ogradica5.jpg?v=1768338466,https://cdn.shopify.com/s/files/1/0943/0738/5730/files/bez.jpg?v=1768338466,https://cdn.shopify.com/s/files/1/0943/0738/5730/files/bijela1.jpg?v=1768338466,https://cdn.shopify.com/s/files/1/0943/0738/5730/files/Plava_pletenica.jpg?v=1776579304,https://cdn.shopify.com/s/files/1/0943/0738/5730/files/Siva_pletenica.jpg?v=1776579304	in_stock	new	75.00 EUR		Baby Natur		no		Zaštitne ogradice za dječji krevetić	300cm			Roza	
shopify_ZZ_15192392466818_56573212230018	15192392466818	Zaštitna ogradica pletenica za kinderbet STANDARD BARŠUN - 300cm / Plava	Pletenica za kinderbet STANDARD BARŠUN - ogradica za kinderbet izrađena od baršunastog pamuka, s antibakterijskom i antialergijskom ispunom - stvara nježni zagrljaj sigurnosti oko vaše bebe, štiteći je od udaraca tijekom sna. Uronite u mekoću i sigurnost - naša pletenica-ogradica za kinderbet spoj je nježnosti ručne izrade, najveće kvalitete i zaštite koju vaša beba zaslužuje. Specifikacija proizvoda Sastav: 80 % pamučni baršun, 20 % PES s antialergijskim punjenjem Certifikat: OEKO-TEX® Standard 100 Visina: cca. 15 cm Debljina: cca. 6 cm Premium zaštitna ogradica pletenica osigurava mekoću, izdržljivost i dugotrajnost, dok OEKO-TEX® Standard 100 certifikat jamči da je proizvod siguran za osjetljivu dječju kožu i bez štetnih tvari.	https://babynatur.hr/products/zastitna-ogradica-pletenica-za-kinderbet-standard-barsun?variant=56573212230018	https://cdn.shopify.com/s/files/1/0943/0738/5730/files/Plava_pletenica.jpg?v=1776579304	https://cdn.shopify.com/s/files/1/0943/0738/5730/files/standard_pletenica_ogradica2.jpg?v=1768338466,https://cdn.shopify.com/s/files/1/0943/0738/5730/files/standard_pletenica_ogradica.jpg?v=1768338466,https://cdn.shopify.com/s/files/1/0943/0738/5730/files/standard_pletenica_ogradica4.jpg?v=1768338466,https://cdn.shopify.com/s/files/1/0943/0738/5730/files/standard_pletenica_ogradica1.jpg?v=1768338466,https://cdn.shopify.com/s/files/1/0943/0738/5730/files/standard_pletenica_ogradica3.jpg?v=1768338466,https://cdn.shopify.com/s/files/1/0943/0738/5730/files/standard_pletenica_ogradica5.jpg?v=1768338466,https://cdn.shopify.com/s/files/1/0943/0738/5730/files/bez.jpg?v=1768338466,https://cdn.shopify.com/s/files/1/0943/0738/5730/files/puderr_oza.jpg?v=1768338466,https://cdn.shopify.com/s/files/1/0943/0738/5730/files/bijela1.jpg?v=1768338466,https://cdn.shopify.com/s/files/1/0943/0738/5730/files/Siva_pletenica.jpg?v=1776579304	in_stock	new	75.00 EUR		Baby Natur		no		Zaštitne ogradice za dječji krevetić	300cm			Plava	
shopify_ZZ_15192392466818_56573212262786	15192392466818	Zaštitna ogradica pletenica za kinderbet STANDARD BARŠUN - 300cm / Siva	Pletenica za kinderbet STANDARD BARŠUN - ogradica za kinderbet izrađena od baršunastog pamuka, s antibakterijskom i antialergijskom ispunom - stvara nježni zagrljaj sigurnosti oko vaše bebe, štiteći je od udaraca tijekom sna. Uronite u mekoću i sigurnost - naša pletenica-ogradica za kinderbet spoj je nježnosti ručne izrade, najveće kvalitete i zaštite koju vaša beba zaslužuje. Specifikacija proizvoda Sastav: 80 % pamučni baršun, 20 % PES s antialergijskim punjenjem Certifikat: OEKO-TEX® Standard 100 Visina: cca. 15 cm Debljina: cca. 6 cm Premium zaštitna ogradica pletenica osigurava mekoću, izdržljivost i dugotrajnost, dok OEKO-TEX® Standard 100 certifikat jamči da je proizvod siguran za osjetljivu dječju kožu i bez štetnih tvari.	https://babynatur.hr/products/zastitna-ogradica-pletenica-za-kinderbet-standard-barsun?variant=56573212262786	https://cdn.shopify.com/s/files/1/0943/0738/5730/files/Siva_pletenica.jpg?v=1776579304	https://cdn.shopify.com/s/files/1/0943/0738/5730/files/standard_pletenica_ogradica2.jpg?v=1768338466,https://cdn.shopify.com/s/files/1/0943/0738/5730/files/standard_pletenica_ogradica.jpg?v=1768338466,https://cdn.shopify.com/s/files/1/0943/0738/5730/files/standard_pletenica_ogradica4.jpg?v=1768338466,https://cdn.shopify.com/s/files/1/0943/0738/5730/files/standard_pletenica_ogradica1.jpg?v=1768338466,https://cdn.shopify.com/s/files/1/0943/0738/5730/files/standard_pletenica_ogradica3.jpg?v=1768338466,https://cdn.shopify.com/s/files/1/0943/0738/5730/files/standard_pletenica_ogradica5.jpg?v=1768338466,https://cdn.shopify.com/s/files/1/0943/0738/5730/files/bez.jpg?v=1768338466,https://cdn.shopify.com/s/files/1/0943/0738/5730/files/puderr_oza.jpg?v=1768338466,https://cdn.shopify.com/s/files/1/0943/0738/5730/files/bijela1.jpg?v=1768338466,https://cdn.shopify.com/s/files/1/0943/0738/5730/files/Plava_pletenica.jpg?v=1776579304	in_stock	new	75.00 EUR		Baby Natur		no		Zaštitne ogradice za dječji krevetić	300cm			Siva	
shopify_ZZ_15192392466818_56573226549634	15192392466818	Zaštitna ogradica pletenica za kinderbet STANDARD BARŠUN - 350cm / Bijela	Pletenica za kinderbet STANDARD BARŠUN - ogradica za kinderbet izrađena od baršunastog pamuka, s antibakterijskom i antialergijskom ispunom - stvara nježni zagrljaj sigurnosti oko vaše bebe, štiteći je od udaraca tijekom sna. Uronite u mekoću i sigurnost - naša pletenica-ogradica za kinderbet spoj je nježnosti ručne izrade, najveće kvalitete i zaštite koju vaša beba zaslužuje. Specifikacija proizvoda Sastav: 80 % pamučni baršun, 20 % PES s antialergijskim punjenjem Certifikat: OEKO-TEX® Standard 100 Visina: cca. 15 cm Debljina: cca. 6 cm Premium zaštitna ogradica pletenica osigurava mekoću, izdržljivost i dugotrajnost, dok OEKO-TEX® Standard 100 certifikat jamči da je proizvod siguran za osjetljivu dječju kožu i bez štetnih tvari.	https://babynatur.hr/products/zastitna-ogradica-pletenica-za-kinderbet-standard-barsun?variant=56573226549634	https://cdn.shopify.com/s/files/1/0943/0738/5730/files/bijela1.jpg?v=1768338466	https://cdn.shopify.com/s/files/1/0943/0738/5730/files/standard_pletenica_ogradica2.jpg?v=1768338466,https://cdn.shopify.com/s/files/1/0943/0738/5730/files/standard_pletenica_ogradica.jpg?v=1768338466,https://cdn.shopify.com/s/files/1/0943/0738/5730/files/standard_pletenica_ogradica4.jpg?v=1768338466,https://cdn.shopify.com/s/files/1/0943/0738/5730/files/standard_pletenica_ogradica1.jpg?v=1768338466,https://cdn.shopify.com/s/files/1/0943/0738/5730/files/standard_pletenica_ogradica3.jpg?v=1768338466,https://cdn.shopify.com/s/files/1/0943/0738/5730/files/standard_pletenica_ogradica5.jpg?v=1768338466,https://cdn.shopify.com/s/files/1/0943/0738/5730/files/bez.jpg?v=1768338466,https://cdn.shopify.com/s/files/1/0943/0738/5730/files/puderr_oza.jpg?v=1768338466,https://cdn.shopify.com/s/files/1/0943/0738/5730/files/Plava_pletenica.jpg?v=1776579304,https://cdn.shopify.com/s/files/1/0943/0738/5730/files/Siva_pletenica.jpg?v=1776579304	in_stock	new	90.00 EUR		Baby Natur		no		Zaštitne ogradice za dječji krevetić	350cm			Bijela	
shopify_ZZ_15192392466818_56573226582402	15192392466818	Zaštitna ogradica pletenica za kinderbet STANDARD BARŠUN - 350cm / Krem	Pletenica za kinderbet STANDARD BARŠUN - ogradica za kinderbet izrađena od baršunastog pamuka, s antibakterijskom i antialergijskom ispunom - stvara nježni zagrljaj sigurnosti oko vaše bebe, štiteći je od udaraca tijekom sna. Uronite u mekoću i sigurnost - naša pletenica-ogradica za kinderbet spoj je nježnosti ručne izrade, najveće kvalitete i zaštite koju vaša beba zaslužuje. Specifikacija proizvoda Sastav: 80 % pamučni baršun, 20 % PES s antialergijskim punjenjem Certifikat: OEKO-TEX® Standard 100 Visina: cca. 15 cm Debljina: cca. 6 cm Premium zaštitna ogradica pletenica osigurava mekoću, izdržljivost i dugotrajnost, dok OEKO-TEX® Standard 100 certifikat jamči da je proizvod siguran za osjetljivu dječju kožu i bez štetnih tvari.	https://babynatur.hr/products/zastitna-ogradica-pletenica-za-kinderbet-standard-barsun?variant=56573226582402	https://cdn.shopify.com/s/files/1/0943/0738/5730/files/bijela1.jpg?v=1768338466	https://cdn.shopify.com/s/files/1/0943/0738/5730/files/standard_pletenica_ogradica2.jpg?v=1768338466,https://cdn.shopify.com/s/files/1/0943/0738/5730/files/standard_pletenica_ogradica.jpg?v=1768338466,https://cdn.shopify.com/s/files/1/0943/0738/5730/files/standard_pletenica_ogradica4.jpg?v=1768338466,https://cdn.shopify.com/s/files/1/0943/0738/5730/files/standard_pletenica_ogradica1.jpg?v=1768338466,https://cdn.shopify.com/s/files/1/0943/0738/5730/files/standard_pletenica_ogradica3.jpg?v=1768338466,https://cdn.shopify.com/s/files/1/0943/0738/5730/files/standard_pletenica_ogradica5.jpg?v=1768338466,https://cdn.shopify.com/s/files/1/0943/0738/5730/files/bez.jpg?v=1768338466,https://cdn.shopify.com/s/files/1/0943/0738/5730/files/puderr_oza.jpg?v=1768338466,https://cdn.shopify.com/s/files/1/0943/0738/5730/files/Plava_pletenica.jpg?v=1776579304,https://cdn.shopify.com/s/files/1/0943/0738/5730/files/Siva_pletenica.jpg?v=1776579304	in_stock	new	90.00 EUR		Baby Natur		no		Zaštitne ogradice za dječji krevetić	350cm			Krem	
shopify_ZZ_15192392466818_56573226615170	15192392466818	Zaštitna ogradica pletenica za kinderbet STANDARD BARŠUN - 350cm / Roza	Pletenica za kinderbet STANDARD BARŠUN - ogradica za kinderbet izrađena od baršunastog pamuka, s antibakterijskom i antialergijskom ispunom - stvara nježni zagrljaj sigurnosti oko vaše bebe, štiteći je od udaraca tijekom sna. Uronite u mekoću i sigurnost - naša pletenica-ogradica za kinderbet spoj je nježnosti ručne izrade, najveće kvalitete i zaštite koju vaša beba zaslužuje. Specifikacija proizvoda Sastav: 80 % pamučni baršun, 20 % PES s antialergijskim punjenjem Certifikat: OEKO-TEX® Standard 100 Visina: cca. 15 cm Debljina: cca. 6 cm Premium zaštitna ogradica pletenica osigurava mekoću, izdržljivost i dugotrajnost, dok OEKO-TEX® Standard 100 certifikat jamči da je proizvod siguran za osjetljivu dječju kožu i bez štetnih tvari.	https://babynatur.hr/products/zastitna-ogradica-pletenica-za-kinderbet-standard-barsun?variant=56573226615170	https://cdn.shopify.com/s/files/1/0943/0738/5730/files/bijela1.jpg?v=1768338466	https://cdn.shopify.com/s/files/1/0943/0738/5730/files/standard_pletenica_ogradica2.jpg?v=1768338466,https://cdn.shopify.com/s/files/1/0943/0738/5730/files/standard_pletenica_ogradica.jpg?v=1768338466,https://cdn.shopify.com/s/files/1/0943/0738/5730/files/standard_pletenica_ogradica4.jpg?v=1768338466,https://cdn.shopify.com/s/files/1/0943/0738/5730/files/standard_pletenica_ogradica1.jpg?v=1768338466,https://cdn.shopify.com/s/files/1/0943/0738/5730/files/standard_pletenica_ogradica3.jpg?v=1768338466,https://cdn.shopify.com/s/files/1/0943/0738/5730/files/standard_pletenica_ogradica5.jpg?v=1768338466,https://cdn.shopify.com/s/files/1/0943/0738/5730/files/bez.jpg?v=1768338466,https://cdn.shopify.com/s/files/1/0943/0738/5730/files/puderr_oza.jpg?v=1768338466,https://cdn.shopify.com/s/files/1/0943/0738/5730/files/Plava_pletenica.jpg?v=1776579304,https://cdn.shopify.com/s/files/1/0943/0738/5730/files/Siva_pletenica.jpg?v=1776579304	in_stock	new	90.00 EUR		Baby Natur		no		Zaštitne ogradice za dječji krevetić	350cm			Roza	
shopify_ZZ_15192392466818_56573226647938	15192392466818	Zaštitna ogradica pletenica za kinderbet STANDARD BARŠUN - 350cm / Plava	Pletenica za kinderbet STANDARD BARŠUN - ogradica za kinderbet izrađena od baršunastog pamuka, s antibakterijskom i antialergijskom ispunom - stvara nježni zagrljaj sigurnosti oko vaše bebe, štiteći je od udaraca tijekom sna. Uronite u mekoću i sigurnost - naša pletenica-ogradica za kinderbet spoj je nježnosti ručne izrade, najveće kvalitete i zaštite koju vaša beba zaslužuje. Specifikacija proizvoda Sastav: 80 % pamučni baršun, 20 % PES s antialergijskim punjenjem Certifikat: OEKO-TEX® Standard 100 Visina: cca. 15 cm Debljina: cca. 6 cm Premium zaštitna ogradica pletenica osigurava mekoću, izdržljivost i dugotrajnost, dok OEKO-TEX® Standard 100 certifikat jamči da je proizvod siguran za osjetljivu dječju kožu i bez štetnih tvari.	https://babynatur.hr/products/zastitna-ogradica-pletenica-za-kinderbet-standard-barsun?variant=56573226647938	https://cdn.shopify.com/s/files/1/0943/0738/5730/files/bijela1.jpg?v=1768338466	https://cdn.shopify.com/s/files/1/0943/0738/5730/files/standard_pletenica_ogradica2.jpg?v=1768338466,https://cdn.shopify.com/s/files/1/0943/0738/5730/files/standard_pletenica_ogradica.jpg?v=1768338466,https://cdn.shopify.com/s/files/1/0943/0738/5730/files/standard_pletenica_ogradica4.jpg?v=1768338466,https://cdn.shopify.com/s/files/1/0943/0738/5730/files/standard_pletenica_ogradica1.jpg?v=1768338466,https://cdn.shopify.com/s/files/1/0943/0738/5730/files/standard_pletenica_ogradica3.jpg?v=1768338466,https://cdn.shopify.com/s/files/1/0943/0738/5730/files/standard_pletenica_ogradica5.jpg?v=1768338466,https://cdn.shopify.com/s/files/1/0943/0738/5730/files/bez.jpg?v=1768338466,https://cdn.shopify.com/s/files/1/0943/0738/5730/files/puderr_oza.jpg?v=1768338466,https://cdn.shopify.com/s/files/1/0943/0738/5730/files/Plava_pletenica.jpg?v=1776579304,https://cdn.shopify.com/s/files/1/0943/0738/5730/files/Siva_pletenica.jpg?v=1776579304	in_stock	new	90.00 EUR		Baby Natur		no		Zaštitne ogradice za dječji krevetić	350cm			Plava	
shopify_ZZ_15192392466818_56573226680706	15192392466818	Zaštitna ogradica pletenica za kinderbet STANDARD BARŠUN - 350cm / Siva	Pletenica za kinderbet STANDARD BARŠUN - ogradica za kinderbet izrađena od baršunastog pamuka, s antibakterijskom i antialergijskom ispunom - stvara nježni zagrljaj sigurnosti oko vaše bebe, štiteći je od udaraca tijekom sna. Uronite u mekoću i sigurnost - naša pletenica-ogradica za kinderbet spoj je nježnosti ručne izrade, najveće kvalitete i zaštite koju vaša beba zaslužuje. Specifikacija proizvoda Sastav: 80 % pamučni baršun, 20 % PES s antialergijskim punjenjem Certifikat: OEKO-TEX® Standard 100 Visina: cca. 15 cm Debljina: cca. 6 cm Premium zaštitna ogradica pletenica osigurava mekoću, izdržljivost i dugotrajnost, dok OEKO-TEX® Standard 100 certifikat jamči da je proizvod siguran za osjetljivu dječju kožu i bez štetnih tvari.	https://babynatur.hr/products/zastitna-ogradica-pletenica-za-kinderbet-standard-barsun?variant=56573226680706	https://cdn.shopify.com/s/files/1/0943/0738/5730/files/bijela1.jpg?v=1768338466	https://cdn.shopify.com/s/files/1/0943/0738/5730/files/standard_pletenica_ogradica2.jpg?v=1768338466,https://cdn.shopify.com/s/files/1/0943/0738/5730/files/standard_pletenica_ogradica.jpg?v=1768338466,https://cdn.shopify.com/s/files/1/0943/0738/5730/files/standard_pletenica_ogradica4.jpg?v=1768338466,https://cdn.shopify.com/s/files/1/0943/0738/5730/files/standard_pletenica_ogradica1.jpg?v=1768338466,https://cdn.shopify.com/s/files/1/0943/0738/5730/files/standard_pletenica_ogradica3.jpg?v=1768338466,https://cdn.shopify.com/s/files/1/0943/0738/5730/files/standard_pletenica_ogradica5.jpg?v=1768338466,https://cdn.shopify.com/s/files/1/0943/0738/5730/files/bez.jpg?v=1768338466,https://cdn.shopify.com/s/files/1/0943/0738/5730/files/puderr_oza.jpg?v=1768338466,https://cdn.shopify.com/s/files/1/0943/0738/5730/files/Plava_pletenica.jpg?v=1776579304,https://cdn.shopify.com/s/files/1/0943/0738/5730/files/Siva_pletenica.jpg?v=1776579304	in_stock	new	90.00 EUR		Baby Natur		no		Zaštitne ogradice za dječji krevetić	350cm			Siva	
shopify_ZZ_15192392466818_56573226713474	15192392466818	Zaštitna ogradica pletenica za kinderbet STANDARD BARŠUN - 400cm / Bijela	Pletenica za kinderbet STANDARD BARŠUN - ogradica za kinderbet izrađena od baršunastog pamuka, s antibakterijskom i antialergijskom ispunom - stvara nježni zagrljaj sigurnosti oko vaše bebe, štiteći je od udaraca tijekom sna. Uronite u mekoću i sigurnost - naša pletenica-ogradica za kinderbet spoj je nježnosti ručne izrade, najveće kvalitete i zaštite koju vaša beba zaslužuje. Specifikacija proizvoda Sastav: 80 % pamučni baršun, 20 % PES s antialergijskim punjenjem Certifikat: OEKO-TEX® Standard 100 Visina: cca. 15 cm Debljina: cca. 6 cm Premium zaštitna ogradica pletenica osigurava mekoću, izdržljivost i dugotrajnost, dok OEKO-TEX® Standard 100 certifikat jamči da je proizvod siguran za osjetljivu dječju kožu i bez štetnih tvari.	https://babynatur.hr/products/zastitna-ogradica-pletenica-za-kinderbet-standard-barsun?variant=56573226713474	https://cdn.shopify.com/s/files/1/0943/0738/5730/files/bijela1.jpg?v=1768338466	https://cdn.shopify.com/s/files/1/0943/0738/5730/files/standard_pletenica_ogradica2.jpg?v=1768338466,https://cdn.shopify.com/s/files/1/0943/0738/5730/files/standard_pletenica_ogradica.jpg?v=1768338466,https://cdn.shopify.com/s/files/1/0943/0738/5730/files/standard_pletenica_ogradica4.jpg?v=1768338466,https://cdn.shopify.com/s/files/1/0943/0738/5730/files/standard_pletenica_ogradica1.jpg?v=1768338466,https://cdn.shopify.com/s/files/1/0943/0738/5730/files/standard_pletenica_ogradica3.jpg?v=1768338466,https://cdn.shopify.com/s/files/1/0943/0738/5730/files/standard_pletenica_ogradica5.jpg?v=1768338466,https://cdn.shopify.com/s/files/1/0943/0738/5730/files/bez.jpg?v=1768338466,https://cdn.shopify.com/s/files/1/0943/0738/5730/files/puderr_oza.jpg?v=1768338466,https://cdn.shopify.com/s/files/1/0943/0738/5730/files/Plava_pletenica.jpg?v=1776579304,https://cdn.shopify.com/s/files/1/0943/0738/5730/files/Siva_pletenica.jpg?v=1776579304	in_stock	new	100.00 EUR		Baby Natur		no		Zaštitne ogradice za dječji krevetić	400cm			Bijela	
shopify_ZZ_15192392466818_56573226746242	15192392466818	Zaštitna ogradica pletenica za kinderbet STANDARD BARŠUN - 400cm / Krem	Pletenica za kinderbet STANDARD BARŠUN - ogradica za kinderbet izrađena od baršunastog pamuka, s antibakterijskom i antialergijskom ispunom - stvara nježni zagrljaj sigurnosti oko vaše bebe, štiteći je od udaraca tijekom sna. Uronite u mekoću i sigurnost - naša pletenica-ogradica za kinderbet spoj je nježnosti ručne izrade, najveće kvalitete i zaštite koju vaša beba zaslužuje. Specifikacija proizvoda Sastav: 80 % pamučni baršun, 20 % PES s antialergijskim punjenjem Certifikat: OEKO-TEX® Standard 100 Visina: cca. 15 cm Debljina: cca. 6 cm Premium zaštitna ogradica pletenica osigurava mekoću, izdržljivost i dugotrajnost, dok OEKO-TEX® Standard 100 certifikat jamči da je proizvod siguran za osjetljivu dječju kožu i bez štetnih tvari.	https://babynatur.hr/products/zastitna-ogradica-pletenica-za-kinderbet-standard-barsun?variant=56573226746242	https://cdn.shopify.com/s/files/1/0943/0738/5730/files/bijela1.jpg?v=1768338466	https://cdn.shopify.com/s/files/1/0943/0738/5730/files/standard_pletenica_ogradica2.jpg?v=1768338466,https://cdn.shopify.com/s/files/1/0943/0738/5730/files/standard_pletenica_ogradica.jpg?v=1768338466,https://cdn.shopify.com/s/files/1/0943/0738/5730/files/standard_pletenica_ogradica4.jpg?v=1768338466,https://cdn.shopify.com/s/files/1/0943/0738/5730/files/standard_pletenica_ogradica1.jpg?v=1768338466,https://cdn.shopify.com/s/files/1/0943/0738/5730/files/standard_pletenica_ogradica3.jpg?v=1768338466,https://cdn.shopify.com/s/files/1/0943/0738/5730/files/standard_pletenica_ogradica5.jpg?v=1768338466,https://cdn.shopify.com/s/files/1/0943/0738/5730/files/bez.jpg?v=1768338466,https://cdn.shopify.com/s/files/1/0943/0738/5730/files/puderr_oza.jpg?v=1768338466,https://cdn.shopify.com/s/files/1/0943/0738/5730/files/Plava_pletenica.jpg?v=1776579304,https://cdn.shopify.com/s/files/1/0943/0738/5730/files/Siva_pletenica.jpg?v=1776579304	in_stock	new	100.00 EUR		Baby Natur		no		Zaštitne ogradice za dječji krevetić	400cm			Krem	
shopify_ZZ_15192392466818_56573226779010	15192392466818	Zaštitna ogradica pletenica za kinderbet STANDARD BARŠUN - 400cm / Roza	Pletenica za kinderbet STANDARD BARŠUN - ogradica za kinderbet izrađena od baršunastog pamuka, s antibakterijskom i antialergijskom ispunom - stvara nježni zagrljaj sigurnosti oko vaše bebe, štiteći je od udaraca tijekom sna. Uronite u mekoću i sigurnost - naša pletenica-ogradica za kinderbet spoj je nježnosti ručne izrade, najveće kvalitete i zaštite koju vaša beba zaslužuje. Specifikacija proizvoda Sastav: 80 % pamučni baršun, 20 % PES s antialergijskim punjenjem Certifikat: OEKO-TEX® Standard 100 Visina: cca. 15 cm Debljina: cca. 6 cm Premium zaštitna ogradica pletenica osigurava mekoću, izdržljivost i dugotrajnost, dok OEKO-TEX® Standard 100 certifikat jamči da je proizvod siguran za osjetljivu dječju kožu i bez štetnih tvari.	https://babynatur.hr/products/zastitna-ogradica-pletenica-za-kinderbet-standard-barsun?variant=56573226779010	https://cdn.shopify.com/s/files/1/0943/0738/5730/files/bijela1.jpg?v=1768338466	https://cdn.shopify.com/s/files/1/0943/0738/5730/files/standard_pletenica_ogradica2.jpg?v=1768338466,https://cdn.shopify.com/s/files/1/0943/0738/5730/files/standard_pletenica_ogradica.jpg?v=1768338466,https://cdn.shopify.com/s/files/1/0943/0738/5730/files/standard_pletenica_ogradica4.jpg?v=1768338466,https://cdn.shopify.com/s/files/1/0943/0738/5730/files/standard_pletenica_ogradica1.jpg?v=1768338466,https://cdn.shopify.com/s/files/1/0943/0738/5730/files/standard_pletenica_ogradica3.jpg?v=1768338466,https://cdn.shopify.com/s/files/1/0943/0738/5730/files/standard_pletenica_ogradica5.jpg?v=1768338466,https://cdn.shopify.com/s/files/1/0943/0738/5730/files/bez.jpg?v=1768338466,https://cdn.shopify.com/s/files/1/0943/0738/5730/files/puderr_oza.jpg?v=1768338466,https://cdn.shopify.com/s/files/1/0943/0738/5730/files/Plava_pletenica.jpg?v=1776579304,https://cdn.shopify.com/s/files/1/0943/0738/5730/files/Siva_pletenica.jpg?v=1776579304	in_stock	new	100.00 EUR		Baby Natur		no		Zaštitne ogradice za dječji krevetić	400cm			Roza	
shopify_ZZ_15192392466818_56573226811778	15192392466818	Zaštitna ogradica pletenica za kinderbet STANDARD BARŠUN - 400cm / Plava	Pletenica za kinderbet STANDARD BARŠUN - ogradica za kinderbet izrađena od baršunastog pamuka, s antibakterijskom i antialergijskom ispunom - stvara nježni zagrljaj sigurnosti oko vaše bebe, štiteći je od udaraca tijekom sna. Uronite u mekoću i sigurnost - naša pletenica-ogradica za kinderbet spoj je nježnosti ručne izrade, najveće kvalitete i zaštite koju vaša beba zaslužuje. Specifikacija proizvoda Sastav: 80 % pamučni baršun, 20 % PES s antialergijskim punjenjem Certifikat: OEKO-TEX® Standard 100 Visina: cca. 15 cm Debljina: cca. 6 cm Premium zaštitna ogradica pletenica osigurava mekoću, izdržljivost i dugotrajnost, dok OEKO-TEX® Standard 100 certifikat jamči da je proizvod siguran za osjetljivu dječju kožu i bez štetnih tvari.	https://babynatur.hr/products/zastitna-ogradica-pletenica-za-kinderbet-standard-barsun?variant=56573226811778	https://cdn.shopify.com/s/files/1/0943/0738/5730/files/bijela1.jpg?v=1768338466	https://cdn.shopify.com/s/files/1/0943/0738/5730/files/standard_pletenica_ogradica2.jpg?v=1768338466,https://cdn.shopify.com/s/files/1/0943/0738/5730/files/standard_pletenica_ogradica.jpg?v=1768338466,https://cdn.shopify.com/s/files/1/0943/0738/5730/files/standard_pletenica_ogradica4.jpg?v=1768338466,https://cdn.shopify.com/s/files/1/0943/0738/5730/files/standard_pletenica_ogradica1.jpg?v=1768338466,https://cdn.shopify.com/s/files/1/0943/0738/5730/files/standard_pletenica_ogradica3.jpg?v=1768338466,https://cdn.shopify.com/s/files/1/0943/0738/5730/files/standard_pletenica_ogradica5.jpg?v=1768338466,https://cdn.shopify.com/s/files/1/0943/0738/5730/files/bez.jpg?v=1768338466,https://cdn.shopify.com/s/files/1/0943/0738/5730/files/puderr_oza.jpg?v=1768338466,https://cdn.shopify.com/s/files/1/0943/0738/5730/files/Plava_pletenica.jpg?v=1776579304,https://cdn.shopify.com/s/files/1/0943/0738/5730/files/Siva_pletenica.jpg?v=1776579304	in_stock	new	100.00 EUR		Baby Natur		no		Zaštitne ogradice za dječji krevetić	400cm			Plava	
shopify_ZZ_15192392466818_56573226844546	15192392466818	Zaštitna ogradica pletenica za kinderbet STANDARD BARŠUN - 400cm / Siva	Pletenica za kinderbet STANDARD BARŠUN - ogradica za kinderbet izrađena od baršunastog pamuka, s antibakterijskom i antialergijskom ispunom - stvara nježni zagrljaj sigurnosti oko vaše bebe, štiteći je od udaraca tijekom sna. Uronite u mekoću i sigurnost - naša pletenica-ogradica za kinderbet spoj je nježnosti ručne izrade, najveće kvalitete i zaštite koju vaša beba zaslužuje. Specifikacija proizvoda Sastav: 80 % pamučni baršun, 20 % PES s antialergijskim punjenjem Certifikat: OEKO-TEX® Standard 100 Visina: cca. 15 cm Debljina: cca. 6 cm Premium zaštitna ogradica pletenica osigurava mekoću, izdržljivost i dugotrajnost, dok OEKO-TEX® Standard 100 certifikat jamči da je proizvod siguran za osjetljivu dječju kožu i bez štetnih tvari.	https://babynatur.hr/products/zastitna-ogradica-pletenica-za-kinderbet-standard-barsun?variant=56573226844546	https://cdn.shopify.com/s/files/1/0943/0738/5730/files/bijela1.jpg?v=1768338466	https://cdn.shopify.com/s/files/1/0943/0738/5730/files/standard_pletenica_ogradica2.jpg?v=1768338466,https://cdn.shopify.com/s/files/1/0943/0738/5730/files/standard_pletenica_ogradica.jpg?v=1768338466,https://cdn.shopify.com/s/files/1/0943/0738/5730/files/standard_pletenica_ogradica4.jpg?v=1768338466,https://cdn.shopify.com/s/files/1/0943/0738/5730/files/standard_pletenica_ogradica1.jpg?v=1768338466,https://cdn.shopify.com/s/files/1/0943/0738/5730/files/standard_pletenica_ogradica3.jpg?v=1768338466,https://cdn.shopify.com/s/files/1/0943/0738/5730/files/standard_pletenica_ogradica5.jpg?v=1768338466,https://cdn.shopify.com/s/files/1/0943/0738/5730/files/bez.jpg?v=1768338466,https://cdn.shopify.com/s/files/1/0943/0738/5730/files/puderr_oza.jpg?v=1768338466,https://cdn.shopify.com/s/files/1/0943/0738/5730/files/Plava_pletenica.jpg?v=1776579304,https://cdn.shopify.com/s/files/1/0943/0738/5730/files/Siva_pletenica.jpg?v=1776579304	in_stock	new	100.00 EUR		Baby Natur		no		Zaštitne ogradice za dječji krevetić	400cm			Siva	
shopify_ZZ_15192386634114_56019305628034	15192386634114	Premium Teddy gnijezdo za bebe	Premium Teddy gnijezdo donosi izuzetnu mekoću i osjećaj nježnog zagrljaja, stvarajući sigurno i toplo mjesto za odmor i mirne trenutke. Izrađeno od mekanog teddy materijala i pažljivo biranih tkanina, ovo gnijezdo pruža udobnost i sigurnost, idealno za prve snove i opušteno vrijeme s bebom.	https://babynatur.hr/products/premium-teddy-gnijezdo-za-bebe?variant=56019305628034	https://cdn.shopify.com/s/files/1/0943/0738/5730/files/GnijezdozabebepremiumTeddy4.webp?v=1764380810	https://cdn.shopify.com/s/files/1/0943/0738/5730/files/GnijezdozabebepremiumTeddy2.webp?v=1764380946,https://cdn.shopify.com/s/files/1/0943/0738/5730/files/GnijezdozabebepremiumTeddy1.webp?v=1764380699	in_stock	new	110.00 EUR		Babyly		no		Gnijezdo za bebe					
shopify_ZZ_15192371790210_56659067732354	15192371790210	Dvoslojna muslin vreća s volanima bez nogavica - Cvjetići / 0-6 mjeseci	Baby Natur dvoslojna muslin vreća s volanima spaja udobnost i nježan dizajn, stvarajući sigurno i prozračno okruženje za miran bebin san. Izrađena od 100% mekanog, dvoslojnog muslina, periva na 60°C, pruža idealnu toplinu i iznimnu mekoću, dok volani dodaju poseban, nježan estetski detalj.	https://babynatur.hr/products/vrece-za-spavanje-s-volanima?variant=56659067732354	https://cdn.shopify.com/s/files/1/0943/0738/5730/files/Vrecazaspavanjesvolanima_3.jpg?v=1764376579	https://cdn.shopify.com/s/files/1/0943/0738/5730/files/Vrecazaspavanjesvolanima_1.jpg?v=1764376579,https://cdn.shopify.com/s/files/1/0943/0738/5730/files/Vrecazaspavanjesvolanima_6.jpg?v=1764376579,https://cdn.shopify.com/s/files/1/0943/0738/5730/files/Vrecazaspavanjesvolanima_9.jpg?v=1764376579	in_stock	new	53.00 EUR		Baby Natur		no		Vreća za spavanje		0-6 mjeseci		Cvjetići	
shopify_ZZ_15192371790210_56019231342978	15192371790210	Dvoslojna muslin vreća s volanima bez nogavica - Cvjetići / 6–18 mjeseci	Baby Natur dvoslojna muslin vreća s volanima spaja udobnost i nježan dizajn, stvarajući sigurno i prozračno okruženje za miran bebin san. Izrađena od 100% mekanog, dvoslojnog muslina, periva na 60°C, pruža idealnu toplinu i iznimnu mekoću, dok volani dodaju poseban, nježan estetski detalj.	https://babynatur.hr/products/vrece-za-spavanje-s-volanima?variant=56019231342978	https://cdn.shopify.com/s/files/1/0943/0738/5730/files/Vrecazaspavanjesvolanima_3.jpg?v=1764376579	https://cdn.shopify.com/s/files/1/0943/0738/5730/files/Vrecazaspavanjesvolanima_1.jpg?v=1764376579,https://cdn.shopify.com/s/files/1/0943/0738/5730/files/Vrecazaspavanjesvolanima_6.jpg?v=1764376579,https://cdn.shopify.com/s/files/1/0943/0738/5730/files/Vrecazaspavanjesvolanima_9.jpg?v=1764376579	in_stock	new	53.00 EUR		Baby Natur	BN-VR-VOL	yes		Vreća za spavanje		6–18 mjeseci		Cvjetići	
shopify_ZZ_15192324964738_56019084345730	15192324964738	Muslin pončo za bebe i djecu - Medo / L	Mekani muslin pončo od 100% prirodnog pamuka, savršeno za zaštitu osjetljive bebe kože od sunca i vjetra. Idealno za plaže, bazen i ljetne dane. Lagano, prozračno i brzo se suši. Jednostavno se navlači i skida, što ga čini praktičnim za sve roditeljske potrebe. Nježna tkanina je sigurna za novorođenčad i stariju djecu.	https://babynatur.hr/products/ponco?variant=56019084345730	https://cdn.shopify.com/s/files/1/0943/0738/5730/files/babynatur-muslin-bear-poncho-a1b2c3d4.jpg?v=1780918677	https://cdn.shopify.com/s/files/1/0943/0738/5730/files/babynatur-white-muslin-poncho-cherry-print-kids-f3g7h2.jpg?v=1780918677,https://cdn.shopify.com/s/files/1/0943/0738/5730/files/baby-natur-white-muslin-poncho-cherry-print-beachwear-a1b2c3d4.jpg?v=1780918677,https://cdn.shopify.com/s/files/1/0943/0738/5730/files/babynatur-muslin-poncho-bear-print-cream-a1b2c3d4.jpg?v=1780918678,https://cdn.shopify.com/s/files/1/0943/0738/5730/files/babynatur-white-muslin-lemon-poncho-beach-f3a7b1.jpg?v=1780464460,https://cdn.shopify.com/s/files/1/0943/0738/5730/files/babynatur-muslin-poncho-bear-print-hooded-towel-a1b2c3d4.jpg?v=1780918678,https://cdn.shopify.com/s/files/1/0943/0738/5730/files/babynatur-muslin-poncho-bear-print-kids-a1b2c3d4.jpg?v=1780918678,https://cdn.shopify.com/s/files/1/0943/0738/5730/files/babynatur-white-muslin-poncho-cherry-print-kids-beach-towel-a1b2c3d4.jpg?v=1780464460,https://cdn.shopify.com/s/files/1/0943/0738/5730/files/babynatur-white-muslin-poncho-cherry-print-a1b2c3d4.jpg?v=1780918677,https://cdn.shopify.com/s/files/1/0943/0738/5730/files/babynatur-white-muslin-poncho-floral-print-a1b2c3d4.jpg?v=1780918677,https://cdn.shopify.com/s/files/1/0943/0738/5730/files/babynatur-muslin-poncho-teddy-bear-print-hooded-baby-child-a1b2c3d4.jpg?v=1780918677	in_stock	new	40.00 EUR	36.00 EUR	Baby Natur	BN-PC-Bear-L	yes		Pončo za bebe i djecu	L			Medo	
shopify_ZZ_15192324964738_56019084378498	15192324964738	Muslin pončo za bebe i djecu - Medo / M	Mekani muslin pončo od 100% prirodnog pamuka, savršeno za zaštitu osjetljive bebe kože od sunca i vjetra. Idealno za plaže, bazen i ljetne dane. Lagano, prozračno i brzo se suši. Jednostavno se navlači i skida, što ga čini praktičnim za sve roditeljske potrebe. Nježna tkanina je sigurna za novorođenčad i stariju djecu.	https://babynatur.hr/products/ponco?variant=56019084378498	https://cdn.shopify.com/s/files/1/0943/0738/5730/files/babynatur-muslin-bear-poncho-a1b2c3d4.jpg?v=1780918677	https://cdn.shopify.com/s/files/1/0943/0738/5730/files/babynatur-white-muslin-poncho-cherry-print-kids-f3g7h2.jpg?v=1780918677,https://cdn.shopify.com/s/files/1/0943/0738/5730/files/baby-natur-white-muslin-poncho-cherry-print-beachwear-a1b2c3d4.jpg?v=1780918677,https://cdn.shopify.com/s/files/1/0943/0738/5730/files/babynatur-muslin-poncho-bear-print-cream-a1b2c3d4.jpg?v=1780918678,https://cdn.shopify.com/s/files/1/0943/0738/5730/files/babynatur-white-muslin-lemon-poncho-beach-f3a7b1.jpg?v=1780464460,https://cdn.shopify.com/s/files/1/0943/0738/5730/files/babynatur-muslin-poncho-bear-print-hooded-towel-a1b2c3d4.jpg?v=1780918678,https://cdn.shopify.com/s/files/1/0943/0738/5730/files/babynatur-muslin-poncho-bear-print-kids-a1b2c3d4.jpg?v=1780918678,https://cdn.shopify.com/s/files/1/0943/0738/5730/files/babynatur-white-muslin-poncho-cherry-print-kids-beach-towel-a1b2c3d4.jpg?v=1780464460,https://cdn.shopify.com/s/files/1/0943/0738/5730/files/babynatur-white-muslin-poncho-cherry-print-a1b2c3d4.jpg?v=1780918677,https://cdn.shopify.com/s/files/1/0943/0738/5730/files/babynatur-white-muslin-poncho-floral-print-a1b2c3d4.jpg?v=1780918677,https://cdn.shopify.com/s/files/1/0943/0738/5730/files/babynatur-muslin-poncho-teddy-bear-print-hooded-baby-child-a1b2c3d4.jpg?v=1780918677	out_of_stock	new	40.00 EUR	36.00 EUR	Baby Natur	BN-PC-Bear-M	yes		Pončo za bebe i djecu	M			Medo	
shopify_ZZ_15192324964738_56019084411266	15192324964738	Muslin pončo za bebe i djecu - Medo / S	Mekani muslin pončo od 100% prirodnog pamuka, savršeno za zaštitu osjetljive bebe kože od sunca i vjetra. Idealno za plaže, bazen i ljetne dane. Lagano, prozračno i brzo se suši. Jednostavno se navlači i skida, što ga čini praktičnim za sve roditeljske potrebe. Nježna tkanina je sigurna za novorođenčad i stariju djecu.	https://babynatur.hr/products/ponco?variant=56019084411266	https://cdn.shopify.com/s/files/1/0943/0738/5730/files/babynatur-muslin-bear-poncho-a1b2c3d4.jpg?v=1780918677	https://cdn.shopify.com/s/files/1/0943/0738/5730/files/babynatur-white-muslin-poncho-cherry-print-kids-f3g7h2.jpg?v=1780918677,https://cdn.shopify.com/s/files/1/0943/0738/5730/files/baby-natur-white-muslin-poncho-cherry-print-beachwear-a1b2c3d4.jpg?v=1780918677,https://cdn.shopify.com/s/files/1/0943/0738/5730/files/babynatur-muslin-poncho-bear-print-cream-a1b2c3d4.jpg?v=1780918678,https://cdn.shopify.com/s/files/1/0943/0738/5730/files/babynatur-white-muslin-lemon-poncho-beach-f3a7b1.jpg?v=1780464460,https://cdn.shopify.com/s/files/1/0943/0738/5730/files/babynatur-muslin-poncho-bear-print-hooded-towel-a1b2c3d4.jpg?v=1780918678,https://cdn.shopify.com/s/files/1/0943/0738/5730/files/babynatur-muslin-poncho-bear-print-kids-a1b2c3d4.jpg?v=1780918678,https://cdn.shopify.com/s/files/1/0943/0738/5730/files/babynatur-white-muslin-poncho-cherry-print-kids-beach-towel-a1b2c3d4.jpg?v=1780464460,https://cdn.shopify.com/s/files/1/0943/0738/5730/files/babynatur-white-muslin-poncho-cherry-print-a1b2c3d4.jpg?v=1780918677,https://cdn.shopify.com/s/files/1/0943/0738/5730/files/babynatur-white-muslin-poncho-floral-print-a1b2c3d4.jpg?v=1780918677,https://cdn.shopify.com/s/files/1/0943/0738/5730/files/babynatur-muslin-poncho-teddy-bear-print-hooded-baby-child-a1b2c3d4.jpg?v=1780918677	out_of_stock	new	40.00 EUR	36.00 EUR	Baby Natur	BN-PC-Bear-S	yes		Pončo za bebe i djecu	S			Medo	
shopify_ZZ_15192324964738_56683607851394	15192324964738	Muslin pončo za bebe i djecu - Trešnjice / L	Mekani muslin pončo od 100% prirodnog pamuka, savršeno za zaštitu osjetljive bebe kože od sunca i vjetra. Idealno za plaže, bazen i ljetne dane. Lagano, prozračno i brzo se suši. Jednostavno se navlači i skida, što ga čini praktičnim za sve roditeljske potrebe. Nježna tkanina je sigurna za novorođenčad i stariju djecu.	https://babynatur.hr/products/ponco?variant=56683607851394	https://cdn.shopify.com/s/files/1/0943/0738/5730/files/babynatur-white-muslin-poncho-cherry-print-a1b2c3.jpg?v=1780464460	https://cdn.shopify.com/s/files/1/0943/0738/5730/files/babynatur-white-muslin-poncho-cherry-print-kids-f3g7h2.jpg?v=1780918677,https://cdn.shopify.com/s/files/1/0943/0738/5730/files/baby-natur-white-muslin-poncho-cherry-print-beachwear-a1b2c3d4.jpg?v=1780918677,https://cdn.shopify.com/s/files/1/0943/0738/5730/files/babynatur-muslin-poncho-bear-print-cream-a1b2c3d4.jpg?v=1780918678,https://cdn.shopify.com/s/files/1/0943/0738/5730/files/babynatur-white-muslin-lemon-poncho-beach-f3a7b1.jpg?v=1780464460,https://cdn.shopify.com/s/files/1/0943/0738/5730/files/babynatur-muslin-poncho-bear-print-hooded-towel-a1b2c3d4.jpg?v=1780918678,https://cdn.shopify.com/s/files/1/0943/0738/5730/files/babynatur-muslin-poncho-bear-print-kids-a1b2c3d4.jpg?v=1780918678,https://cdn.shopify.com/s/files/1/0943/0738/5730/files/babynatur-white-muslin-poncho-cherry-print-kids-beach-towel-a1b2c3d4.jpg?v=1780464460,https://cdn.shopify.com/s/files/1/0943/0738/5730/files/babynatur-white-muslin-poncho-cherry-print-a1b2c3d4.jpg?v=1780918677,https://cdn.shopify.com/s/files/1/0943/0738/5730/files/babynatur-white-muslin-poncho-floral-print-a1b2c3d4.jpg?v=1780918677,https://cdn.shopify.com/s/files/1/0943/0738/5730/files/babynatur-muslin-bear-poncho-a1b2c3d4.jpg?v=1780918677	in_stock	new	40.00 EUR	36.00 EUR	Baby Natur		no		Pončo za bebe i djecu	L			Trešnjice	
shopify_ZZ_15192324964738_56683607884162	15192324964738	Muslin pončo za bebe i djecu - Trešnjice / M	Mekani muslin pončo od 100% prirodnog pamuka, savršeno za zaštitu osjetljive bebe kože od sunca i vjetra. Idealno za plaže, bazen i ljetne dane. Lagano, prozračno i brzo se suši. Jednostavno se navlači i skida, što ga čini praktičnim za sve roditeljske potrebe. Nježna tkanina je sigurna za novorođenčad i stariju djecu.	https://babynatur.hr/products/ponco?variant=56683607884162	https://cdn.shopify.com/s/files/1/0943/0738/5730/files/babynatur-white-muslin-poncho-cherry-print-a1b2c3.jpg?v=1780464460	https://cdn.shopify.com/s/files/1/0943/0738/5730/files/babynatur-white-muslin-poncho-cherry-print-kids-f3g7h2.jpg?v=1780918677,https://cdn.shopify.com/s/files/1/0943/0738/5730/files/baby-natur-white-muslin-poncho-cherry-print-beachwear-a1b2c3d4.jpg?v=1780918677,https://cdn.shopify.com/s/files/1/0943/0738/5730/files/babynatur-muslin-poncho-bear-print-cream-a1b2c3d4.jpg?v=1780918678,https://cdn.shopify.com/s/files/1/0943/0738/5730/files/babynatur-white-muslin-lemon-poncho-beach-f3a7b1.jpg?v=1780464460,https://cdn.shopify.com/s/files/1/0943/0738/5730/files/babynatur-muslin-poncho-bear-print-hooded-towel-a1b2c3d4.jpg?v=1780918678,https://cdn.shopify.com/s/files/1/0943/0738/5730/files/babynatur-muslin-poncho-bear-print-kids-a1b2c3d4.jpg?v=1780918678,https://cdn.shopify.com/s/files/1/0943/0738/5730/files/babynatur-white-muslin-poncho-cherry-print-kids-beach-towel-a1b2c3d4.jpg?v=1780464460,https://cdn.shopify.com/s/files/1/0943/0738/5730/files/babynatur-white-muslin-poncho-cherry-print-a1b2c3d4.jpg?v=1780918677,https://cdn.shopify.com/s/files/1/0943/0738/5730/files/babynatur-white-muslin-poncho-floral-print-a1b2c3d4.jpg?v=1780918677,https://cdn.shopify.com/s/files/1/0943/0738/5730/files/babynatur-muslin-bear-poncho-a1b2c3d4.jpg?v=1780918677	out_of_stock	new	40.00 EUR	36.00 EUR	Baby Natur		no		Pončo za bebe i djecu	M			Trešnjice	
shopify_ZZ_15192324964738_56683607916930	15192324964738	Muslin pončo za bebe i djecu - Trešnjice / S	Mekani muslin pončo od 100% prirodnog pamuka, savršeno za zaštitu osjetljive bebe kože od sunca i vjetra. Idealno za plaže, bazen i ljetne dane. Lagano, prozračno i brzo se suši. Jednostavno se navlači i skida, što ga čini praktičnim za sve roditeljske potrebe. Nježna tkanina je sigurna za novorođenčad i stariju djecu.	https://babynatur.hr/products/ponco?variant=56683607916930	https://cdn.shopify.com/s/files/1/0943/0738/5730/files/babynatur-white-muslin-poncho-cherry-print-a1b2c3.jpg?v=1780464460	https://cdn.shopify.com/s/files/1/0943/0738/5730/files/babynatur-white-muslin-poncho-cherry-print-kids-f3g7h2.jpg?v=1780918677,https://cdn.shopify.com/s/files/1/0943/0738/5730/files/baby-natur-white-muslin-poncho-cherry-print-beachwear-a1b2c3d4.jpg?v=1780918677,https://cdn.shopify.com/s/files/1/0943/0738/5730/files/babynatur-muslin-poncho-bear-print-cream-a1b2c3d4.jpg?v=1780918678,https://cdn.shopify.com/s/files/1/0943/0738/5730/files/babynatur-white-muslin-lemon-poncho-beach-f3a7b1.jpg?v=1780464460,https://cdn.shopify.com/s/files/1/0943/0738/5730/files/babynatur-muslin-poncho-bear-print-hooded-towel-a1b2c3d4.jpg?v=1780918678,https://cdn.shopify.com/s/files/1/0943/0738/5730/files/babynatur-muslin-poncho-bear-print-kids-a1b2c3d4.jpg?v=1780918678,https://cdn.shopify.com/s/files/1/0943/0738/5730/files/babynatur-white-muslin-poncho-cherry-print-kids-beach-towel-a1b2c3d4.jpg?v=1780464460,https://cdn.shopify.com/s/files/1/0943/0738/5730/files/babynatur-white-muslin-poncho-cherry-print-a1b2c3d4.jpg?v=1780918677,https://cdn.shopify.com/s/files/1/0943/0738/5730/files/babynatur-white-muslin-poncho-floral-print-a1b2c3d4.jpg?v=1780918677,https://cdn.shopify.com/s/files/1/0943/0738/5730/files/babynatur-muslin-bear-poncho-a1b2c3d4.jpg?v=1780918677	out_of_stock	new	40.00 EUR	36.00 EUR	Baby Natur		no		Pončo za bebe i djecu	S			Trešnjice	
shopify_ZZ_15192324964738_56698121814402	15192324964738	Muslin pončo za bebe i djecu - Limuni / L	Mekani muslin pončo od 100% prirodnog pamuka, savršeno za zaštitu osjetljive bebe kože od sunca i vjetra. Idealno za plaže, bazen i ljetne dane. Lagano, prozračno i brzo se suši. Jednostavno se navlači i skida, što ga čini praktičnim za sve roditeljske potrebe. Nježna tkanina je sigurna za novorođenčad i stariju djecu.	https://babynatur.hr/products/ponco?variant=56698121814402	https://cdn.shopify.com/s/files/1/0943/0738/5730/files/babynatur-lemon-print-muslin-poncho-a1b2c3d4.jpg?v=1780464459	https://cdn.shopify.com/s/files/1/0943/0738/5730/files/babynatur-white-muslin-poncho-cherry-print-kids-f3g7h2.jpg?v=1780918677,https://cdn.shopify.com/s/files/1/0943/0738/5730/files/baby-natur-white-muslin-poncho-cherry-print-beachwear-a1b2c3d4.jpg?v=1780918677,https://cdn.shopify.com/s/files/1/0943/0738/5730/files/babynatur-muslin-poncho-bear-print-cream-a1b2c3d4.jpg?v=1780918678,https://cdn.shopify.com/s/files/1/0943/0738/5730/files/babynatur-white-muslin-lemon-poncho-beach-f3a7b1.jpg?v=1780464460,https://cdn.shopify.com/s/files/1/0943/0738/5730/files/babynatur-muslin-poncho-bear-print-hooded-towel-a1b2c3d4.jpg?v=1780918678,https://cdn.shopify.com/s/files/1/0943/0738/5730/files/babynatur-muslin-poncho-bear-print-kids-a1b2c3d4.jpg?v=1780918678,https://cdn.shopify.com/s/files/1/0943/0738/5730/files/babynatur-white-muslin-poncho-cherry-print-kids-beach-towel-a1b2c3d4.jpg?v=1780464460,https://cdn.shopify.com/s/files/1/0943/0738/5730/files/babynatur-white-muslin-poncho-cherry-print-a1b2c3d4.jpg?v=1780918677,https://cdn.shopify.com/s/files/1/0943/0738/5730/files/babynatur-white-muslin-poncho-floral-print-a1b2c3d4.jpg?v=1780918677,https://cdn.shopify.com/s/files/1/0943/0738/5730/files/babynatur-muslin-bear-poncho-a1b2c3d4.jpg?v=1780918677	out_of_stock	new	40.00 EUR	36.00 EUR	Baby Natur		no		Pončo za bebe i djecu	L			Limuni	
shopify_ZZ_15192324964738_56698121847170	15192324964738	Muslin pončo za bebe i djecu - Limuni / M	Mekani muslin pončo od 100% prirodnog pamuka, savršeno za zaštitu osjetljive bebe kože od sunca i vjetra. Idealno za plaže, bazen i ljetne dane. Lagano, prozračno i brzo se suši. Jednostavno se navlači i skida, što ga čini praktičnim za sve roditeljske potrebe. Nježna tkanina je sigurna za novorođenčad i stariju djecu.	https://babynatur.hr/products/ponco?variant=56698121847170	https://cdn.shopify.com/s/files/1/0943/0738/5730/files/babynatur-lemon-print-muslin-poncho-a1b2c3d4.jpg?v=1780464459	https://cdn.shopify.com/s/files/1/0943/0738/5730/files/babynatur-white-muslin-poncho-cherry-print-kids-f3g7h2.jpg?v=1780918677,https://cdn.shopify.com/s/files/1/0943/0738/5730/files/baby-natur-white-muslin-poncho-cherry-print-beachwear-a1b2c3d4.jpg?v=1780918677,https://cdn.shopify.com/s/files/1/0943/0738/5730/files/babynatur-muslin-poncho-bear-print-cream-a1b2c3d4.jpg?v=1780918678,https://cdn.shopify.com/s/files/1/0943/0738/5730/files/babynatur-white-muslin-lemon-poncho-beach-f3a7b1.jpg?v=1780464460,https://cdn.shopify.com/s/files/1/0943/0738/5730/files/babynatur-muslin-poncho-bear-print-hooded-towel-a1b2c3d4.jpg?v=1780918678,https://cdn.shopify.com/s/files/1/0943/0738/5730/files/babynatur-muslin-poncho-bear-print-kids-a1b2c3d4.jpg?v=1780918678,https://cdn.shopify.com/s/files/1/0943/0738/5730/files/babynatur-white-muslin-poncho-cherry-print-kids-beach-towel-a1b2c3d4.jpg?v=1780464460,https://cdn.shopify.com/s/files/1/0943/0738/5730/files/babynatur-white-muslin-poncho-cherry-print-a1b2c3d4.jpg?v=1780918677,https://cdn.shopify.com/s/files/1/0943/0738/5730/files/babynatur-white-muslin-poncho-floral-print-a1b2c3d4.jpg?v=1780918677,https://cdn.shopify.com/s/files/1/0943/0738/5730/files/babynatur-muslin-bear-poncho-a1b2c3d4.jpg?v=1780918677	out_of_stock	new	40.00 EUR	36.00 EUR	Baby Natur		no		Pončo za bebe i djecu	M			Limuni	
shopify_ZZ_15192324964738_56698121879938	15192324964738	Muslin pončo za bebe i djecu - Limuni / S	Mekani muslin pončo od 100% prirodnog pamuka, savršeno za zaštitu osjetljive bebe kože od sunca i vjetra. Idealno za plaže, bazen i ljetne dane. Lagano, prozračno i brzo se suši. Jednostavno se navlači i skida, što ga čini praktičnim za sve roditeljske potrebe. Nježna tkanina je sigurna za novorođenčad i stariju djecu.	https://babynatur.hr/products/ponco?variant=56698121879938	https://cdn.shopify.com/s/files/1/0943/0738/5730/files/babynatur-lemon-print-muslin-poncho-a1b2c3d4.jpg?v=1780464459	https://cdn.shopify.com/s/files/1/0943/0738/5730/files/babynatur-white-muslin-poncho-cherry-print-kids-f3g7h2.jpg?v=1780918677,https://cdn.shopify.com/s/files/1/0943/0738/5730/files/baby-natur-white-muslin-poncho-cherry-print-beachwear-a1b2c3d4.jpg?v=1780918677,https://cdn.shopify.com/s/files/1/0943/0738/5730/files/babynatur-muslin-poncho-bear-print-cream-a1b2c3d4.jpg?v=1780918678,https://cdn.shopify.com/s/files/1/0943/0738/5730/files/babynatur-white-muslin-lemon-poncho-beach-f3a7b1.jpg?v=1780464460,https://cdn.shopify.com/s/files/1/0943/0738/5730/files/babynatur-muslin-poncho-bear-print-hooded-towel-a1b2c3d4.jpg?v=1780918678,https://cdn.shopify.com/s/files/1/0943/0738/5730/files/babynatur-muslin-poncho-bear-print-kids-a1b2c3d4.jpg?v=1780918678,https://cdn.shopify.com/s/files/1/0943/0738/5730/files/babynatur-white-muslin-poncho-cherry-print-kids-beach-towel-a1b2c3d4.jpg?v=1780464460,https://cdn.shopify.com/s/files/1/0943/0738/5730/files/babynatur-white-muslin-poncho-cherry-print-a1b2c3d4.jpg?v=1780918677,https://cdn.shopify.com/s/files/1/0943/0738/5730/files/babynatur-white-muslin-poncho-floral-print-a1b2c3d4.jpg?v=1780918677,https://cdn.shopify.com/s/files/1/0943/0738/5730/files/babynatur-muslin-bear-poncho-a1b2c3d4.jpg?v=1780918677	out_of_stock	new	40.00 EUR	36.00 EUR	Baby Natur		no		Pončo za bebe i djecu	S			Limuni	
shopify_ZZ_15192324964738_56815153676674	15192324964738	Muslin pončo za bebe i djecu - Brundo / L	Mekani muslin pončo od 100% prirodnog pamuka, savršeno za zaštitu osjetljive bebe kože od sunca i vjetra. Idealno za plaže, bazen i ljetne dane. Lagano, prozračno i brzo se suši. Jednostavno se navlači i skida, što ga čini praktičnim za sve roditeljske potrebe. Nježna tkanina je sigurna za novorođenčad i stariju djecu.	https://babynatur.hr/products/ponco?variant=56815153676674	https://cdn.shopify.com/s/files/1/0943/0738/5730/files/babynatur-muslin-poncho-teddy-bear-print-hooded-baby-child-a1b2c3d4.jpg?v=1780918677	https://cdn.shopify.com/s/files/1/0943/0738/5730/files/babynatur-white-muslin-poncho-cherry-print-kids-f3g7h2.jpg?v=1780918677,https://cdn.shopify.com/s/files/1/0943/0738/5730/files/baby-natur-white-muslin-poncho-cherry-print-beachwear-a1b2c3d4.jpg?v=1780918677,https://cdn.shopify.com/s/files/1/0943/0738/5730/files/babynatur-muslin-poncho-bear-print-cream-a1b2c3d4.jpg?v=1780918678,https://cdn.shopify.com/s/files/1/0943/0738/5730/files/babynatur-white-muslin-lemon-poncho-beach-f3a7b1.jpg?v=1780464460,https://cdn.shopify.com/s/files/1/0943/0738/5730/files/babynatur-muslin-poncho-bear-print-hooded-towel-a1b2c3d4.jpg?v=1780918678,https://cdn.shopify.com/s/files/1/0943/0738/5730/files/babynatur-muslin-poncho-bear-print-kids-a1b2c3d4.jpg?v=1780918678,https://cdn.shopify.com/s/files/1/0943/0738/5730/files/babynatur-white-muslin-poncho-cherry-print-kids-beach-towel-a1b2c3d4.jpg?v=1780464460,https://cdn.shopify.com/s/files/1/0943/0738/5730/files/babynatur-white-muslin-poncho-cherry-print-a1b2c3d4.jpg?v=1780918677,https://cdn.shopify.com/s/files/1/0943/0738/5730/files/babynatur-white-muslin-poncho-floral-print-a1b2c3d4.jpg?v=1780918677,https://cdn.shopify.com/s/files/1/0943/0738/5730/files/babynatur-muslin-bear-poncho-a1b2c3d4.jpg?v=1780918677	in_stock	new	40.00 EUR	36.00 EUR	Baby Natur		no		Pončo za bebe i djecu	L			Brundo	
shopify_ZZ_15192324964738_56815153709442	15192324964738	Muslin pončo za bebe i djecu - Brundo / M	Mekani muslin pončo od 100% prirodnog pamuka, savršeno za zaštitu osjetljive bebe kože od sunca i vjetra. Idealno za plaže, bazen i ljetne dane. Lagano, prozračno i brzo se suši. Jednostavno se navlači i skida, što ga čini praktičnim za sve roditeljske potrebe. Nježna tkanina je sigurna za novorođenčad i stariju djecu.	https://babynatur.hr/products/ponco?variant=56815153709442	https://cdn.shopify.com/s/files/1/0943/0738/5730/files/babynatur-muslin-poncho-teddy-bear-print-hooded-baby-child-a1b2c3d4.jpg?v=1780918677	https://cdn.shopify.com/s/files/1/0943/0738/5730/files/babynatur-white-muslin-poncho-cherry-print-kids-f3g7h2.jpg?v=1780918677,https://cdn.shopify.com/s/files/1/0943/0738/5730/files/baby-natur-white-muslin-poncho-cherry-print-beachwear-a1b2c3d4.jpg?v=1780918677,https://cdn.shopify.com/s/files/1/0943/0738/5730/files/babynatur-muslin-poncho-bear-print-cream-a1b2c3d4.jpg?v=1780918678,https://cdn.shopify.com/s/files/1/0943/0738/5730/files/babynatur-white-muslin-lemon-poncho-beach-f3a7b1.jpg?v=1780464460,https://cdn.shopify.com/s/files/1/0943/0738/5730/files/babynatur-muslin-poncho-bear-print-hooded-towel-a1b2c3d4.jpg?v=1780918678,https://cdn.shopify.com/s/files/1/0943/0738/5730/files/babynatur-muslin-poncho-bear-print-kids-a1b2c3d4.jpg?v=1780918678,https://cdn.shopify.com/s/files/1/0943/0738/5730/files/babynatur-white-muslin-poncho-cherry-print-kids-beach-towel-a1b2c3d4.jpg?v=1780464460,https://cdn.shopify.com/s/files/1/0943/0738/5730/files/babynatur-white-muslin-poncho-cherry-print-a1b2c3d4.jpg?v=1780918677,https://cdn.shopify.com/s/files/1/0943/0738/5730/files/babynatur-white-muslin-poncho-floral-print-a1b2c3d4.jpg?v=1780918677,https://cdn.shopify.com/s/files/1/0943/0738/5730/files/babynatur-muslin-bear-poncho-a1b2c3d4.jpg?v=1780918677	in_stock	new	40.00 EUR	36.00 EUR	Baby Natur		no		Pončo za bebe i djecu	M			Brundo	
shopify_ZZ_15192324964738_56815153742210	15192324964738	Muslin pončo za bebe i djecu - Brundo / S	Mekani muslin pončo od 100% prirodnog pamuka, savršeno za zaštitu osjetljive bebe kože od sunca i vjetra. Idealno za plaže, bazen i ljetne dane. Lagano, prozračno i brzo se suši. Jednostavno se navlači i skida, što ga čini praktičnim za sve roditeljske potrebe. Nježna tkanina je sigurna za novorođenčad i stariju djecu.	https://babynatur.hr/products/ponco?variant=56815153742210	https://cdn.shopify.com/s/files/1/0943/0738/5730/files/babynatur-muslin-poncho-teddy-bear-print-hooded-baby-child-a1b2c3d4.jpg?v=1780918677	https://cdn.shopify.com/s/files/1/0943/0738/5730/files/babynatur-white-muslin-poncho-cherry-print-kids-f3g7h2.jpg?v=1780918677,https://cdn.shopify.com/s/files/1/0943/0738/5730/files/baby-natur-white-muslin-poncho-cherry-print-beachwear-a1b2c3d4.jpg?v=1780918677,https://cdn.shopify.com/s/files/1/0943/0738/5730/files/babynatur-muslin-poncho-bear-print-cream-a1b2c3d4.jpg?v=1780918678,https://cdn.shopify.com/s/files/1/0943/0738/5730/files/babynatur-white-muslin-lemon-poncho-beach-f3a7b1.jpg?v=1780464460,https://cdn.shopify.com/s/files/1/0943/0738/5730/files/babynatur-muslin-poncho-bear-print-hooded-towel-a1b2c3d4.jpg?v=1780918678,https://cdn.shopify.com/s/files/1/0943/0738/5730/files/babynatur-muslin-poncho-bear-print-kids-a1b2c3d4.jpg?v=1780918678,https://cdn.shopify.com/s/files/1/0943/0738/5730/files/babynatur-white-muslin-poncho-cherry-print-kids-beach-towel-a1b2c3d4.jpg?v=1780464460,https://cdn.shopify.com/s/files/1/0943/0738/5730/files/babynatur-white-muslin-poncho-cherry-print-a1b2c3d4.jpg?v=1780918677,https://cdn.shopify.com/s/files/1/0943/0738/5730/files/babynatur-white-muslin-poncho-floral-print-a1b2c3d4.jpg?v=1780918677,https://cdn.shopify.com/s/files/1/0943/0738/5730/files/babynatur-muslin-bear-poncho-a1b2c3d4.jpg?v=1780918677	in_stock	new	40.00 EUR	36.00 EUR	Baby Natur		no		Pončo za bebe i djecu	S			Brundo	
shopify_ZZ_15192324702594_56019082871170	15192324702594	Vreće za spavanje s nogavicama - Medo / Jednoslojno – LJETO / 6–18 mjeseci	Mirne noći započinju s pravim izborom. Baby Natur vreće za spavanje izrađene su od 100% tetra muslina, prirodnog, iznimno prozračnog i nježnog materijala koji omogućuje optimalnu cirkulaciju zraka tijekom cijele noći. Zahvaljujući svojim prirodnim svojstvima, tetra muslin pomaže u regulaciji tjelesne temperature, štiteći bebu od pregrijavanja ili pothlađivanja te osigurava ugodan i miran san. Sve naše vreće za spavanje nose OEKO-TEX® Standard 100 certifikat, što jamči da su potpuno sigurne za osjetljivu dječju kožu, bez štetnih tvari i kemikalija.	https://babynatur.hr/products/vrece-za-spavanje-s-nogavicama?variant=56019082871170	https://cdn.shopify.com/s/files/1/0943/0738/5730/files/baby-natur-muslin-sleeping-bag-bear-print-a1b2c3d4.jpg?v=1780917408	https://cdn.shopify.com/s/files/1/0943/0738/5730/files/baby-natur-sleep-sack-cherry-print-white-muslin-a1b2c3_dd640b53-9a15-4e22-b8b3-18228957326c.jpg?v=1780917409,https://cdn.shopify.com/s/files/1/0943/0738/5730/files/Vrecazaspavanjesnogavicama_10_85bda7aa-cf6f-4789-a82a-68a9ff29d4d3.jpg?v=1780917410,https://cdn.shopify.com/s/files/1/0943/0738/5730/files/baby-natur-pink-braided-crib-bumper-baby-toddler-a1b2c3d4_291a0001-77ba-4fd3-94a9-715d7e2730b7.jpg?v=1780917409,https://cdn.shopify.com/s/files/1/0943/0738/5730/files/baby-natur-lemon-print-sleep-sack-f3a7b9_0ccf18ea-328e-4427-8dde-70cb06769687.jpg?v=1780917409,https://cdn.shopify.com/s/files/1/0943/0738/5730/files/baby-natur-sleep-sack-legs-white-muslin-a1b2c3_901ffe3a-e9c6-4568-bb98-85c661cd169b.jpg?v=1780917409,https://cdn.shopify.com/s/files/1/0943/0738/5730/files/Vrecazaspavanjesnogavicama_323bf561-1f6b-4f15-9bd4-19afa8926162.jpg?v=1780917410,https://cdn.shopify.com/s/files/1/0943/0738/5730/files/baby-natur-floral-muslin-sleeping-bag-a1b2c3_fe46ff4e-9df6-4323-a0c8-64ca9e2b3aed.jpg?v=1780917409,https://cdn.shopify.com/s/files/1/0943/0738/5730/files/Vrecazaspavanjesnogavicama_3_ddbb6c7e-2b32-4966-9ac4-62933ac1f13a.jpg?v=1780917410,https://cdn.shopify.com/s/files/1/0943/0738/5730/files/Vrecazaspavanjesnogavicama_5_1162b03f-14b3-4928-9ad0-62215b0e16fa.jpg?v=1780917410,https://cdn.shopify.com/s/files/1/0943/0738/5730/files/Vrecazaspavanjesnogavicama_6_eb9e92b8-c4cf-4d77-9b32-6966f939f536.jpg?v=1780917410	out_of_stock	new	42.00 EUR		Baby Natur	BN-VR-S-NOG-1-Bear-S	yes		Vreća za spavanje		6–18 mjeseci	Jednoslojno – LJETO	Medo	
shopify_ZZ_15192324702594_56592233595266	15192324702594	Vreće za spavanje s nogavicama - Medo / Jednoslojno – LJETO / 1.5–3 godina	Mirne noći započinju s pravim izborom. Baby Natur vreće za spavanje izrađene su od 100% tetra muslina, prirodnog, iznimno prozračnog i nježnog materijala koji omogućuje optimalnu cirkulaciju zraka tijekom cijele noći. Zahvaljujući svojim prirodnim svojstvima, tetra muslin pomaže u regulaciji tjelesne temperature, štiteći bebu od pregrijavanja ili pothlađivanja te osigurava ugodan i miran san. Sve naše vreće za spavanje nose OEKO-TEX® Standard 100 certifikat, što jamči da su potpuno sigurne za osjetljivu dječju kožu, bez štetnih tvari i kemikalija.	https://babynatur.hr/products/vrece-za-spavanje-s-nogavicama?variant=56592233595266	https://cdn.shopify.com/s/files/1/0943/0738/5730/files/baby-natur-muslin-sleeping-bag-bear-print-a1b2c3d4.jpg?v=1780917408	https://cdn.shopify.com/s/files/1/0943/0738/5730/files/baby-natur-sleep-sack-cherry-print-white-muslin-a1b2c3_dd640b53-9a15-4e22-b8b3-18228957326c.jpg?v=1780917409,https://cdn.shopify.com/s/files/1/0943/0738/5730/files/Vrecazaspavanjesnogavicama_10_85bda7aa-cf6f-4789-a82a-68a9ff29d4d3.jpg?v=1780917410,https://cdn.shopify.com/s/files/1/0943/0738/5730/files/baby-natur-pink-braided-crib-bumper-baby-toddler-a1b2c3d4_291a0001-77ba-4fd3-94a9-715d7e2730b7.jpg?v=1780917409,https://cdn.shopify.com/s/files/1/0943/0738/5730/files/baby-natur-lemon-print-sleep-sack-f3a7b9_0ccf18ea-328e-4427-8dde-70cb06769687.jpg?v=1780917409,https://cdn.shopify.com/s/files/1/0943/0738/5730/files/baby-natur-sleep-sack-legs-white-muslin-a1b2c3_901ffe3a-e9c6-4568-bb98-85c661cd169b.jpg?v=1780917409,https://cdn.shopify.com/s/files/1/0943/0738/5730/files/Vrecazaspavanjesnogavicama_323bf561-1f6b-4f15-9bd4-19afa8926162.jpg?v=1780917410,https://cdn.shopify.com/s/files/1/0943/0738/5730/files/baby-natur-floral-muslin-sleeping-bag-a1b2c3_fe46ff4e-9df6-4323-a0c8-64ca9e2b3aed.jpg?v=1780917409,https://cdn.shopify.com/s/files/1/0943/0738/5730/files/Vrecazaspavanjesnogavicama_3_ddbb6c7e-2b32-4966-9ac4-62933ac1f13a.jpg?v=1780917410,https://cdn.shopify.com/s/files/1/0943/0738/5730/files/Vrecazaspavanjesnogavicama_5_1162b03f-14b3-4928-9ad0-62215b0e16fa.jpg?v=1780917410,https://cdn.shopify.com/s/files/1/0943/0738/5730/files/Vrecazaspavanjesnogavicama_6_eb9e92b8-c4cf-4d77-9b32-6966f939f536.jpg?v=1780917410	in_stock	new	42.00 EUR		Baby Natur		no		Vreća za spavanje		1.5–3 godina	Jednoslojno – LJETO	Medo	
shopify_ZZ_15192324702594_56592233628034	15192324702594	Vreće za spavanje s nogavicama - Medo / Jednoslojno – LJETO / 3-5 godina	Mirne noći započinju s pravim izborom. Baby Natur vreće za spavanje izrađene su od 100% tetra muslina, prirodnog, iznimno prozračnog i nježnog materijala koji omogućuje optimalnu cirkulaciju zraka tijekom cijele noći. Zahvaljujući svojim prirodnim svojstvima, tetra muslin pomaže u regulaciji tjelesne temperature, štiteći bebu od pregrijavanja ili pothlađivanja te osigurava ugodan i miran san. Sve naše vreće za spavanje nose OEKO-TEX® Standard 100 certifikat, što jamči da su potpuno sigurne za osjetljivu dječju kožu, bez štetnih tvari i kemikalija.	https://babynatur.hr/products/vrece-za-spavanje-s-nogavicama?variant=56592233628034	https://cdn.shopify.com/s/files/1/0943/0738/5730/files/baby-natur-muslin-sleeping-bag-bear-print-a1b2c3d4.jpg?v=1780917408	https://cdn.shopify.com/s/files/1/0943/0738/5730/files/baby-natur-sleep-sack-cherry-print-white-muslin-a1b2c3_dd640b53-9a15-4e22-b8b3-18228957326c.jpg?v=1780917409,https://cdn.shopify.com/s/files/1/0943/0738/5730/files/Vrecazaspavanjesnogavicama_10_85bda7aa-cf6f-4789-a82a-68a9ff29d4d3.jpg?v=1780917410,https://cdn.shopify.com/s/files/1/0943/0738/5730/files/baby-natur-pink-braided-crib-bumper-baby-toddler-a1b2c3d4_291a0001-77ba-4fd3-94a9-715d7e2730b7.jpg?v=1780917409,https://cdn.shopify.com/s/files/1/0943/0738/5730/files/baby-natur-lemon-print-sleep-sack-f3a7b9_0ccf18ea-328e-4427-8dde-70cb06769687.jpg?v=1780917409,https://cdn.shopify.com/s/files/1/0943/0738/5730/files/baby-natur-sleep-sack-legs-white-muslin-a1b2c3_901ffe3a-e9c6-4568-bb98-85c661cd169b.jpg?v=1780917409,https://cdn.shopify.com/s/files/1/0943/0738/5730/files/Vrecazaspavanjesnogavicama_323bf561-1f6b-4f15-9bd4-19afa8926162.jpg?v=1780917410,https://cdn.shopify.com/s/files/1/0943/0738/5730/files/baby-natur-floral-muslin-sleeping-bag-a1b2c3_fe46ff4e-9df6-4323-a0c8-64ca9e2b3aed.jpg?v=1780917409,https://cdn.shopify.com/s/files/1/0943/0738/5730/files/Vrecazaspavanjesnogavicama_3_ddbb6c7e-2b32-4966-9ac4-62933ac1f13a.jpg?v=1780917410,https://cdn.shopify.com/s/files/1/0943/0738/5730/files/Vrecazaspavanjesnogavicama_5_1162b03f-14b3-4928-9ad0-62215b0e16fa.jpg?v=1780917410,https://cdn.shopify.com/s/files/1/0943/0738/5730/files/Vrecazaspavanjesnogavicama_6_eb9e92b8-c4cf-4d77-9b32-6966f939f536.jpg?v=1780917410	out_of_stock	new	45.00 EUR		Baby Natur		no		Vreća za spavanje		3-5 godina	Jednoslojno – LJETO	Medo	
shopify_ZZ_15192324702594_56019083264386	15192324702594	Vreće za spavanje s nogavicama - Medo / Dvoslojno – PROLJEĆE I JESEN / 6–18 mjeseci	Mirne noći započinju s pravim izborom. Baby Natur vreće za spavanje izrađene su od 100% tetra muslina, prirodnog, iznimno prozračnog i nježnog materijala koji omogućuje optimalnu cirkulaciju zraka tijekom cijele noći. Zahvaljujući svojim prirodnim svojstvima, tetra muslin pomaže u regulaciji tjelesne temperature, štiteći bebu od pregrijavanja ili pothlađivanja te osigurava ugodan i miran san. Sve naše vreće za spavanje nose OEKO-TEX® Standard 100 certifikat, što jamči da su potpuno sigurne za osjetljivu dječju kožu, bez štetnih tvari i kemikalija.	https://babynatur.hr/products/vrece-za-spavanje-s-nogavicama?variant=56019083264386	https://cdn.shopify.com/s/files/1/0943/0738/5730/files/baby-natur-muslin-sleeping-bag-bear-print-a1b2c3d4.jpg?v=1780917408	https://cdn.shopify.com/s/files/1/0943/0738/5730/files/baby-natur-sleep-sack-cherry-print-white-muslin-a1b2c3_dd640b53-9a15-4e22-b8b3-18228957326c.jpg?v=1780917409,https://cdn.shopify.com/s/files/1/0943/0738/5730/files/Vrecazaspavanjesnogavicama_10_85bda7aa-cf6f-4789-a82a-68a9ff29d4d3.jpg?v=1780917410,https://cdn.shopify.com/s/files/1/0943/0738/5730/files/baby-natur-pink-braided-crib-bumper-baby-toddler-a1b2c3d4_291a0001-77ba-4fd3-94a9-715d7e2730b7.jpg?v=1780917409,https://cdn.shopify.com/s/files/1/0943/0738/5730/files/baby-natur-lemon-print-sleep-sack-f3a7b9_0ccf18ea-328e-4427-8dde-70cb06769687.jpg?v=1780917409,https://cdn.shopify.com/s/files/1/0943/0738/5730/files/baby-natur-sleep-sack-legs-white-muslin-a1b2c3_901ffe3a-e9c6-4568-bb98-85c661cd169b.jpg?v=1780917409,https://cdn.shopify.com/s/files/1/0943/0738/5730/files/Vrecazaspavanjesnogavicama_323bf561-1f6b-4f15-9bd4-19afa8926162.jpg?v=1780917410,https://cdn.shopify.com/s/files/1/0943/0738/5730/files/baby-natur-floral-muslin-sleeping-bag-a1b2c3_fe46ff4e-9df6-4323-a0c8-64ca9e2b3aed.jpg?v=1780917409,https://cdn.shopify.com/s/files/1/0943/0738/5730/files/Vrecazaspavanjesnogavicama_3_ddbb6c7e-2b32-4966-9ac4-62933ac1f13a.jpg?v=1780917410,https://cdn.shopify.com/s/files/1/0943/0738/5730/files/Vrecazaspavanjesnogavicama_5_1162b03f-14b3-4928-9ad0-62215b0e16fa.jpg?v=1780917410,https://cdn.shopify.com/s/files/1/0943/0738/5730/files/Vrecazaspavanjesnogavicama_6_eb9e92b8-c4cf-4d77-9b32-6966f939f536.jpg?v=1780917410	in_stock	new	50.00 EUR		Baby Natur	BN-VR-S-NOG-2-Bear-S	yes		Vreća za spavanje		6–18 mjeseci	Dvoslojno – PROLJEĆE I JESEN	Medo	
shopify_ZZ_15192324702594_56592233660802	15192324702594	Vreće za spavanje s nogavicama - Medo / Dvoslojno – PROLJEĆE I JESEN / 1.5–3 godina	Mirne noći započinju s pravim izborom. Baby Natur vreće za spavanje izrađene su od 100% tetra muslina, prirodnog, iznimno prozračnog i nježnog materijala koji omogućuje optimalnu cirkulaciju zraka tijekom cijele noći. Zahvaljujući svojim prirodnim svojstvima, tetra muslin pomaže u regulaciji tjelesne temperature, štiteći bebu od pregrijavanja ili pothlađivanja te osigurava ugodan i miran san. Sve naše vreće za spavanje nose OEKO-TEX® Standard 100 certifikat, što jamči da su potpuno sigurne za osjetljivu dječju kožu, bez štetnih tvari i kemikalija.	https://babynatur.hr/products/vrece-za-spavanje-s-nogavicama?variant=56592233660802	https://cdn.shopify.com/s/files/1/0943/0738/5730/files/baby-natur-muslin-sleeping-bag-bear-print-a1b2c3d4.jpg?v=1780917408	https://cdn.shopify.com/s/files/1/0943/0738/5730/files/baby-natur-sleep-sack-cherry-print-white-muslin-a1b2c3_dd640b53-9a15-4e22-b8b3-18228957326c.jpg?v=1780917409,https://cdn.shopify.com/s/files/1/0943/0738/5730/files/Vrecazaspavanjesnogavicama_10_85bda7aa-cf6f-4789-a82a-68a9ff29d4d3.jpg?v=1780917410,https://cdn.shopify.com/s/files/1/0943/0738/5730/files/baby-natur-pink-braided-crib-bumper-baby-toddler-a1b2c3d4_291a0001-77ba-4fd3-94a9-715d7e2730b7.jpg?v=1780917409,https://cdn.shopify.com/s/files/1/0943/0738/5730/files/baby-natur-lemon-print-sleep-sack-f3a7b9_0ccf18ea-328e-4427-8dde-70cb06769687.jpg?v=1780917409,https://cdn.shopify.com/s/files/1/0943/0738/5730/files/baby-natur-sleep-sack-legs-white-muslin-a1b2c3_901ffe3a-e9c6-4568-bb98-85c661cd169b.jpg?v=1780917409,https://cdn.shopify.com/s/files/1/0943/0738/5730/files/Vrecazaspavanjesnogavicama_323bf561-1f6b-4f15-9bd4-19afa8926162.jpg?v=1780917410,https://cdn.shopify.com/s/files/1/0943/0738/5730/files/baby-natur-floral-muslin-sleeping-bag-a1b2c3_fe46ff4e-9df6-4323-a0c8-64ca9e2b3aed.jpg?v=1780917409,https://cdn.shopify.com/s/files/1/0943/0738/5730/files/Vrecazaspavanjesnogavicama_3_ddbb6c7e-2b32-4966-9ac4-62933ac1f13a.jpg?v=1780917410,https://cdn.shopify.com/s/files/1/0943/0738/5730/files/Vrecazaspavanjesnogavicama_5_1162b03f-14b3-4928-9ad0-62215b0e16fa.jpg?v=1780917410,https://cdn.shopify.com/s/files/1/0943/0738/5730/files/Vrecazaspavanjesnogavicama_6_eb9e92b8-c4cf-4d77-9b32-6966f939f536.jpg?v=1780917410	in_stock	new	50.00 EUR		Baby Natur		no		Vreća za spavanje		1.5–3 godina	Dvoslojno – PROLJEĆE I JESEN	Medo	
shopify_ZZ_15192324702594_56592233693570	15192324702594	Vreće za spavanje s nogavicama - Medo / Dvoslojno – PROLJEĆE I JESEN / 3-5 godina	Mirne noći započinju s pravim izborom. Baby Natur vreće za spavanje izrađene su od 100% tetra muslina, prirodnog, iznimno prozračnog i nježnog materijala koji omogućuje optimalnu cirkulaciju zraka tijekom cijele noći. Zahvaljujući svojim prirodnim svojstvima, tetra muslin pomaže u regulaciji tjelesne temperature, štiteći bebu od pregrijavanja ili pothlađivanja te osigurava ugodan i miran san. Sve naše vreće za spavanje nose OEKO-TEX® Standard 100 certifikat, što jamči da su potpuno sigurne za osjetljivu dječju kožu, bez štetnih tvari i kemikalija.	https://babynatur.hr/products/vrece-za-spavanje-s-nogavicama?variant=56592233693570	https://cdn.shopify.com/s/files/1/0943/0738/5730/files/baby-natur-muslin-sleeping-bag-bear-print-a1b2c3d4.jpg?v=1780917408	https://cdn.shopify.com/s/files/1/0943/0738/5730/files/baby-natur-sleep-sack-cherry-print-white-muslin-a1b2c3_dd640b53-9a15-4e22-b8b3-18228957326c.jpg?v=1780917409,https://cdn.shopify.com/s/files/1/0943/0738/5730/files/Vrecazaspavanjesnogavicama_10_85bda7aa-cf6f-4789-a82a-68a9ff29d4d3.jpg?v=1780917410,https://cdn.shopify.com/s/files/1/0943/0738/5730/files/baby-natur-pink-braided-crib-bumper-baby-toddler-a1b2c3d4_291a0001-77ba-4fd3-94a9-715d7e2730b7.jpg?v=1780917409,https://cdn.shopify.com/s/files/1/0943/0738/5730/files/baby-natur-lemon-print-sleep-sack-f3a7b9_0ccf18ea-328e-4427-8dde-70cb06769687.jpg?v=1780917409,https://cdn.shopify.com/s/files/1/0943/0738/5730/files/baby-natur-sleep-sack-legs-white-muslin-a1b2c3_901ffe3a-e9c6-4568-bb98-85c661cd169b.jpg?v=1780917409,https://cdn.shopify.com/s/files/1/0943/0738/5730/files/Vrecazaspavanjesnogavicama_323bf561-1f6b-4f15-9bd4-19afa8926162.jpg?v=1780917410,https://cdn.shopify.com/s/files/1/0943/0738/5730/files/baby-natur-floral-muslin-sleeping-bag-a1b2c3_fe46ff4e-9df6-4323-a0c8-64ca9e2b3aed.jpg?v=1780917409,https://cdn.shopify.com/s/files/1/0943/0738/5730/files/Vrecazaspavanjesnogavicama_3_ddbb6c7e-2b32-4966-9ac4-62933ac1f13a.jpg?v=1780917410,https://cdn.shopify.com/s/files/1/0943/0738/5730/files/Vrecazaspavanjesnogavicama_5_1162b03f-14b3-4928-9ad0-62215b0e16fa.jpg?v=1780917410,https://cdn.shopify.com/s/files/1/0943/0738/5730/files/Vrecazaspavanjesnogavicama_6_eb9e92b8-c4cf-4d77-9b32-6966f939f536.jpg?v=1780917410	in_stock	new	52.00 EUR		Baby Natur		no		Vreća za spavanje		3-5 godina	Dvoslojno – PROLJEĆE I JESEN	Medo	
shopify_ZZ_15192324702594_56019083657602	15192324702594	Vreće za spavanje s nogavicama - Medo / S punjenjem – ZIMA / 6–18 mjeseci	Mirne noći započinju s pravim izborom. Baby Natur vreće za spavanje izrađene su od 100% tetra muslina, prirodnog, iznimno prozračnog i nježnog materijala koji omogućuje optimalnu cirkulaciju zraka tijekom cijele noći. Zahvaljujući svojim prirodnim svojstvima, tetra muslin pomaže u regulaciji tjelesne temperature, štiteći bebu od pregrijavanja ili pothlađivanja te osigurava ugodan i miran san. Sve naše vreće za spavanje nose OEKO-TEX® Standard 100 certifikat, što jamči da su potpuno sigurne za osjetljivu dječju kožu, bez štetnih tvari i kemikalija.	https://babynatur.hr/products/vrece-za-spavanje-s-nogavicama?variant=56019083657602	https://cdn.shopify.com/s/files/1/0943/0738/5730/files/baby-natur-muslin-sleeping-bag-bear-print-a1b2c3d4.jpg?v=1780917408	https://cdn.shopify.com/s/files/1/0943/0738/5730/files/baby-natur-sleep-sack-cherry-print-white-muslin-a1b2c3_dd640b53-9a15-4e22-b8b3-18228957326c.jpg?v=1780917409,https://cdn.shopify.com/s/files/1/0943/0738/5730/files/Vrecazaspavanjesnogavicama_10_85bda7aa-cf6f-4789-a82a-68a9ff29d4d3.jpg?v=1780917410,https://cdn.shopify.com/s/files/1/0943/0738/5730/files/baby-natur-pink-braided-crib-bumper-baby-toddler-a1b2c3d4_291a0001-77ba-4fd3-94a9-715d7e2730b7.jpg?v=1780917409,https://cdn.shopify.com/s/files/1/0943/0738/5730/files/baby-natur-lemon-print-sleep-sack-f3a7b9_0ccf18ea-328e-4427-8dde-70cb06769687.jpg?v=1780917409,https://cdn.shopify.com/s/files/1/0943/0738/5730/files/baby-natur-sleep-sack-legs-white-muslin-a1b2c3_901ffe3a-e9c6-4568-bb98-85c661cd169b.jpg?v=1780917409,https://cdn.shopify.com/s/files/1/0943/0738/5730/files/Vrecazaspavanjesnogavicama_323bf561-1f6b-4f15-9bd4-19afa8926162.jpg?v=1780917410,https://cdn.shopify.com/s/files/1/0943/0738/5730/files/baby-natur-floral-muslin-sleeping-bag-a1b2c3_fe46ff4e-9df6-4323-a0c8-64ca9e2b3aed.jpg?v=1780917409,https://cdn.shopify.com/s/files/1/0943/0738/5730/files/Vrecazaspavanjesnogavicama_3_ddbb6c7e-2b32-4966-9ac4-62933ac1f13a.jpg?v=1780917410,https://cdn.shopify.com/s/files/1/0943/0738/5730/files/Vrecazaspavanjesnogavicama_5_1162b03f-14b3-4928-9ad0-62215b0e16fa.jpg?v=1780917410,https://cdn.shopify.com/s/files/1/0943/0738/5730/files/Vrecazaspavanjesnogavicama_6_eb9e92b8-c4cf-4d77-9b32-6966f939f536.jpg?v=1780917410	in_stock	new	60.00 EUR		Baby Natur	BN-VR-S-NOG-3-Bear-S	yes		Vreća za spavanje		6–18 mjeseci	S punjenjem – ZIMA	Medo	
shopify_ZZ_15192324702594_56592233726338	15192324702594	Vreće za spavanje s nogavicama - Medo / S punjenjem – ZIMA / 1.5–3 godina	Mirne noći započinju s pravim izborom. Baby Natur vreće za spavanje izrađene su od 100% tetra muslina, prirodnog, iznimno prozračnog i nježnog materijala koji omogućuje optimalnu cirkulaciju zraka tijekom cijele noći. Zahvaljujući svojim prirodnim svojstvima, tetra muslin pomaže u regulaciji tjelesne temperature, štiteći bebu od pregrijavanja ili pothlađivanja te osigurava ugodan i miran san. Sve naše vreće za spavanje nose OEKO-TEX® Standard 100 certifikat, što jamči da su potpuno sigurne za osjetljivu dječju kožu, bez štetnih tvari i kemikalija.	https://babynatur.hr/products/vrece-za-spavanje-s-nogavicama?variant=56592233726338	https://cdn.shopify.com/s/files/1/0943/0738/5730/files/baby-natur-muslin-sleeping-bag-bear-print-a1b2c3d4.jpg?v=1780917408	https://cdn.shopify.com/s/files/1/0943/0738/5730/files/baby-natur-sleep-sack-cherry-print-white-muslin-a1b2c3_dd640b53-9a15-4e22-b8b3-18228957326c.jpg?v=1780917409,https://cdn.shopify.com/s/files/1/0943/0738/5730/files/Vrecazaspavanjesnogavicama_10_85bda7aa-cf6f-4789-a82a-68a9ff29d4d3.jpg?v=1780917410,https://cdn.shopify.com/s/files/1/0943/0738/5730/files/baby-natur-pink-braided-crib-bumper-baby-toddler-a1b2c3d4_291a0001-77ba-4fd3-94a9-715d7e2730b7.jpg?v=1780917409,https://cdn.shopify.com/s/files/1/0943/0738/5730/files/baby-natur-lemon-print-sleep-sack-f3a7b9_0ccf18ea-328e-4427-8dde-70cb06769687.jpg?v=1780917409,https://cdn.shopify.com/s/files/1/0943/0738/5730/files/baby-natur-sleep-sack-legs-white-muslin-a1b2c3_901ffe3a-e9c6-4568-bb98-85c661cd169b.jpg?v=1780917409,https://cdn.shopify.com/s/files/1/0943/0738/5730/files/Vrecazaspavanjesnogavicama_323bf561-1f6b-4f15-9bd4-19afa8926162.jpg?v=1780917410,https://cdn.shopify.com/s/files/1/0943/0738/5730/files/baby-natur-floral-muslin-sleeping-bag-a1b2c3_fe46ff4e-9df6-4323-a0c8-64ca9e2b3aed.jpg?v=1780917409,https://cdn.shopify.com/s/files/1/0943/0738/5730/files/Vrecazaspavanjesnogavicama_3_ddbb6c7e-2b32-4966-9ac4-62933ac1f13a.jpg?v=1780917410,https://cdn.shopify.com/s/files/1/0943/0738/5730/files/Vrecazaspavanjesnogavicama_5_1162b03f-14b3-4928-9ad0-62215b0e16fa.jpg?v=1780917410,https://cdn.shopify.com/s/files/1/0943/0738/5730/files/Vrecazaspavanjesnogavicama_6_eb9e92b8-c4cf-4d77-9b32-6966f939f536.jpg?v=1780917410	in_stock	new	60.00 EUR		Baby Natur		no		Vreća za spavanje		1.5–3 godina	S punjenjem – ZIMA	Medo	
shopify_ZZ_15192324702594_56592233759106	15192324702594	Vreće za spavanje s nogavicama - Medo / S punjenjem – ZIMA / 3-5 godina	Mirne noći započinju s pravim izborom. Baby Natur vreće za spavanje izrađene su od 100% tetra muslina, prirodnog, iznimno prozračnog i nježnog materijala koji omogućuje optimalnu cirkulaciju zraka tijekom cijele noći. Zahvaljujući svojim prirodnim svojstvima, tetra muslin pomaže u regulaciji tjelesne temperature, štiteći bebu od pregrijavanja ili pothlađivanja te osigurava ugodan i miran san. Sve naše vreće za spavanje nose OEKO-TEX® Standard 100 certifikat, što jamči da su potpuno sigurne za osjetljivu dječju kožu, bez štetnih tvari i kemikalija.	https://babynatur.hr/products/vrece-za-spavanje-s-nogavicama?variant=56592233759106	https://cdn.shopify.com/s/files/1/0943/0738/5730/files/baby-natur-muslin-sleeping-bag-bear-print-a1b2c3d4.jpg?v=1780917408	https://cdn.shopify.com/s/files/1/0943/0738/5730/files/baby-natur-sleep-sack-cherry-print-white-muslin-a1b2c3_dd640b53-9a15-4e22-b8b3-18228957326c.jpg?v=1780917409,https://cdn.shopify.com/s/files/1/0943/0738/5730/files/Vrecazaspavanjesnogavicama_10_85bda7aa-cf6f-4789-a82a-68a9ff29d4d3.jpg?v=1780917410,https://cdn.shopify.com/s/files/1/0943/0738/5730/files/baby-natur-pink-braided-crib-bumper-baby-toddler-a1b2c3d4_291a0001-77ba-4fd3-94a9-715d7e2730b7.jpg?v=1780917409,https://cdn.shopify.com/s/files/1/0943/0738/5730/files/baby-natur-lemon-print-sleep-sack-f3a7b9_0ccf18ea-328e-4427-8dde-70cb06769687.jpg?v=1780917409,https://cdn.shopify.com/s/files/1/0943/0738/5730/files/baby-natur-sleep-sack-legs-white-muslin-a1b2c3_901ffe3a-e9c6-4568-bb98-85c661cd169b.jpg?v=1780917409,https://cdn.shopify.com/s/files/1/0943/0738/5730/files/Vrecazaspavanjesnogavicama_323bf561-1f6b-4f15-9bd4-19afa8926162.jpg?v=1780917410,https://cdn.shopify.com/s/files/1/0943/0738/5730/files/baby-natur-floral-muslin-sleeping-bag-a1b2c3_fe46ff4e-9df6-4323-a0c8-64ca9e2b3aed.jpg?v=1780917409,https://cdn.shopify.com/s/files/1/0943/0738/5730/files/Vrecazaspavanjesnogavicama_3_ddbb6c7e-2b32-4966-9ac4-62933ac1f13a.jpg?v=1780917410,https://cdn.shopify.com/s/files/1/0943/0738/5730/files/Vrecazaspavanjesnogavicama_5_1162b03f-14b3-4928-9ad0-62215b0e16fa.jpg?v=1780917410,https://cdn.shopify.com/s/files/1/0943/0738/5730/files/Vrecazaspavanjesnogavicama_6_eb9e92b8-c4cf-4d77-9b32-6966f939f536.jpg?v=1780917410	in_stock	new	62.00 EUR		Baby Natur		no		Vreća za spavanje		3-5 godina	S punjenjem – ZIMA	Medo	
shopify_ZZ_15192324702594_56019082805634	15192324702594	Vreće za spavanje s nogavicama - Brundo / Jednoslojno – LJETO / 6–18 mjeseci	Mirne noći započinju s pravim izborom. Baby Natur vreće za spavanje izrađene su od 100% tetra muslina, prirodnog, iznimno prozračnog i nježnog materijala koji omogućuje optimalnu cirkulaciju zraka tijekom cijele noći. Zahvaljujući svojim prirodnim svojstvima, tetra muslin pomaže u regulaciji tjelesne temperature, štiteći bebu od pregrijavanja ili pothlađivanja te osigurava ugodan i miran san. Sve naše vreće za spavanje nose OEKO-TEX® Standard 100 certifikat, što jamči da su potpuno sigurne za osjetljivu dječju kožu, bez štetnih tvari i kemikalija.	https://babynatur.hr/products/vrece-za-spavanje-s-nogavicama?variant=56019082805634	https://cdn.shopify.com/s/files/1/0943/0738/5730/files/Brundo_1622f46b-31d6-48d5-a883-d10c30f59cf4.jpg?v=1780917408	https://cdn.shopify.com/s/files/1/0943/0738/5730/files/baby-natur-sleep-sack-cherry-print-white-muslin-a1b2c3_dd640b53-9a15-4e22-b8b3-18228957326c.jpg?v=1780917409,https://cdn.shopify.com/s/files/1/0943/0738/5730/files/Vrecazaspavanjesnogavicama_10_85bda7aa-cf6f-4789-a82a-68a9ff29d4d3.jpg?v=1780917410,https://cdn.shopify.com/s/files/1/0943/0738/5730/files/baby-natur-pink-braided-crib-bumper-baby-toddler-a1b2c3d4_291a0001-77ba-4fd3-94a9-715d7e2730b7.jpg?v=1780917409,https://cdn.shopify.com/s/files/1/0943/0738/5730/files/baby-natur-lemon-print-sleep-sack-f3a7b9_0ccf18ea-328e-4427-8dde-70cb06769687.jpg?v=1780917409,https://cdn.shopify.com/s/files/1/0943/0738/5730/files/baby-natur-sleep-sack-legs-white-muslin-a1b2c3_901ffe3a-e9c6-4568-bb98-85c661cd169b.jpg?v=1780917409,https://cdn.shopify.com/s/files/1/0943/0738/5730/files/Vrecazaspavanjesnogavicama_323bf561-1f6b-4f15-9bd4-19afa8926162.jpg?v=1780917410,https://cdn.shopify.com/s/files/1/0943/0738/5730/files/baby-natur-floral-muslin-sleeping-bag-a1b2c3_fe46ff4e-9df6-4323-a0c8-64ca9e2b3aed.jpg?v=1780917409,https://cdn.shopify.com/s/files/1/0943/0738/5730/files/Vrecazaspavanjesnogavicama_3_ddbb6c7e-2b32-4966-9ac4-62933ac1f13a.jpg?v=1780917410,https://cdn.shopify.com/s/files/1/0943/0738/5730/files/Vrecazaspavanjesnogavicama_5_1162b03f-14b3-4928-9ad0-62215b0e16fa.jpg?v=1780917410,https://cdn.shopify.com/s/files/1/0943/0738/5730/files/Vrecazaspavanjesnogavicama_6_eb9e92b8-c4cf-4d77-9b32-6966f939f536.jpg?v=1780917410	in_stock	new	42.00 EUR	37.80 EUR	Baby Natur	BN-VR-S-NOG-1-Teddy-S	yes		Vreća za spavanje		6–18 mjeseci	Jednoslojno – LJETO	Brundo	
shopify_ZZ_15192324702594_56592233202050	15192324702594	Vreće za spavanje s nogavicama - Brundo / Jednoslojno – LJETO / 1.5–3 godina	Mirne noći započinju s pravim izborom. Baby Natur vreće za spavanje izrađene su od 100% tetra muslina, prirodnog, iznimno prozračnog i nježnog materijala koji omogućuje optimalnu cirkulaciju zraka tijekom cijele noći. Zahvaljujući svojim prirodnim svojstvima, tetra muslin pomaže u regulaciji tjelesne temperature, štiteći bebu od pregrijavanja ili pothlađivanja te osigurava ugodan i miran san. Sve naše vreće za spavanje nose OEKO-TEX® Standard 100 certifikat, što jamči da su potpuno sigurne za osjetljivu dječju kožu, bez štetnih tvari i kemikalija.	https://babynatur.hr/products/vrece-za-spavanje-s-nogavicama?variant=56592233202050	https://cdn.shopify.com/s/files/1/0943/0738/5730/files/Brundo_1622f46b-31d6-48d5-a883-d10c30f59cf4.jpg?v=1780917408	https://cdn.shopify.com/s/files/1/0943/0738/5730/files/baby-natur-sleep-sack-cherry-print-white-muslin-a1b2c3_dd640b53-9a15-4e22-b8b3-18228957326c.jpg?v=1780917409,https://cdn.shopify.com/s/files/1/0943/0738/5730/files/Vrecazaspavanjesnogavicama_10_85bda7aa-cf6f-4789-a82a-68a9ff29d4d3.jpg?v=1780917410,https://cdn.shopify.com/s/files/1/0943/0738/5730/files/baby-natur-pink-braided-crib-bumper-baby-toddler-a1b2c3d4_291a0001-77ba-4fd3-94a9-715d7e2730b7.jpg?v=1780917409,https://cdn.shopify.com/s/files/1/0943/0738/5730/files/baby-natur-lemon-print-sleep-sack-f3a7b9_0ccf18ea-328e-4427-8dde-70cb06769687.jpg?v=1780917409,https://cdn.shopify.com/s/files/1/0943/0738/5730/files/baby-natur-sleep-sack-legs-white-muslin-a1b2c3_901ffe3a-e9c6-4568-bb98-85c661cd169b.jpg?v=1780917409,https://cdn.shopify.com/s/files/1/0943/0738/5730/files/Vrecazaspavanjesnogavicama_323bf561-1f6b-4f15-9bd4-19afa8926162.jpg?v=1780917410,https://cdn.shopify.com/s/files/1/0943/0738/5730/files/baby-natur-floral-muslin-sleeping-bag-a1b2c3_fe46ff4e-9df6-4323-a0c8-64ca9e2b3aed.jpg?v=1780917409,https://cdn.shopify.com/s/files/1/0943/0738/5730/files/Vrecazaspavanjesnogavicama_3_ddbb6c7e-2b32-4966-9ac4-62933ac1f13a.jpg?v=1780917410,https://cdn.shopify.com/s/files/1/0943/0738/5730/files/Vrecazaspavanjesnogavicama_5_1162b03f-14b3-4928-9ad0-62215b0e16fa.jpg?v=1780917410,https://cdn.shopify.com/s/files/1/0943/0738/5730/files/Vrecazaspavanjesnogavicama_6_eb9e92b8-c4cf-4d77-9b32-6966f939f536.jpg?v=1780917410	out_of_stock	new	42.00 EUR	37.80 EUR	Baby Natur		no		Vreća za spavanje		1.5–3 godina	Jednoslojno – LJETO	Brundo	
shopify_ZZ_15192324702594_56592233234818	15192324702594	Vreće za spavanje s nogavicama - Brundo / Jednoslojno – LJETO / 3-5 godina	Mirne noći započinju s pravim izborom. Baby Natur vreće za spavanje izrađene su od 100% tetra muslina, prirodnog, iznimno prozračnog i nježnog materijala koji omogućuje optimalnu cirkulaciju zraka tijekom cijele noći. Zahvaljujući svojim prirodnim svojstvima, tetra muslin pomaže u regulaciji tjelesne temperature, štiteći bebu od pregrijavanja ili pothlađivanja te osigurava ugodan i miran san. Sve naše vreće za spavanje nose OEKO-TEX® Standard 100 certifikat, što jamči da su potpuno sigurne za osjetljivu dječju kožu, bez štetnih tvari i kemikalija.	https://babynatur.hr/products/vrece-za-spavanje-s-nogavicama?variant=56592233234818	https://cdn.shopify.com/s/files/1/0943/0738/5730/files/Brundo_1622f46b-31d6-48d5-a883-d10c30f59cf4.jpg?v=1780917408	https://cdn.shopify.com/s/files/1/0943/0738/5730/files/baby-natur-sleep-sack-cherry-print-white-muslin-a1b2c3_dd640b53-9a15-4e22-b8b3-18228957326c.jpg?v=1780917409,https://cdn.shopify.com/s/files/1/0943/0738/5730/files/Vrecazaspavanjesnogavicama_10_85bda7aa-cf6f-4789-a82a-68a9ff29d4d3.jpg?v=1780917410,https://cdn.shopify.com/s/files/1/0943/0738/5730/files/baby-natur-pink-braided-crib-bumper-baby-toddler-a1b2c3d4_291a0001-77ba-4fd3-94a9-715d7e2730b7.jpg?v=1780917409,https://cdn.shopify.com/s/files/1/0943/0738/5730/files/baby-natur-lemon-print-sleep-sack-f3a7b9_0ccf18ea-328e-4427-8dde-70cb06769687.jpg?v=1780917409,https://cdn.shopify.com/s/files/1/0943/0738/5730/files/baby-natur-sleep-sack-legs-white-muslin-a1b2c3_901ffe3a-e9c6-4568-bb98-85c661cd169b.jpg?v=1780917409,https://cdn.shopify.com/s/files/1/0943/0738/5730/files/Vrecazaspavanjesnogavicama_323bf561-1f6b-4f15-9bd4-19afa8926162.jpg?v=1780917410,https://cdn.shopify.com/s/files/1/0943/0738/5730/files/baby-natur-floral-muslin-sleeping-bag-a1b2c3_fe46ff4e-9df6-4323-a0c8-64ca9e2b3aed.jpg?v=1780917409,https://cdn.shopify.com/s/files/1/0943/0738/5730/files/Vrecazaspavanjesnogavicama_3_ddbb6c7e-2b32-4966-9ac4-62933ac1f13a.jpg?v=1780917410,https://cdn.shopify.com/s/files/1/0943/0738/5730/files/Vrecazaspavanjesnogavicama_5_1162b03f-14b3-4928-9ad0-62215b0e16fa.jpg?v=1780917410,https://cdn.shopify.com/s/files/1/0943/0738/5730/files/Vrecazaspavanjesnogavicama_6_eb9e92b8-c4cf-4d77-9b32-6966f939f536.jpg?v=1780917410	out_of_stock	new	45.00 EUR	39.50 EUR	Baby Natur		no		Vreća za spavanje		3-5 godina	Jednoslojno – LJETO	Brundo	
shopify_ZZ_15192324702594_56019083198850	15192324702594	Vreće za spavanje s nogavicama - Brundo / Dvoslojno – PROLJEĆE I JESEN / 6–18 mjeseci	Mirne noći započinju s pravim izborom. Baby Natur vreće za spavanje izrađene su od 100% tetra muslina, prirodnog, iznimno prozračnog i nježnog materijala koji omogućuje optimalnu cirkulaciju zraka tijekom cijele noći. Zahvaljujući svojim prirodnim svojstvima, tetra muslin pomaže u regulaciji tjelesne temperature, štiteći bebu od pregrijavanja ili pothlađivanja te osigurava ugodan i miran san. Sve naše vreće za spavanje nose OEKO-TEX® Standard 100 certifikat, što jamči da su potpuno sigurne za osjetljivu dječju kožu, bez štetnih tvari i kemikalija.	https://babynatur.hr/products/vrece-za-spavanje-s-nogavicama?variant=56019083198850	https://cdn.shopify.com/s/files/1/0943/0738/5730/files/Brundo_1622f46b-31d6-48d5-a883-d10c30f59cf4.jpg?v=1780917408	https://cdn.shopify.com/s/files/1/0943/0738/5730/files/baby-natur-sleep-sack-cherry-print-white-muslin-a1b2c3_dd640b53-9a15-4e22-b8b3-18228957326c.jpg?v=1780917409,https://cdn.shopify.com/s/files/1/0943/0738/5730/files/Vrecazaspavanjesnogavicama_10_85bda7aa-cf6f-4789-a82a-68a9ff29d4d3.jpg?v=1780917410,https://cdn.shopify.com/s/files/1/0943/0738/5730/files/baby-natur-pink-braided-crib-bumper-baby-toddler-a1b2c3d4_291a0001-77ba-4fd3-94a9-715d7e2730b7.jpg?v=1780917409,https://cdn.shopify.com/s/files/1/0943/0738/5730/files/baby-natur-lemon-print-sleep-sack-f3a7b9_0ccf18ea-328e-4427-8dde-70cb06769687.jpg?v=1780917409,https://cdn.shopify.com/s/files/1/0943/0738/5730/files/baby-natur-sleep-sack-legs-white-muslin-a1b2c3_901ffe3a-e9c6-4568-bb98-85c661cd169b.jpg?v=1780917409,https://cdn.shopify.com/s/files/1/0943/0738/5730/files/Vrecazaspavanjesnogavicama_323bf561-1f6b-4f15-9bd4-19afa8926162.jpg?v=1780917410,https://cdn.shopify.com/s/files/1/0943/0738/5730/files/baby-natur-floral-muslin-sleeping-bag-a1b2c3_fe46ff4e-9df6-4323-a0c8-64ca9e2b3aed.jpg?v=1780917409,https://cdn.shopify.com/s/files/1/0943/0738/5730/files/Vrecazaspavanjesnogavicama_3_ddbb6c7e-2b32-4966-9ac4-62933ac1f13a.jpg?v=1780917410,https://cdn.shopify.com/s/files/1/0943/0738/5730/files/Vrecazaspavanjesnogavicama_5_1162b03f-14b3-4928-9ad0-62215b0e16fa.jpg?v=1780917410,https://cdn.shopify.com/s/files/1/0943/0738/5730/files/Vrecazaspavanjesnogavicama_6_eb9e92b8-c4cf-4d77-9b32-6966f939f536.jpg?v=1780917410	in_stock	new	50.00 EUR	45.00 EUR	Baby Natur	BN-VR-S-NOG-2-Teddy-S	yes		Vreća za spavanje		6–18 mjeseci	Dvoslojno – PROLJEĆE I JESEN	Brundo	
shopify_ZZ_15192324702594_56592233267586	15192324702594	Vreće za spavanje s nogavicama - Brundo / Dvoslojno – PROLJEĆE I JESEN / 1.5–3 godina	Mirne noći započinju s pravim izborom. Baby Natur vreće za spavanje izrađene su od 100% tetra muslina, prirodnog, iznimno prozračnog i nježnog materijala koji omogućuje optimalnu cirkulaciju zraka tijekom cijele noći. Zahvaljujući svojim prirodnim svojstvima, tetra muslin pomaže u regulaciji tjelesne temperature, štiteći bebu od pregrijavanja ili pothlađivanja te osigurava ugodan i miran san. Sve naše vreće za spavanje nose OEKO-TEX® Standard 100 certifikat, što jamči da su potpuno sigurne za osjetljivu dječju kožu, bez štetnih tvari i kemikalija.	https://babynatur.hr/products/vrece-za-spavanje-s-nogavicama?variant=56592233267586	https://cdn.shopify.com/s/files/1/0943/0738/5730/files/Brundo_1622f46b-31d6-48d5-a883-d10c30f59cf4.jpg?v=1780917408	https://cdn.shopify.com/s/files/1/0943/0738/5730/files/baby-natur-sleep-sack-cherry-print-white-muslin-a1b2c3_dd640b53-9a15-4e22-b8b3-18228957326c.jpg?v=1780917409,https://cdn.shopify.com/s/files/1/0943/0738/5730/files/Vrecazaspavanjesnogavicama_10_85bda7aa-cf6f-4789-a82a-68a9ff29d4d3.jpg?v=1780917410,https://cdn.shopify.com/s/files/1/0943/0738/5730/files/baby-natur-pink-braided-crib-bumper-baby-toddler-a1b2c3d4_291a0001-77ba-4fd3-94a9-715d7e2730b7.jpg?v=1780917409,https://cdn.shopify.com/s/files/1/0943/0738/5730/files/baby-natur-lemon-print-sleep-sack-f3a7b9_0ccf18ea-328e-4427-8dde-70cb06769687.jpg?v=1780917409,https://cdn.shopify.com/s/files/1/0943/0738/5730/files/baby-natur-sleep-sack-legs-white-muslin-a1b2c3_901ffe3a-e9c6-4568-bb98-85c661cd169b.jpg?v=1780917409,https://cdn.shopify.com/s/files/1/0943/0738/5730/files/Vrecazaspavanjesnogavicama_323bf561-1f6b-4f15-9bd4-19afa8926162.jpg?v=1780917410,https://cdn.shopify.com/s/files/1/0943/0738/5730/files/baby-natur-floral-muslin-sleeping-bag-a1b2c3_fe46ff4e-9df6-4323-a0c8-64ca9e2b3aed.jpg?v=1780917409,https://cdn.shopify.com/s/files/1/0943/0738/5730/files/Vrecazaspavanjesnogavicama_3_ddbb6c7e-2b32-4966-9ac4-62933ac1f13a.jpg?v=1780917410,https://cdn.shopify.com/s/files/1/0943/0738/5730/files/Vrecazaspavanjesnogavicama_5_1162b03f-14b3-4928-9ad0-62215b0e16fa.jpg?v=1780917410,https://cdn.shopify.com/s/files/1/0943/0738/5730/files/Vrecazaspavanjesnogavicama_6_eb9e92b8-c4cf-4d77-9b32-6966f939f536.jpg?v=1780917410	in_stock	new	50.00 EUR	45.00 EUR	Baby Natur		no		Vreća za spavanje		1.5–3 godina	Dvoslojno – PROLJEĆE I JESEN	Brundo	
shopify_ZZ_15192324702594_56592233300354	15192324702594	Vreće za spavanje s nogavicama - Brundo / Dvoslojno – PROLJEĆE I JESEN / 3-5 godina	Mirne noći započinju s pravim izborom. Baby Natur vreće za spavanje izrađene su od 100% tetra muslina, prirodnog, iznimno prozračnog i nježnog materijala koji omogućuje optimalnu cirkulaciju zraka tijekom cijele noći. Zahvaljujući svojim prirodnim svojstvima, tetra muslin pomaže u regulaciji tjelesne temperature, štiteći bebu od pregrijavanja ili pothlađivanja te osigurava ugodan i miran san. Sve naše vreće za spavanje nose OEKO-TEX® Standard 100 certifikat, što jamči da su potpuno sigurne za osjetljivu dječju kožu, bez štetnih tvari i kemikalija.	https://babynatur.hr/products/vrece-za-spavanje-s-nogavicama?variant=56592233300354	https://cdn.shopify.com/s/files/1/0943/0738/5730/files/Brundo_1622f46b-31d6-48d5-a883-d10c30f59cf4.jpg?v=1780917408	https://cdn.shopify.com/s/files/1/0943/0738/5730/files/baby-natur-sleep-sack-cherry-print-white-muslin-a1b2c3_dd640b53-9a15-4e22-b8b3-18228957326c.jpg?v=1780917409,https://cdn.shopify.com/s/files/1/0943/0738/5730/files/Vrecazaspavanjesnogavicama_10_85bda7aa-cf6f-4789-a82a-68a9ff29d4d3.jpg?v=1780917410,https://cdn.shopify.com/s/files/1/0943/0738/5730/files/baby-natur-pink-braided-crib-bumper-baby-toddler-a1b2c3d4_291a0001-77ba-4fd3-94a9-715d7e2730b7.jpg?v=1780917409,https://cdn.shopify.com/s/files/1/0943/0738/5730/files/baby-natur-lemon-print-sleep-sack-f3a7b9_0ccf18ea-328e-4427-8dde-70cb06769687.jpg?v=1780917409,https://cdn.shopify.com/s/files/1/0943/0738/5730/files/baby-natur-sleep-sack-legs-white-muslin-a1b2c3_901ffe3a-e9c6-4568-bb98-85c661cd169b.jpg?v=1780917409,https://cdn.shopify.com/s/files/1/0943/0738/5730/files/Vrecazaspavanjesnogavicama_323bf561-1f6b-4f15-9bd4-19afa8926162.jpg?v=1780917410,https://cdn.shopify.com/s/files/1/0943/0738/5730/files/baby-natur-floral-muslin-sleeping-bag-a1b2c3_fe46ff4e-9df6-4323-a0c8-64ca9e2b3aed.jpg?v=1780917409,https://cdn.shopify.com/s/files/1/0943/0738/5730/files/Vrecazaspavanjesnogavicama_3_ddbb6c7e-2b32-4966-9ac4-62933ac1f13a.jpg?v=1780917410,https://cdn.shopify.com/s/files/1/0943/0738/5730/files/Vrecazaspavanjesnogavicama_5_1162b03f-14b3-4928-9ad0-62215b0e16fa.jpg?v=1780917410,https://cdn.shopify.com/s/files/1/0943/0738/5730/files/Vrecazaspavanjesnogavicama_6_eb9e92b8-c4cf-4d77-9b32-6966f939f536.jpg?v=1780917410	in_stock	new	52.00 EUR	46.80 EUR	Baby Natur		no		Vreća za spavanje		3-5 godina	Dvoslojno – PROLJEĆE I JESEN	Brundo	
shopify_ZZ_15192324702594_56019083592066	15192324702594	Vreće za spavanje s nogavicama - Brundo / S punjenjem – ZIMA / 6–18 mjeseci	Mirne noći započinju s pravim izborom. Baby Natur vreće za spavanje izrađene su od 100% tetra muslina, prirodnog, iznimno prozračnog i nježnog materijala koji omogućuje optimalnu cirkulaciju zraka tijekom cijele noći. Zahvaljujući svojim prirodnim svojstvima, tetra muslin pomaže u regulaciji tjelesne temperature, štiteći bebu od pregrijavanja ili pothlađivanja te osigurava ugodan i miran san. Sve naše vreće za spavanje nose OEKO-TEX® Standard 100 certifikat, što jamči da su potpuno sigurne za osjetljivu dječju kožu, bez štetnih tvari i kemikalija.	https://babynatur.hr/products/vrece-za-spavanje-s-nogavicama?variant=56019083592066	https://cdn.shopify.com/s/files/1/0943/0738/5730/files/Brundo_1622f46b-31d6-48d5-a883-d10c30f59cf4.jpg?v=1780917408	https://cdn.shopify.com/s/files/1/0943/0738/5730/files/baby-natur-sleep-sack-cherry-print-white-muslin-a1b2c3_dd640b53-9a15-4e22-b8b3-18228957326c.jpg?v=1780917409,https://cdn.shopify.com/s/files/1/0943/0738/5730/files/Vrecazaspavanjesnogavicama_10_85bda7aa-cf6f-4789-a82a-68a9ff29d4d3.jpg?v=1780917410,https://cdn.shopify.com/s/files/1/0943/0738/5730/files/baby-natur-pink-braided-crib-bumper-baby-toddler-a1b2c3d4_291a0001-77ba-4fd3-94a9-715d7e2730b7.jpg?v=1780917409,https://cdn.shopify.com/s/files/1/0943/0738/5730/files/baby-natur-lemon-print-sleep-sack-f3a7b9_0ccf18ea-328e-4427-8dde-70cb06769687.jpg?v=1780917409,https://cdn.shopify.com/s/files/1/0943/0738/5730/files/baby-natur-sleep-sack-legs-white-muslin-a1b2c3_901ffe3a-e9c6-4568-bb98-85c661cd169b.jpg?v=1780917409,https://cdn.shopify.com/s/files/1/0943/0738/5730/files/Vrecazaspavanjesnogavicama_323bf561-1f6b-4f15-9bd4-19afa8926162.jpg?v=1780917410,https://cdn.shopify.com/s/files/1/0943/0738/5730/files/baby-natur-floral-muslin-sleeping-bag-a1b2c3_fe46ff4e-9df6-4323-a0c8-64ca9e2b3aed.jpg?v=1780917409,https://cdn.shopify.com/s/files/1/0943/0738/5730/files/Vrecazaspavanjesnogavicama_3_ddbb6c7e-2b32-4966-9ac4-62933ac1f13a.jpg?v=1780917410,https://cdn.shopify.com/s/files/1/0943/0738/5730/files/Vrecazaspavanjesnogavicama_5_1162b03f-14b3-4928-9ad0-62215b0e16fa.jpg?v=1780917410,https://cdn.shopify.com/s/files/1/0943/0738/5730/files/Vrecazaspavanjesnogavicama_6_eb9e92b8-c4cf-4d77-9b32-6966f939f536.jpg?v=1780917410	in_stock	new	60.00 EUR	54.00 EUR	Baby Natur	BN-VR-S-NOG-3-Bear-S	yes		Vreća za spavanje		6–18 mjeseci	S punjenjem – ZIMA	Brundo	
shopify_ZZ_15192324702594_56592233333122	15192324702594	Vreće za spavanje s nogavicama - Brundo / S punjenjem – ZIMA / 1.5–3 godina	Mirne noći započinju s pravim izborom. Baby Natur vreće za spavanje izrađene su od 100% tetra muslina, prirodnog, iznimno prozračnog i nježnog materijala koji omogućuje optimalnu cirkulaciju zraka tijekom cijele noći. Zahvaljujući svojim prirodnim svojstvima, tetra muslin pomaže u regulaciji tjelesne temperature, štiteći bebu od pregrijavanja ili pothlađivanja te osigurava ugodan i miran san. Sve naše vreće za spavanje nose OEKO-TEX® Standard 100 certifikat, što jamči da su potpuno sigurne za osjetljivu dječju kožu, bez štetnih tvari i kemikalija.	https://babynatur.hr/products/vrece-za-spavanje-s-nogavicama?variant=56592233333122	https://cdn.shopify.com/s/files/1/0943/0738/5730/files/Brundo_1622f46b-31d6-48d5-a883-d10c30f59cf4.jpg?v=1780917408	https://cdn.shopify.com/s/files/1/0943/0738/5730/files/baby-natur-sleep-sack-cherry-print-white-muslin-a1b2c3_dd640b53-9a15-4e22-b8b3-18228957326c.jpg?v=1780917409,https://cdn.shopify.com/s/files/1/0943/0738/5730/files/Vrecazaspavanjesnogavicama_10_85bda7aa-cf6f-4789-a82a-68a9ff29d4d3.jpg?v=1780917410,https://cdn.shopify.com/s/files/1/0943/0738/5730/files/baby-natur-pink-braided-crib-bumper-baby-toddler-a1b2c3d4_291a0001-77ba-4fd3-94a9-715d7e2730b7.jpg?v=1780917409,https://cdn.shopify.com/s/files/1/0943/0738/5730/files/baby-natur-lemon-print-sleep-sack-f3a7b9_0ccf18ea-328e-4427-8dde-70cb06769687.jpg?v=1780917409,https://cdn.shopify.com/s/files/1/0943/0738/5730/files/baby-natur-sleep-sack-legs-white-muslin-a1b2c3_901ffe3a-e9c6-4568-bb98-85c661cd169b.jpg?v=1780917409,https://cdn.shopify.com/s/files/1/0943/0738/5730/files/Vrecazaspavanjesnogavicama_323bf561-1f6b-4f15-9bd4-19afa8926162.jpg?v=1780917410,https://cdn.shopify.com/s/files/1/0943/0738/5730/files/baby-natur-floral-muslin-sleeping-bag-a1b2c3_fe46ff4e-9df6-4323-a0c8-64ca9e2b3aed.jpg?v=1780917409,https://cdn.shopify.com/s/files/1/0943/0738/5730/files/Vrecazaspavanjesnogavicama_3_ddbb6c7e-2b32-4966-9ac4-62933ac1f13a.jpg?v=1780917410,https://cdn.shopify.com/s/files/1/0943/0738/5730/files/Vrecazaspavanjesnogavicama_5_1162b03f-14b3-4928-9ad0-62215b0e16fa.jpg?v=1780917410,https://cdn.shopify.com/s/files/1/0943/0738/5730/files/Vrecazaspavanjesnogavicama_6_eb9e92b8-c4cf-4d77-9b32-6966f939f536.jpg?v=1780917410	in_stock	new	60.00 EUR	54.00 EUR	Baby Natur		no		Vreća za spavanje		1.5–3 godina	S punjenjem – ZIMA	Brundo	
shopify_ZZ_15192324702594_56592233365890	15192324702594	Vreće za spavanje s nogavicama - Brundo / S punjenjem – ZIMA / 3-5 godina	Mirne noći započinju s pravim izborom. Baby Natur vreće za spavanje izrađene su od 100% tetra muslina, prirodnog, iznimno prozračnog i nježnog materijala koji omogućuje optimalnu cirkulaciju zraka tijekom cijele noći. Zahvaljujući svojim prirodnim svojstvima, tetra muslin pomaže u regulaciji tjelesne temperature, štiteći bebu od pregrijavanja ili pothlađivanja te osigurava ugodan i miran san. Sve naše vreće za spavanje nose OEKO-TEX® Standard 100 certifikat, što jamči da su potpuno sigurne za osjetljivu dječju kožu, bez štetnih tvari i kemikalija.	https://babynatur.hr/products/vrece-za-spavanje-s-nogavicama?variant=56592233365890	https://cdn.shopify.com/s/files/1/0943/0738/5730/files/Brundo_1622f46b-31d6-48d5-a883-d10c30f59cf4.jpg?v=1780917408	https://cdn.shopify.com/s/files/1/0943/0738/5730/files/baby-natur-sleep-sack-cherry-print-white-muslin-a1b2c3_dd640b53-9a15-4e22-b8b3-18228957326c.jpg?v=1780917409,https://cdn.shopify.com/s/files/1/0943/0738/5730/files/Vrecazaspavanjesnogavicama_10_85bda7aa-cf6f-4789-a82a-68a9ff29d4d3.jpg?v=1780917410,https://cdn.shopify.com/s/files/1/0943/0738/5730/files/baby-natur-pink-braided-crib-bumper-baby-toddler-a1b2c3d4_291a0001-77ba-4fd3-94a9-715d7e2730b7.jpg?v=1780917409,https://cdn.shopify.com/s/files/1/0943/0738/5730/files/baby-natur-lemon-print-sleep-sack-f3a7b9_0ccf18ea-328e-4427-8dde-70cb06769687.jpg?v=1780917409,https://cdn.shopify.com/s/files/1/0943/0738/5730/files/baby-natur-sleep-sack-legs-white-muslin-a1b2c3_901ffe3a-e9c6-4568-bb98-85c661cd169b.jpg?v=1780917409,https://cdn.shopify.com/s/files/1/0943/0738/5730/files/Vrecazaspavanjesnogavicama_323bf561-1f6b-4f15-9bd4-19afa8926162.jpg?v=1780917410,https://cdn.shopify.com/s/files/1/0943/0738/5730/files/baby-natur-floral-muslin-sleeping-bag-a1b2c3_fe46ff4e-9df6-4323-a0c8-64ca9e2b3aed.jpg?v=1780917409,https://cdn.shopify.com/s/files/1/0943/0738/5730/files/Vrecazaspavanjesnogavicama_3_ddbb6c7e-2b32-4966-9ac4-62933ac1f13a.jpg?v=1780917410,https://cdn.shopify.com/s/files/1/0943/0738/5730/files/Vrecazaspavanjesnogavicama_5_1162b03f-14b3-4928-9ad0-62215b0e16fa.jpg?v=1780917410,https://cdn.shopify.com/s/files/1/0943/0738/5730/files/Vrecazaspavanjesnogavicama_6_eb9e92b8-c4cf-4d77-9b32-6966f939f536.jpg?v=1780917410	in_stock	new	62.00 EUR	55.80 EUR	Baby Natur		no		Vreća za spavanje		3-5 godina	S punjenjem – ZIMA	Brundo	
shopify_ZZ_15192324702594_56019082936706	15192324702594	Vreće za spavanje s nogavicama - Točkice / Jednoslojno – LJETO / 6–18 mjeseci	Mirne noći započinju s pravim izborom. Baby Natur vreće za spavanje izrađene su od 100% tetra muslina, prirodnog, iznimno prozračnog i nježnog materijala koji omogućuje optimalnu cirkulaciju zraka tijekom cijele noći. Zahvaljujući svojim prirodnim svojstvima, tetra muslin pomaže u regulaciji tjelesne temperature, štiteći bebu od pregrijavanja ili pothlađivanja te osigurava ugodan i miran san. Sve naše vreće za spavanje nose OEKO-TEX® Standard 100 certifikat, što jamči da su potpuno sigurne za osjetljivu dječju kožu, bez štetnih tvari i kemikalija.	https://babynatur.hr/products/vrece-za-spavanje-s-nogavicama?variant=56019082936706	https://cdn.shopify.com/s/files/1/0943/0738/5730/files/Tockice_b44528f4-b5dd-487c-a9d1-8bb87ab8d8dd.jpg?v=1780917409	https://cdn.shopify.com/s/files/1/0943/0738/5730/files/baby-natur-sleep-sack-cherry-print-white-muslin-a1b2c3_dd640b53-9a15-4e22-b8b3-18228957326c.jpg?v=1780917409,https://cdn.shopify.com/s/files/1/0943/0738/5730/files/Vrecazaspavanjesnogavicama_10_85bda7aa-cf6f-4789-a82a-68a9ff29d4d3.jpg?v=1780917410,https://cdn.shopify.com/s/files/1/0943/0738/5730/files/baby-natur-pink-braided-crib-bumper-baby-toddler-a1b2c3d4_291a0001-77ba-4fd3-94a9-715d7e2730b7.jpg?v=1780917409,https://cdn.shopify.com/s/files/1/0943/0738/5730/files/baby-natur-lemon-print-sleep-sack-f3a7b9_0ccf18ea-328e-4427-8dde-70cb06769687.jpg?v=1780917409,https://cdn.shopify.com/s/files/1/0943/0738/5730/files/baby-natur-sleep-sack-legs-white-muslin-a1b2c3_901ffe3a-e9c6-4568-bb98-85c661cd169b.jpg?v=1780917409,https://cdn.shopify.com/s/files/1/0943/0738/5730/files/Vrecazaspavanjesnogavicama_323bf561-1f6b-4f15-9bd4-19afa8926162.jpg?v=1780917410,https://cdn.shopify.com/s/files/1/0943/0738/5730/files/baby-natur-floral-muslin-sleeping-bag-a1b2c3_fe46ff4e-9df6-4323-a0c8-64ca9e2b3aed.jpg?v=1780917409,https://cdn.shopify.com/s/files/1/0943/0738/5730/files/Vrecazaspavanjesnogavicama_3_ddbb6c7e-2b32-4966-9ac4-62933ac1f13a.jpg?v=1780917410,https://cdn.shopify.com/s/files/1/0943/0738/5730/files/Vrecazaspavanjesnogavicama_5_1162b03f-14b3-4928-9ad0-62215b0e16fa.jpg?v=1780917410,https://cdn.shopify.com/s/files/1/0943/0738/5730/files/Vrecazaspavanjesnogavicama_6_eb9e92b8-c4cf-4d77-9b32-6966f939f536.jpg?v=1780917410	out_of_stock	new	42.00 EUR		Baby Natur	BN-VR-S-NOG-1-Dots-S	yes		Vreća za spavanje		6–18 mjeseci	Jednoslojno – LJETO	Točkice	
shopify_ZZ_15192324702594_56592233988482	15192324702594	Vreće za spavanje s nogavicama - Točkice / Jednoslojno – LJETO / 1.5–3 godina	Mirne noći započinju s pravim izborom. Baby Natur vreće za spavanje izrađene su od 100% tetra muslina, prirodnog, iznimno prozračnog i nježnog materijala koji omogućuje optimalnu cirkulaciju zraka tijekom cijele noći. Zahvaljujući svojim prirodnim svojstvima, tetra muslin pomaže u regulaciji tjelesne temperature, štiteći bebu od pregrijavanja ili pothlađivanja te osigurava ugodan i miran san. Sve naše vreće za spavanje nose OEKO-TEX® Standard 100 certifikat, što jamči da su potpuno sigurne za osjetljivu dječju kožu, bez štetnih tvari i kemikalija.	https://babynatur.hr/products/vrece-za-spavanje-s-nogavicama?variant=56592233988482	https://cdn.shopify.com/s/files/1/0943/0738/5730/files/Tockice_b44528f4-b5dd-487c-a9d1-8bb87ab8d8dd.jpg?v=1780917409	https://cdn.shopify.com/s/files/1/0943/0738/5730/files/baby-natur-sleep-sack-cherry-print-white-muslin-a1b2c3_dd640b53-9a15-4e22-b8b3-18228957326c.jpg?v=1780917409,https://cdn.shopify.com/s/files/1/0943/0738/5730/files/Vrecazaspavanjesnogavicama_10_85bda7aa-cf6f-4789-a82a-68a9ff29d4d3.jpg?v=1780917410,https://cdn.shopify.com/s/files/1/0943/0738/5730/files/baby-natur-pink-braided-crib-bumper-baby-toddler-a1b2c3d4_291a0001-77ba-4fd3-94a9-715d7e2730b7.jpg?v=1780917409,https://cdn.shopify.com/s/files/1/0943/0738/5730/files/baby-natur-lemon-print-sleep-sack-f3a7b9_0ccf18ea-328e-4427-8dde-70cb06769687.jpg?v=1780917409,https://cdn.shopify.com/s/files/1/0943/0738/5730/files/baby-natur-sleep-sack-legs-white-muslin-a1b2c3_901ffe3a-e9c6-4568-bb98-85c661cd169b.jpg?v=1780917409,https://cdn.shopify.com/s/files/1/0943/0738/5730/files/Vrecazaspavanjesnogavicama_323bf561-1f6b-4f15-9bd4-19afa8926162.jpg?v=1780917410,https://cdn.shopify.com/s/files/1/0943/0738/5730/files/baby-natur-floral-muslin-sleeping-bag-a1b2c3_fe46ff4e-9df6-4323-a0c8-64ca9e2b3aed.jpg?v=1780917409,https://cdn.shopify.com/s/files/1/0943/0738/5730/files/Vrecazaspavanjesnogavicama_3_ddbb6c7e-2b32-4966-9ac4-62933ac1f13a.jpg?v=1780917410,https://cdn.shopify.com/s/files/1/0943/0738/5730/files/Vrecazaspavanjesnogavicama_5_1162b03f-14b3-4928-9ad0-62215b0e16fa.jpg?v=1780917410,https://cdn.shopify.com/s/files/1/0943/0738/5730/files/Vrecazaspavanjesnogavicama_6_eb9e92b8-c4cf-4d77-9b32-6966f939f536.jpg?v=1780917410	out_of_stock	new	42.00 EUR		Baby Natur		no		Vreća za spavanje		1.5–3 godina	Jednoslojno – LJETO	Točkice	
shopify_ZZ_15192324702594_56592234021250	15192324702594	Vreće za spavanje s nogavicama - Točkice / Jednoslojno – LJETO / 3-5 godina	Mirne noći započinju s pravim izborom. Baby Natur vreće za spavanje izrađene su od 100% tetra muslina, prirodnog, iznimno prozračnog i nježnog materijala koji omogućuje optimalnu cirkulaciju zraka tijekom cijele noći. Zahvaljujući svojim prirodnim svojstvima, tetra muslin pomaže u regulaciji tjelesne temperature, štiteći bebu od pregrijavanja ili pothlađivanja te osigurava ugodan i miran san. Sve naše vreće za spavanje nose OEKO-TEX® Standard 100 certifikat, što jamči da su potpuno sigurne za osjetljivu dječju kožu, bez štetnih tvari i kemikalija.	https://babynatur.hr/products/vrece-za-spavanje-s-nogavicama?variant=56592234021250	https://cdn.shopify.com/s/files/1/0943/0738/5730/files/Tockice_b44528f4-b5dd-487c-a9d1-8bb87ab8d8dd.jpg?v=1780917409	https://cdn.shopify.com/s/files/1/0943/0738/5730/files/baby-natur-sleep-sack-cherry-print-white-muslin-a1b2c3_dd640b53-9a15-4e22-b8b3-18228957326c.jpg?v=1780917409,https://cdn.shopify.com/s/files/1/0943/0738/5730/files/Vrecazaspavanjesnogavicama_10_85bda7aa-cf6f-4789-a82a-68a9ff29d4d3.jpg?v=1780917410,https://cdn.shopify.com/s/files/1/0943/0738/5730/files/baby-natur-pink-braided-crib-bumper-baby-toddler-a1b2c3d4_291a0001-77ba-4fd3-94a9-715d7e2730b7.jpg?v=1780917409,https://cdn.shopify.com/s/files/1/0943/0738/5730/files/baby-natur-lemon-print-sleep-sack-f3a7b9_0ccf18ea-328e-4427-8dde-70cb06769687.jpg?v=1780917409,https://cdn.shopify.com/s/files/1/0943/0738/5730/files/baby-natur-sleep-sack-legs-white-muslin-a1b2c3_901ffe3a-e9c6-4568-bb98-85c661cd169b.jpg?v=1780917409,https://cdn.shopify.com/s/files/1/0943/0738/5730/files/Vrecazaspavanjesnogavicama_323bf561-1f6b-4f15-9bd4-19afa8926162.jpg?v=1780917410,https://cdn.shopify.com/s/files/1/0943/0738/5730/files/baby-natur-floral-muslin-sleeping-bag-a1b2c3_fe46ff4e-9df6-4323-a0c8-64ca9e2b3aed.jpg?v=1780917409,https://cdn.shopify.com/s/files/1/0943/0738/5730/files/Vrecazaspavanjesnogavicama_3_ddbb6c7e-2b32-4966-9ac4-62933ac1f13a.jpg?v=1780917410,https://cdn.shopify.com/s/files/1/0943/0738/5730/files/Vrecazaspavanjesnogavicama_5_1162b03f-14b3-4928-9ad0-62215b0e16fa.jpg?v=1780917410,https://cdn.shopify.com/s/files/1/0943/0738/5730/files/Vrecazaspavanjesnogavicama_6_eb9e92b8-c4cf-4d77-9b32-6966f939f536.jpg?v=1780917410	out_of_stock	new	45.00 EUR		Baby Natur		no		Vreća za spavanje		3-5 godina	Jednoslojno – LJETO	Točkice	
shopify_ZZ_15192324702594_56019083329922	15192324702594	Vreće za spavanje s nogavicama - Točkice / Dvoslojno – PROLJEĆE I JESEN / 6–18 mjeseci	Mirne noći započinju s pravim izborom. Baby Natur vreće za spavanje izrađene su od 100% tetra muslina, prirodnog, iznimno prozračnog i nježnog materijala koji omogućuje optimalnu cirkulaciju zraka tijekom cijele noći. Zahvaljujući svojim prirodnim svojstvima, tetra muslin pomaže u regulaciji tjelesne temperature, štiteći bebu od pregrijavanja ili pothlađivanja te osigurava ugodan i miran san. Sve naše vreće za spavanje nose OEKO-TEX® Standard 100 certifikat, što jamči da su potpuno sigurne za osjetljivu dječju kožu, bez štetnih tvari i kemikalija.	https://babynatur.hr/products/vrece-za-spavanje-s-nogavicama?variant=56019083329922	https://cdn.shopify.com/s/files/1/0943/0738/5730/files/Tockice_b44528f4-b5dd-487c-a9d1-8bb87ab8d8dd.jpg?v=1780917409	https://cdn.shopify.com/s/files/1/0943/0738/5730/files/baby-natur-sleep-sack-cherry-print-white-muslin-a1b2c3_dd640b53-9a15-4e22-b8b3-18228957326c.jpg?v=1780917409,https://cdn.shopify.com/s/files/1/0943/0738/5730/files/Vrecazaspavanjesnogavicama_10_85bda7aa-cf6f-4789-a82a-68a9ff29d4d3.jpg?v=1780917410,https://cdn.shopify.com/s/files/1/0943/0738/5730/files/baby-natur-pink-braided-crib-bumper-baby-toddler-a1b2c3d4_291a0001-77ba-4fd3-94a9-715d7e2730b7.jpg?v=1780917409,https://cdn.shopify.com/s/files/1/0943/0738/5730/files/baby-natur-lemon-print-sleep-sack-f3a7b9_0ccf18ea-328e-4427-8dde-70cb06769687.jpg?v=1780917409,https://cdn.shopify.com/s/files/1/0943/0738/5730/files/baby-natur-sleep-sack-legs-white-muslin-a1b2c3_901ffe3a-e9c6-4568-bb98-85c661cd169b.jpg?v=1780917409,https://cdn.shopify.com/s/files/1/0943/0738/5730/files/Vrecazaspavanjesnogavicama_323bf561-1f6b-4f15-9bd4-19afa8926162.jpg?v=1780917410,https://cdn.shopify.com/s/files/1/0943/0738/5730/files/baby-natur-floral-muslin-sleeping-bag-a1b2c3_fe46ff4e-9df6-4323-a0c8-64ca9e2b3aed.jpg?v=1780917409,https://cdn.shopify.com/s/files/1/0943/0738/5730/files/Vrecazaspavanjesnogavicama_3_ddbb6c7e-2b32-4966-9ac4-62933ac1f13a.jpg?v=1780917410,https://cdn.shopify.com/s/files/1/0943/0738/5730/files/Vrecazaspavanjesnogavicama_5_1162b03f-14b3-4928-9ad0-62215b0e16fa.jpg?v=1780917410,https://cdn.shopify.com/s/files/1/0943/0738/5730/files/Vrecazaspavanjesnogavicama_6_eb9e92b8-c4cf-4d77-9b32-6966f939f536.jpg?v=1780917410	in_stock	new	50.00 EUR		Baby Natur	BN-VR-S-NOG-2-Dots-S	yes		Vreća za spavanje		6–18 mjeseci	Dvoslojno – PROLJEĆE I JESEN	Točkice	
shopify_ZZ_15192324702594_56592234054018	15192324702594	Vreće za spavanje s nogavicama - Točkice / Dvoslojno – PROLJEĆE I JESEN / 1.5–3 godina	Mirne noći započinju s pravim izborom. Baby Natur vreće za spavanje izrađene su od 100% tetra muslina, prirodnog, iznimno prozračnog i nježnog materijala koji omogućuje optimalnu cirkulaciju zraka tijekom cijele noći. Zahvaljujući svojim prirodnim svojstvima, tetra muslin pomaže u regulaciji tjelesne temperature, štiteći bebu od pregrijavanja ili pothlađivanja te osigurava ugodan i miran san. Sve naše vreće za spavanje nose OEKO-TEX® Standard 100 certifikat, što jamči da su potpuno sigurne za osjetljivu dječju kožu, bez štetnih tvari i kemikalija.	https://babynatur.hr/products/vrece-za-spavanje-s-nogavicama?variant=56592234054018	https://cdn.shopify.com/s/files/1/0943/0738/5730/files/Tockice_b44528f4-b5dd-487c-a9d1-8bb87ab8d8dd.jpg?v=1780917409	https://cdn.shopify.com/s/files/1/0943/0738/5730/files/baby-natur-sleep-sack-cherry-print-white-muslin-a1b2c3_dd640b53-9a15-4e22-b8b3-18228957326c.jpg?v=1780917409,https://cdn.shopify.com/s/files/1/0943/0738/5730/files/Vrecazaspavanjesnogavicama_10_85bda7aa-cf6f-4789-a82a-68a9ff29d4d3.jpg?v=1780917410,https://cdn.shopify.com/s/files/1/0943/0738/5730/files/baby-natur-pink-braided-crib-bumper-baby-toddler-a1b2c3d4_291a0001-77ba-4fd3-94a9-715d7e2730b7.jpg?v=1780917409,https://cdn.shopify.com/s/files/1/0943/0738/5730/files/baby-natur-lemon-print-sleep-sack-f3a7b9_0ccf18ea-328e-4427-8dde-70cb06769687.jpg?v=1780917409,https://cdn.shopify.com/s/files/1/0943/0738/5730/files/baby-natur-sleep-sack-legs-white-muslin-a1b2c3_901ffe3a-e9c6-4568-bb98-85c661cd169b.jpg?v=1780917409,https://cdn.shopify.com/s/files/1/0943/0738/5730/files/Vrecazaspavanjesnogavicama_323bf561-1f6b-4f15-9bd4-19afa8926162.jpg?v=1780917410,https://cdn.shopify.com/s/files/1/0943/0738/5730/files/baby-natur-floral-muslin-sleeping-bag-a1b2c3_fe46ff4e-9df6-4323-a0c8-64ca9e2b3aed.jpg?v=1780917409,https://cdn.shopify.com/s/files/1/0943/0738/5730/files/Vrecazaspavanjesnogavicama_3_ddbb6c7e-2b32-4966-9ac4-62933ac1f13a.jpg?v=1780917410,https://cdn.shopify.com/s/files/1/0943/0738/5730/files/Vrecazaspavanjesnogavicama_5_1162b03f-14b3-4928-9ad0-62215b0e16fa.jpg?v=1780917410,https://cdn.shopify.com/s/files/1/0943/0738/5730/files/Vrecazaspavanjesnogavicama_6_eb9e92b8-c4cf-4d77-9b32-6966f939f536.jpg?v=1780917410	out_of_stock	new	50.00 EUR		Baby Natur		no		Vreća za spavanje		1.5–3 godina	Dvoslojno – PROLJEĆE I JESEN	Točkice	
shopify_ZZ_15192324702594_56592234086786	15192324702594	Vreće za spavanje s nogavicama - Točkice / Dvoslojno – PROLJEĆE I JESEN / 3-5 godina	Mirne noći započinju s pravim izborom. Baby Natur vreće za spavanje izrađene su od 100% tetra muslina, prirodnog, iznimno prozračnog i nježnog materijala koji omogućuje optimalnu cirkulaciju zraka tijekom cijele noći. Zahvaljujući svojim prirodnim svojstvima, tetra muslin pomaže u regulaciji tjelesne temperature, štiteći bebu od pregrijavanja ili pothlađivanja te osigurava ugodan i miran san. Sve naše vreće za spavanje nose OEKO-TEX® Standard 100 certifikat, što jamči da su potpuno sigurne za osjetljivu dječju kožu, bez štetnih tvari i kemikalija.	https://babynatur.hr/products/vrece-za-spavanje-s-nogavicama?variant=56592234086786	https://cdn.shopify.com/s/files/1/0943/0738/5730/files/Tockice_b44528f4-b5dd-487c-a9d1-8bb87ab8d8dd.jpg?v=1780917409	https://cdn.shopify.com/s/files/1/0943/0738/5730/files/baby-natur-sleep-sack-cherry-print-white-muslin-a1b2c3_dd640b53-9a15-4e22-b8b3-18228957326c.jpg?v=1780917409,https://cdn.shopify.com/s/files/1/0943/0738/5730/files/Vrecazaspavanjesnogavicama_10_85bda7aa-cf6f-4789-a82a-68a9ff29d4d3.jpg?v=1780917410,https://cdn.shopify.com/s/files/1/0943/0738/5730/files/baby-natur-pink-braided-crib-bumper-baby-toddler-a1b2c3d4_291a0001-77ba-4fd3-94a9-715d7e2730b7.jpg?v=1780917409,https://cdn.shopify.com/s/files/1/0943/0738/5730/files/baby-natur-lemon-print-sleep-sack-f3a7b9_0ccf18ea-328e-4427-8dde-70cb06769687.jpg?v=1780917409,https://cdn.shopify.com/s/files/1/0943/0738/5730/files/baby-natur-sleep-sack-legs-white-muslin-a1b2c3_901ffe3a-e9c6-4568-bb98-85c661cd169b.jpg?v=1780917409,https://cdn.shopify.com/s/files/1/0943/0738/5730/files/Vrecazaspavanjesnogavicama_323bf561-1f6b-4f15-9bd4-19afa8926162.jpg?v=1780917410,https://cdn.shopify.com/s/files/1/0943/0738/5730/files/baby-natur-floral-muslin-sleeping-bag-a1b2c3_fe46ff4e-9df6-4323-a0c8-64ca9e2b3aed.jpg?v=1780917409,https://cdn.shopify.com/s/files/1/0943/0738/5730/files/Vrecazaspavanjesnogavicama_3_ddbb6c7e-2b32-4966-9ac4-62933ac1f13a.jpg?v=1780917410,https://cdn.shopify.com/s/files/1/0943/0738/5730/files/Vrecazaspavanjesnogavicama_5_1162b03f-14b3-4928-9ad0-62215b0e16fa.jpg?v=1780917410,https://cdn.shopify.com/s/files/1/0943/0738/5730/files/Vrecazaspavanjesnogavicama_6_eb9e92b8-c4cf-4d77-9b32-6966f939f536.jpg?v=1780917410	in_stock	new	52.00 EUR		Baby Natur		no		Vreća za spavanje		3-5 godina	Dvoslojno – PROLJEĆE I JESEN	Točkice	
shopify_ZZ_15192324702594_56019083723138	15192324702594	Vreće za spavanje s nogavicama - Točkice / S punjenjem – ZIMA / 6–18 mjeseci	Mirne noći započinju s pravim izborom. Baby Natur vreće za spavanje izrađene su od 100% tetra muslina, prirodnog, iznimno prozračnog i nježnog materijala koji omogućuje optimalnu cirkulaciju zraka tijekom cijele noći. Zahvaljujući svojim prirodnim svojstvima, tetra muslin pomaže u regulaciji tjelesne temperature, štiteći bebu od pregrijavanja ili pothlađivanja te osigurava ugodan i miran san. Sve naše vreće za spavanje nose OEKO-TEX® Standard 100 certifikat, što jamči da su potpuno sigurne za osjetljivu dječju kožu, bez štetnih tvari i kemikalija.	https://babynatur.hr/products/vrece-za-spavanje-s-nogavicama?variant=56019083723138	https://cdn.shopify.com/s/files/1/0943/0738/5730/files/Tockice_b44528f4-b5dd-487c-a9d1-8bb87ab8d8dd.jpg?v=1780917409	https://cdn.shopify.com/s/files/1/0943/0738/5730/files/baby-natur-sleep-sack-cherry-print-white-muslin-a1b2c3_dd640b53-9a15-4e22-b8b3-18228957326c.jpg?v=1780917409,https://cdn.shopify.com/s/files/1/0943/0738/5730/files/Vrecazaspavanjesnogavicama_10_85bda7aa-cf6f-4789-a82a-68a9ff29d4d3.jpg?v=1780917410,https://cdn.shopify.com/s/files/1/0943/0738/5730/files/baby-natur-pink-braided-crib-bumper-baby-toddler-a1b2c3d4_291a0001-77ba-4fd3-94a9-715d7e2730b7.jpg?v=1780917409,https://cdn.shopify.com/s/files/1/0943/0738/5730/files/baby-natur-lemon-print-sleep-sack-f3a7b9_0ccf18ea-328e-4427-8dde-70cb06769687.jpg?v=1780917409,https://cdn.shopify.com/s/files/1/0943/0738/5730/files/baby-natur-sleep-sack-legs-white-muslin-a1b2c3_901ffe3a-e9c6-4568-bb98-85c661cd169b.jpg?v=1780917409,https://cdn.shopify.com/s/files/1/0943/0738/5730/files/Vrecazaspavanjesnogavicama_323bf561-1f6b-4f15-9bd4-19afa8926162.jpg?v=1780917410,https://cdn.shopify.com/s/files/1/0943/0738/5730/files/baby-natur-floral-muslin-sleeping-bag-a1b2c3_fe46ff4e-9df6-4323-a0c8-64ca9e2b3aed.jpg?v=1780917409,https://cdn.shopify.com/s/files/1/0943/0738/5730/files/Vrecazaspavanjesnogavicama_3_ddbb6c7e-2b32-4966-9ac4-62933ac1f13a.jpg?v=1780917410,https://cdn.shopify.com/s/files/1/0943/0738/5730/files/Vrecazaspavanjesnogavicama_5_1162b03f-14b3-4928-9ad0-62215b0e16fa.jpg?v=1780917410,https://cdn.shopify.com/s/files/1/0943/0738/5730/files/Vrecazaspavanjesnogavicama_6_eb9e92b8-c4cf-4d77-9b32-6966f939f536.jpg?v=1780917410	in_stock	new	60.00 EUR		Baby Natur	BN-VR-S-NOG-3-Dots-S	yes		Vreća za spavanje		6–18 mjeseci	S punjenjem – ZIMA	Točkice	
shopify_ZZ_15192324702594_56592234119554	15192324702594	Vreće za spavanje s nogavicama - Točkice / S punjenjem – ZIMA / 1.5–3 godina	Mirne noći započinju s pravim izborom. Baby Natur vreće za spavanje izrađene su od 100% tetra muslina, prirodnog, iznimno prozračnog i nježnog materijala koji omogućuje optimalnu cirkulaciju zraka tijekom cijele noći. Zahvaljujući svojim prirodnim svojstvima, tetra muslin pomaže u regulaciji tjelesne temperature, štiteći bebu od pregrijavanja ili pothlađivanja te osigurava ugodan i miran san. Sve naše vreće za spavanje nose OEKO-TEX® Standard 100 certifikat, što jamči da su potpuno sigurne za osjetljivu dječju kožu, bez štetnih tvari i kemikalija.	https://babynatur.hr/products/vrece-za-spavanje-s-nogavicama?variant=56592234119554	https://cdn.shopify.com/s/files/1/0943/0738/5730/files/Tockice_b44528f4-b5dd-487c-a9d1-8bb87ab8d8dd.jpg?v=1780917409	https://cdn.shopify.com/s/files/1/0943/0738/5730/files/baby-natur-sleep-sack-cherry-print-white-muslin-a1b2c3_dd640b53-9a15-4e22-b8b3-18228957326c.jpg?v=1780917409,https://cdn.shopify.com/s/files/1/0943/0738/5730/files/Vrecazaspavanjesnogavicama_10_85bda7aa-cf6f-4789-a82a-68a9ff29d4d3.jpg?v=1780917410,https://cdn.shopify.com/s/files/1/0943/0738/5730/files/baby-natur-pink-braided-crib-bumper-baby-toddler-a1b2c3d4_291a0001-77ba-4fd3-94a9-715d7e2730b7.jpg?v=1780917409,https://cdn.shopify.com/s/files/1/0943/0738/5730/files/baby-natur-lemon-print-sleep-sack-f3a7b9_0ccf18ea-328e-4427-8dde-70cb06769687.jpg?v=1780917409,https://cdn.shopify.com/s/files/1/0943/0738/5730/files/baby-natur-sleep-sack-legs-white-muslin-a1b2c3_901ffe3a-e9c6-4568-bb98-85c661cd169b.jpg?v=1780917409,https://cdn.shopify.com/s/files/1/0943/0738/5730/files/Vrecazaspavanjesnogavicama_323bf561-1f6b-4f15-9bd4-19afa8926162.jpg?v=1780917410,https://cdn.shopify.com/s/files/1/0943/0738/5730/files/baby-natur-floral-muslin-sleeping-bag-a1b2c3_fe46ff4e-9df6-4323-a0c8-64ca9e2b3aed.jpg?v=1780917409,https://cdn.shopify.com/s/files/1/0943/0738/5730/files/Vrecazaspavanjesnogavicama_3_ddbb6c7e-2b32-4966-9ac4-62933ac1f13a.jpg?v=1780917410,https://cdn.shopify.com/s/files/1/0943/0738/5730/files/Vrecazaspavanjesnogavicama_5_1162b03f-14b3-4928-9ad0-62215b0e16fa.jpg?v=1780917410,https://cdn.shopify.com/s/files/1/0943/0738/5730/files/Vrecazaspavanjesnogavicama_6_eb9e92b8-c4cf-4d77-9b32-6966f939f536.jpg?v=1780917410	in_stock	new	60.00 EUR		Baby Natur		no		Vreća za spavanje		1.5–3 godina	S punjenjem – ZIMA	Točkice	
shopify_ZZ_15192324702594_56592234152322	15192324702594	Vreće za spavanje s nogavicama - Točkice / S punjenjem – ZIMA / 3-5 godina	Mirne noći započinju s pravim izborom. Baby Natur vreće za spavanje izrađene su od 100% tetra muslina, prirodnog, iznimno prozračnog i nježnog materijala koji omogućuje optimalnu cirkulaciju zraka tijekom cijele noći. Zahvaljujući svojim prirodnim svojstvima, tetra muslin pomaže u regulaciji tjelesne temperature, štiteći bebu od pregrijavanja ili pothlađivanja te osigurava ugodan i miran san. Sve naše vreće za spavanje nose OEKO-TEX® Standard 100 certifikat, što jamči da su potpuno sigurne za osjetljivu dječju kožu, bez štetnih tvari i kemikalija.	https://babynatur.hr/products/vrece-za-spavanje-s-nogavicama?variant=56592234152322	https://cdn.shopify.com/s/files/1/0943/0738/5730/files/Tockice_b44528f4-b5dd-487c-a9d1-8bb87ab8d8dd.jpg?v=1780917409	https://cdn.shopify.com/s/files/1/0943/0738/5730/files/baby-natur-sleep-sack-cherry-print-white-muslin-a1b2c3_dd640b53-9a15-4e22-b8b3-18228957326c.jpg?v=1780917409,https://cdn.shopify.com/s/files/1/0943/0738/5730/files/Vrecazaspavanjesnogavicama_10_85bda7aa-cf6f-4789-a82a-68a9ff29d4d3.jpg?v=1780917410,https://cdn.shopify.com/s/files/1/0943/0738/5730/files/baby-natur-pink-braided-crib-bumper-baby-toddler-a1b2c3d4_291a0001-77ba-4fd3-94a9-715d7e2730b7.jpg?v=1780917409,https://cdn.shopify.com/s/files/1/0943/0738/5730/files/baby-natur-lemon-print-sleep-sack-f3a7b9_0ccf18ea-328e-4427-8dde-70cb06769687.jpg?v=1780917409,https://cdn.shopify.com/s/files/1/0943/0738/5730/files/baby-natur-sleep-sack-legs-white-muslin-a1b2c3_901ffe3a-e9c6-4568-bb98-85c661cd169b.jpg?v=1780917409,https://cdn.shopify.com/s/files/1/0943/0738/5730/files/Vrecazaspavanjesnogavicama_323bf561-1f6b-4f15-9bd4-19afa8926162.jpg?v=1780917410,https://cdn.shopify.com/s/files/1/0943/0738/5730/files/baby-natur-floral-muslin-sleeping-bag-a1b2c3_fe46ff4e-9df6-4323-a0c8-64ca9e2b3aed.jpg?v=1780917409,https://cdn.shopify.com/s/files/1/0943/0738/5730/files/Vrecazaspavanjesnogavicama_3_ddbb6c7e-2b32-4966-9ac4-62933ac1f13a.jpg?v=1780917410,https://cdn.shopify.com/s/files/1/0943/0738/5730/files/Vrecazaspavanjesnogavicama_5_1162b03f-14b3-4928-9ad0-62215b0e16fa.jpg?v=1780917410,https://cdn.shopify.com/s/files/1/0943/0738/5730/files/Vrecazaspavanjesnogavicama_6_eb9e92b8-c4cf-4d77-9b32-6966f939f536.jpg?v=1780917410	in_stock	new	62.00 EUR		Baby Natur		no		Vreća za spavanje		3-5 godina	S punjenjem – ZIMA	Točkice	
shopify_ZZ_15192324702594_56695592583554	15192324702594	Vreće za spavanje s nogavicama - Archi / Jednoslojno – LJETO / 6–18 mjeseci	Mirne noći započinju s pravim izborom. Baby Natur vreće za spavanje izrađene su od 100% tetra muslina, prirodnog, iznimno prozračnog i nježnog materijala koji omogućuje optimalnu cirkulaciju zraka tijekom cijele noći. Zahvaljujući svojim prirodnim svojstvima, tetra muslin pomaže u regulaciji tjelesne temperature, štiteći bebu od pregrijavanja ili pothlađivanja te osigurava ugodan i miran san. Sve naše vreće za spavanje nose OEKO-TEX® Standard 100 certifikat, što jamči da su potpuno sigurne za osjetljivu dječju kožu, bez štetnih tvari i kemikalija.	https://babynatur.hr/products/vrece-za-spavanje-s-nogavicama?variant=56695592583554	https://cdn.shopify.com/s/files/1/0943/0738/5730/files/baby-natur-muslin-sleeping-bag-french-bulldog-print-a1b2c3d4_80bac537-95b6-45cd-9c90-5fc35a3b8c27.jpg?v=1780917409	https://cdn.shopify.com/s/files/1/0943/0738/5730/files/baby-natur-sleep-sack-cherry-print-white-muslin-a1b2c3_dd640b53-9a15-4e22-b8b3-18228957326c.jpg?v=1780917409,https://cdn.shopify.com/s/files/1/0943/0738/5730/files/Vrecazaspavanjesnogavicama_10_85bda7aa-cf6f-4789-a82a-68a9ff29d4d3.jpg?v=1780917410,https://cdn.shopify.com/s/files/1/0943/0738/5730/files/baby-natur-pink-braided-crib-bumper-baby-toddler-a1b2c3d4_291a0001-77ba-4fd3-94a9-715d7e2730b7.jpg?v=1780917409,https://cdn.shopify.com/s/files/1/0943/0738/5730/files/baby-natur-lemon-print-sleep-sack-f3a7b9_0ccf18ea-328e-4427-8dde-70cb06769687.jpg?v=1780917409,https://cdn.shopify.com/s/files/1/0943/0738/5730/files/baby-natur-sleep-sack-legs-white-muslin-a1b2c3_901ffe3a-e9c6-4568-bb98-85c661cd169b.jpg?v=1780917409,https://cdn.shopify.com/s/files/1/0943/0738/5730/files/Vrecazaspavanjesnogavicama_323bf561-1f6b-4f15-9bd4-19afa8926162.jpg?v=1780917410,https://cdn.shopify.com/s/files/1/0943/0738/5730/files/baby-natur-floral-muslin-sleeping-bag-a1b2c3_fe46ff4e-9df6-4323-a0c8-64ca9e2b3aed.jpg?v=1780917409,https://cdn.shopify.com/s/files/1/0943/0738/5730/files/Vrecazaspavanjesnogavicama_3_ddbb6c7e-2b32-4966-9ac4-62933ac1f13a.jpg?v=1780917410,https://cdn.shopify.com/s/files/1/0943/0738/5730/files/Vrecazaspavanjesnogavicama_5_1162b03f-14b3-4928-9ad0-62215b0e16fa.jpg?v=1780917410,https://cdn.shopify.com/s/files/1/0943/0738/5730/files/Vrecazaspavanjesnogavicama_6_eb9e92b8-c4cf-4d77-9b32-6966f939f536.jpg?v=1780917410	out_of_stock	new	42.00 EUR		Baby Natur		no		Vreća za spavanje		6–18 mjeseci	Jednoslojno – LJETO	Archi	
shopify_ZZ_15192324702594_56695592616322	15192324702594	Vreće za spavanje s nogavicama - Archi / Jednoslojno – LJETO / 1.5–3 godina	Mirne noći započinju s pravim izborom. Baby Natur vreće za spavanje izrađene su od 100% tetra muslina, prirodnog, iznimno prozračnog i nježnog materijala koji omogućuje optimalnu cirkulaciju zraka tijekom cijele noći. Zahvaljujući svojim prirodnim svojstvima, tetra muslin pomaže u regulaciji tjelesne temperature, štiteći bebu od pregrijavanja ili pothlađivanja te osigurava ugodan i miran san. Sve naše vreće za spavanje nose OEKO-TEX® Standard 100 certifikat, što jamči da su potpuno sigurne za osjetljivu dječju kožu, bez štetnih tvari i kemikalija.	https://babynatur.hr/products/vrece-za-spavanje-s-nogavicama?variant=56695592616322	https://cdn.shopify.com/s/files/1/0943/0738/5730/files/baby-natur-muslin-sleeping-bag-french-bulldog-print-a1b2c3d4_80bac537-95b6-45cd-9c90-5fc35a3b8c27.jpg?v=1780917409	https://cdn.shopify.com/s/files/1/0943/0738/5730/files/baby-natur-sleep-sack-cherry-print-white-muslin-a1b2c3_dd640b53-9a15-4e22-b8b3-18228957326c.jpg?v=1780917409,https://cdn.shopify.com/s/files/1/0943/0738/5730/files/Vrecazaspavanjesnogavicama_10_85bda7aa-cf6f-4789-a82a-68a9ff29d4d3.jpg?v=1780917410,https://cdn.shopify.com/s/files/1/0943/0738/5730/files/baby-natur-pink-braided-crib-bumper-baby-toddler-a1b2c3d4_291a0001-77ba-4fd3-94a9-715d7e2730b7.jpg?v=1780917409,https://cdn.shopify.com/s/files/1/0943/0738/5730/files/baby-natur-lemon-print-sleep-sack-f3a7b9_0ccf18ea-328e-4427-8dde-70cb06769687.jpg?v=1780917409,https://cdn.shopify.com/s/files/1/0943/0738/5730/files/baby-natur-sleep-sack-legs-white-muslin-a1b2c3_901ffe3a-e9c6-4568-bb98-85c661cd169b.jpg?v=1780917409,https://cdn.shopify.com/s/files/1/0943/0738/5730/files/Vrecazaspavanjesnogavicama_323bf561-1f6b-4f15-9bd4-19afa8926162.jpg?v=1780917410,https://cdn.shopify.com/s/files/1/0943/0738/5730/files/baby-natur-floral-muslin-sleeping-bag-a1b2c3_fe46ff4e-9df6-4323-a0c8-64ca9e2b3aed.jpg?v=1780917409,https://cdn.shopify.com/s/files/1/0943/0738/5730/files/Vrecazaspavanjesnogavicama_3_ddbb6c7e-2b32-4966-9ac4-62933ac1f13a.jpg?v=1780917410,https://cdn.shopify.com/s/files/1/0943/0738/5730/files/Vrecazaspavanjesnogavicama_5_1162b03f-14b3-4928-9ad0-62215b0e16fa.jpg?v=1780917410,https://cdn.shopify.com/s/files/1/0943/0738/5730/files/Vrecazaspavanjesnogavicama_6_eb9e92b8-c4cf-4d77-9b32-6966f939f536.jpg?v=1780917410	in_stock	new	42.00 EUR		Baby Natur		no		Vreća za spavanje		1.5–3 godina	Jednoslojno – LJETO	Archi	
shopify_ZZ_15192324702594_56695592649090	15192324702594	Vreće za spavanje s nogavicama - Archi / Jednoslojno – LJETO / 3-5 godina	Mirne noći započinju s pravim izborom. Baby Natur vreće za spavanje izrađene su od 100% tetra muslina, prirodnog, iznimno prozračnog i nježnog materijala koji omogućuje optimalnu cirkulaciju zraka tijekom cijele noći. Zahvaljujući svojim prirodnim svojstvima, tetra muslin pomaže u regulaciji tjelesne temperature, štiteći bebu od pregrijavanja ili pothlađivanja te osigurava ugodan i miran san. Sve naše vreće za spavanje nose OEKO-TEX® Standard 100 certifikat, što jamči da su potpuno sigurne za osjetljivu dječju kožu, bez štetnih tvari i kemikalija.	https://babynatur.hr/products/vrece-za-spavanje-s-nogavicama?variant=56695592649090	https://cdn.shopify.com/s/files/1/0943/0738/5730/files/baby-natur-muslin-sleeping-bag-french-bulldog-print-a1b2c3d4_80bac537-95b6-45cd-9c90-5fc35a3b8c27.jpg?v=1780917409	https://cdn.shopify.com/s/files/1/0943/0738/5730/files/baby-natur-sleep-sack-cherry-print-white-muslin-a1b2c3_dd640b53-9a15-4e22-b8b3-18228957326c.jpg?v=1780917409,https://cdn.shopify.com/s/files/1/0943/0738/5730/files/Vrecazaspavanjesnogavicama_10_85bda7aa-cf6f-4789-a82a-68a9ff29d4d3.jpg?v=1780917410,https://cdn.shopify.com/s/files/1/0943/0738/5730/files/baby-natur-pink-braided-crib-bumper-baby-toddler-a1b2c3d4_291a0001-77ba-4fd3-94a9-715d7e2730b7.jpg?v=1780917409,https://cdn.shopify.com/s/files/1/0943/0738/5730/files/baby-natur-lemon-print-sleep-sack-f3a7b9_0ccf18ea-328e-4427-8dde-70cb06769687.jpg?v=1780917409,https://cdn.shopify.com/s/files/1/0943/0738/5730/files/baby-natur-sleep-sack-legs-white-muslin-a1b2c3_901ffe3a-e9c6-4568-bb98-85c661cd169b.jpg?v=1780917409,https://cdn.shopify.com/s/files/1/0943/0738/5730/files/Vrecazaspavanjesnogavicama_323bf561-1f6b-4f15-9bd4-19afa8926162.jpg?v=1780917410,https://cdn.shopify.com/s/files/1/0943/0738/5730/files/baby-natur-floral-muslin-sleeping-bag-a1b2c3_fe46ff4e-9df6-4323-a0c8-64ca9e2b3aed.jpg?v=1780917409,https://cdn.shopify.com/s/files/1/0943/0738/5730/files/Vrecazaspavanjesnogavicama_3_ddbb6c7e-2b32-4966-9ac4-62933ac1f13a.jpg?v=1780917410,https://cdn.shopify.com/s/files/1/0943/0738/5730/files/Vrecazaspavanjesnogavicama_5_1162b03f-14b3-4928-9ad0-62215b0e16fa.jpg?v=1780917410,https://cdn.shopify.com/s/files/1/0943/0738/5730/files/Vrecazaspavanjesnogavicama_6_eb9e92b8-c4cf-4d77-9b32-6966f939f536.jpg?v=1780917410	out_of_stock	new	45.00 EUR		Baby Natur		no		Vreća za spavanje		3-5 godina	Jednoslojno – LJETO	Archi	
shopify_ZZ_15192324702594_56695592681858	15192324702594	Vreće za spavanje s nogavicama - Archi / Dvoslojno – PROLJEĆE I JESEN / 6–18 mjeseci	Mirne noći započinju s pravim izborom. Baby Natur vreće za spavanje izrađene su od 100% tetra muslina, prirodnog, iznimno prozračnog i nježnog materijala koji omogućuje optimalnu cirkulaciju zraka tijekom cijele noći. Zahvaljujući svojim prirodnim svojstvima, tetra muslin pomaže u regulaciji tjelesne temperature, štiteći bebu od pregrijavanja ili pothlađivanja te osigurava ugodan i miran san. Sve naše vreće za spavanje nose OEKO-TEX® Standard 100 certifikat, što jamči da su potpuno sigurne za osjetljivu dječju kožu, bez štetnih tvari i kemikalija.	https://babynatur.hr/products/vrece-za-spavanje-s-nogavicama?variant=56695592681858	https://cdn.shopify.com/s/files/1/0943/0738/5730/files/baby-natur-muslin-sleeping-bag-french-bulldog-print-a1b2c3d4_80bac537-95b6-45cd-9c90-5fc35a3b8c27.jpg?v=1780917409	https://cdn.shopify.com/s/files/1/0943/0738/5730/files/baby-natur-sleep-sack-cherry-print-white-muslin-a1b2c3_dd640b53-9a15-4e22-b8b3-18228957326c.jpg?v=1780917409,https://cdn.shopify.com/s/files/1/0943/0738/5730/files/Vrecazaspavanjesnogavicama_10_85bda7aa-cf6f-4789-a82a-68a9ff29d4d3.jpg?v=1780917410,https://cdn.shopify.com/s/files/1/0943/0738/5730/files/baby-natur-pink-braided-crib-bumper-baby-toddler-a1b2c3d4_291a0001-77ba-4fd3-94a9-715d7e2730b7.jpg?v=1780917409,https://cdn.shopify.com/s/files/1/0943/0738/5730/files/baby-natur-lemon-print-sleep-sack-f3a7b9_0ccf18ea-328e-4427-8dde-70cb06769687.jpg?v=1780917409,https://cdn.shopify.com/s/files/1/0943/0738/5730/files/baby-natur-sleep-sack-legs-white-muslin-a1b2c3_901ffe3a-e9c6-4568-bb98-85c661cd169b.jpg?v=1780917409,https://cdn.shopify.com/s/files/1/0943/0738/5730/files/Vrecazaspavanjesnogavicama_323bf561-1f6b-4f15-9bd4-19afa8926162.jpg?v=1780917410,https://cdn.shopify.com/s/files/1/0943/0738/5730/files/baby-natur-floral-muslin-sleeping-bag-a1b2c3_fe46ff4e-9df6-4323-a0c8-64ca9e2b3aed.jpg?v=1780917409,https://cdn.shopify.com/s/files/1/0943/0738/5730/files/Vrecazaspavanjesnogavicama_3_ddbb6c7e-2b32-4966-9ac4-62933ac1f13a.jpg?v=1780917410,https://cdn.shopify.com/s/files/1/0943/0738/5730/files/Vrecazaspavanjesnogavicama_5_1162b03f-14b3-4928-9ad0-62215b0e16fa.jpg?v=1780917410,https://cdn.shopify.com/s/files/1/0943/0738/5730/files/Vrecazaspavanjesnogavicama_6_eb9e92b8-c4cf-4d77-9b32-6966f939f536.jpg?v=1780917410	in_stock	new	50.00 EUR		Baby Natur		no		Vreća za spavanje		6–18 mjeseci	Dvoslojno – PROLJEĆE I JESEN	Archi	
shopify_ZZ_15192324702594_56695592714626	15192324702594	Vreće za spavanje s nogavicama - Archi / Dvoslojno – PROLJEĆE I JESEN / 1.5–3 godina	Mirne noći započinju s pravim izborom. Baby Natur vreće za spavanje izrađene su od 100% tetra muslina, prirodnog, iznimno prozračnog i nježnog materijala koji omogućuje optimalnu cirkulaciju zraka tijekom cijele noći. Zahvaljujući svojim prirodnim svojstvima, tetra muslin pomaže u regulaciji tjelesne temperature, štiteći bebu od pregrijavanja ili pothlađivanja te osigurava ugodan i miran san. Sve naše vreće za spavanje nose OEKO-TEX® Standard 100 certifikat, što jamči da su potpuno sigurne za osjetljivu dječju kožu, bez štetnih tvari i kemikalija.	https://babynatur.hr/products/vrece-za-spavanje-s-nogavicama?variant=56695592714626	https://cdn.shopify.com/s/files/1/0943/0738/5730/files/baby-natur-muslin-sleeping-bag-french-bulldog-print-a1b2c3d4_80bac537-95b6-45cd-9c90-5fc35a3b8c27.jpg?v=1780917409	https://cdn.shopify.com/s/files/1/0943/0738/5730/files/baby-natur-sleep-sack-cherry-print-white-muslin-a1b2c3_dd640b53-9a15-4e22-b8b3-18228957326c.jpg?v=1780917409,https://cdn.shopify.com/s/files/1/0943/0738/5730/files/Vrecazaspavanjesnogavicama_10_85bda7aa-cf6f-4789-a82a-68a9ff29d4d3.jpg?v=1780917410,https://cdn.shopify.com/s/files/1/0943/0738/5730/files/baby-natur-pink-braided-crib-bumper-baby-toddler-a1b2c3d4_291a0001-77ba-4fd3-94a9-715d7e2730b7.jpg?v=1780917409,https://cdn.shopify.com/s/files/1/0943/0738/5730/files/baby-natur-lemon-print-sleep-sack-f3a7b9_0ccf18ea-328e-4427-8dde-70cb06769687.jpg?v=1780917409,https://cdn.shopify.com/s/files/1/0943/0738/5730/files/baby-natur-sleep-sack-legs-white-muslin-a1b2c3_901ffe3a-e9c6-4568-bb98-85c661cd169b.jpg?v=1780917409,https://cdn.shopify.com/s/files/1/0943/0738/5730/files/Vrecazaspavanjesnogavicama_323bf561-1f6b-4f15-9bd4-19afa8926162.jpg?v=1780917410,https://cdn.shopify.com/s/files/1/0943/0738/5730/files/baby-natur-floral-muslin-sleeping-bag-a1b2c3_fe46ff4e-9df6-4323-a0c8-64ca9e2b3aed.jpg?v=1780917409,https://cdn.shopify.com/s/files/1/0943/0738/5730/files/Vrecazaspavanjesnogavicama_3_ddbb6c7e-2b32-4966-9ac4-62933ac1f13a.jpg?v=1780917410,https://cdn.shopify.com/s/files/1/0943/0738/5730/files/Vrecazaspavanjesnogavicama_5_1162b03f-14b3-4928-9ad0-62215b0e16fa.jpg?v=1780917410,https://cdn.shopify.com/s/files/1/0943/0738/5730/files/Vrecazaspavanjesnogavicama_6_eb9e92b8-c4cf-4d77-9b32-6966f939f536.jpg?v=1780917410	in_stock	new	50.00 EUR		Baby Natur		no		Vreća za spavanje		1.5–3 godina	Dvoslojno – PROLJEĆE I JESEN	Archi	
shopify_ZZ_15192324702594_56695592747394	15192324702594	Vreće za spavanje s nogavicama - Archi / Dvoslojno – PROLJEĆE I JESEN / 3-5 godina	Mirne noći započinju s pravim izborom. Baby Natur vreće za spavanje izrađene su od 100% tetra muslina, prirodnog, iznimno prozračnog i nježnog materijala koji omogućuje optimalnu cirkulaciju zraka tijekom cijele noći. Zahvaljujući svojim prirodnim svojstvima, tetra muslin pomaže u regulaciji tjelesne temperature, štiteći bebu od pregrijavanja ili pothlađivanja te osigurava ugodan i miran san. Sve naše vreće za spavanje nose OEKO-TEX® Standard 100 certifikat, što jamči da su potpuno sigurne za osjetljivu dječju kožu, bez štetnih tvari i kemikalija.	https://babynatur.hr/products/vrece-za-spavanje-s-nogavicama?variant=56695592747394	https://cdn.shopify.com/s/files/1/0943/0738/5730/files/baby-natur-muslin-sleeping-bag-french-bulldog-print-a1b2c3d4_80bac537-95b6-45cd-9c90-5fc35a3b8c27.jpg?v=1780917409	https://cdn.shopify.com/s/files/1/0943/0738/5730/files/baby-natur-sleep-sack-cherry-print-white-muslin-a1b2c3_dd640b53-9a15-4e22-b8b3-18228957326c.jpg?v=1780917409,https://cdn.shopify.com/s/files/1/0943/0738/5730/files/Vrecazaspavanjesnogavicama_10_85bda7aa-cf6f-4789-a82a-68a9ff29d4d3.jpg?v=1780917410,https://cdn.shopify.com/s/files/1/0943/0738/5730/files/baby-natur-pink-braided-crib-bumper-baby-toddler-a1b2c3d4_291a0001-77ba-4fd3-94a9-715d7e2730b7.jpg?v=1780917409,https://cdn.shopify.com/s/files/1/0943/0738/5730/files/baby-natur-lemon-print-sleep-sack-f3a7b9_0ccf18ea-328e-4427-8dde-70cb06769687.jpg?v=1780917409,https://cdn.shopify.com/s/files/1/0943/0738/5730/files/baby-natur-sleep-sack-legs-white-muslin-a1b2c3_901ffe3a-e9c6-4568-bb98-85c661cd169b.jpg?v=1780917409,https://cdn.shopify.com/s/files/1/0943/0738/5730/files/Vrecazaspavanjesnogavicama_323bf561-1f6b-4f15-9bd4-19afa8926162.jpg?v=1780917410,https://cdn.shopify.com/s/files/1/0943/0738/5730/files/baby-natur-floral-muslin-sleeping-bag-a1b2c3_fe46ff4e-9df6-4323-a0c8-64ca9e2b3aed.jpg?v=1780917409,https://cdn.shopify.com/s/files/1/0943/0738/5730/files/Vrecazaspavanjesnogavicama_3_ddbb6c7e-2b32-4966-9ac4-62933ac1f13a.jpg?v=1780917410,https://cdn.shopify.com/s/files/1/0943/0738/5730/files/Vrecazaspavanjesnogavicama_5_1162b03f-14b3-4928-9ad0-62215b0e16fa.jpg?v=1780917410,https://cdn.shopify.com/s/files/1/0943/0738/5730/files/Vrecazaspavanjesnogavicama_6_eb9e92b8-c4cf-4d77-9b32-6966f939f536.jpg?v=1780917410	in_stock	new	52.00 EUR		Baby Natur		no		Vreća za spavanje		3-5 godina	Dvoslojno – PROLJEĆE I JESEN	Archi	
shopify_ZZ_15192324702594_56695592780162	15192324702594	Vreće za spavanje s nogavicama - Archi / S punjenjem – ZIMA / 6–18 mjeseci	Mirne noći započinju s pravim izborom. Baby Natur vreće za spavanje izrađene su od 100% tetra muslina, prirodnog, iznimno prozračnog i nježnog materijala koji omogućuje optimalnu cirkulaciju zraka tijekom cijele noći. Zahvaljujući svojim prirodnim svojstvima, tetra muslin pomaže u regulaciji tjelesne temperature, štiteći bebu od pregrijavanja ili pothlađivanja te osigurava ugodan i miran san. Sve naše vreće za spavanje nose OEKO-TEX® Standard 100 certifikat, što jamči da su potpuno sigurne za osjetljivu dječju kožu, bez štetnih tvari i kemikalija.	https://babynatur.hr/products/vrece-za-spavanje-s-nogavicama?variant=56695592780162	https://cdn.shopify.com/s/files/1/0943/0738/5730/files/baby-natur-muslin-sleeping-bag-french-bulldog-print-a1b2c3d4_80bac537-95b6-45cd-9c90-5fc35a3b8c27.jpg?v=1780917409	https://cdn.shopify.com/s/files/1/0943/0738/5730/files/baby-natur-sleep-sack-cherry-print-white-muslin-a1b2c3_dd640b53-9a15-4e22-b8b3-18228957326c.jpg?v=1780917409,https://cdn.shopify.com/s/files/1/0943/0738/5730/files/Vrecazaspavanjesnogavicama_10_85bda7aa-cf6f-4789-a82a-68a9ff29d4d3.jpg?v=1780917410,https://cdn.shopify.com/s/files/1/0943/0738/5730/files/baby-natur-pink-braided-crib-bumper-baby-toddler-a1b2c3d4_291a0001-77ba-4fd3-94a9-715d7e2730b7.jpg?v=1780917409,https://cdn.shopify.com/s/files/1/0943/0738/5730/files/baby-natur-lemon-print-sleep-sack-f3a7b9_0ccf18ea-328e-4427-8dde-70cb06769687.jpg?v=1780917409,https://cdn.shopify.com/s/files/1/0943/0738/5730/files/baby-natur-sleep-sack-legs-white-muslin-a1b2c3_901ffe3a-e9c6-4568-bb98-85c661cd169b.jpg?v=1780917409,https://cdn.shopify.com/s/files/1/0943/0738/5730/files/Vrecazaspavanjesnogavicama_323bf561-1f6b-4f15-9bd4-19afa8926162.jpg?v=1780917410,https://cdn.shopify.com/s/files/1/0943/0738/5730/files/baby-natur-floral-muslin-sleeping-bag-a1b2c3_fe46ff4e-9df6-4323-a0c8-64ca9e2b3aed.jpg?v=1780917409,https://cdn.shopify.com/s/files/1/0943/0738/5730/files/Vrecazaspavanjesnogavicama_3_ddbb6c7e-2b32-4966-9ac4-62933ac1f13a.jpg?v=1780917410,https://cdn.shopify.com/s/files/1/0943/0738/5730/files/Vrecazaspavanjesnogavicama_5_1162b03f-14b3-4928-9ad0-62215b0e16fa.jpg?v=1780917410,https://cdn.shopify.com/s/files/1/0943/0738/5730/files/Vrecazaspavanjesnogavicama_6_eb9e92b8-c4cf-4d77-9b32-6966f939f536.jpg?v=1780917410	in_stock	new	60.00 EUR		Baby Natur		no		Vreća za spavanje		6–18 mjeseci	S punjenjem – ZIMA	Archi	
shopify_ZZ_15192324702594_56695592812930	15192324702594	Vreće za spavanje s nogavicama - Archi / S punjenjem – ZIMA / 1.5–3 godina	Mirne noći započinju s pravim izborom. Baby Natur vreće za spavanje izrađene su od 100% tetra muslina, prirodnog, iznimno prozračnog i nježnog materijala koji omogućuje optimalnu cirkulaciju zraka tijekom cijele noći. Zahvaljujući svojim prirodnim svojstvima, tetra muslin pomaže u regulaciji tjelesne temperature, štiteći bebu od pregrijavanja ili pothlađivanja te osigurava ugodan i miran san. Sve naše vreće za spavanje nose OEKO-TEX® Standard 100 certifikat, što jamči da su potpuno sigurne za osjetljivu dječju kožu, bez štetnih tvari i kemikalija.	https://babynatur.hr/products/vrece-za-spavanje-s-nogavicama?variant=56695592812930	https://cdn.shopify.com/s/files/1/0943/0738/5730/files/baby-natur-muslin-sleeping-bag-french-bulldog-print-a1b2c3d4_80bac537-95b6-45cd-9c90-5fc35a3b8c27.jpg?v=1780917409	https://cdn.shopify.com/s/files/1/0943/0738/5730/files/baby-natur-sleep-sack-cherry-print-white-muslin-a1b2c3_dd640b53-9a15-4e22-b8b3-18228957326c.jpg?v=1780917409,https://cdn.shopify.com/s/files/1/0943/0738/5730/files/Vrecazaspavanjesnogavicama_10_85bda7aa-cf6f-4789-a82a-68a9ff29d4d3.jpg?v=1780917410,https://cdn.shopify.com/s/files/1/0943/0738/5730/files/baby-natur-pink-braided-crib-bumper-baby-toddler-a1b2c3d4_291a0001-77ba-4fd3-94a9-715d7e2730b7.jpg?v=1780917409,https://cdn.shopify.com/s/files/1/0943/0738/5730/files/baby-natur-lemon-print-sleep-sack-f3a7b9_0ccf18ea-328e-4427-8dde-70cb06769687.jpg?v=1780917409,https://cdn.shopify.com/s/files/1/0943/0738/5730/files/baby-natur-sleep-sack-legs-white-muslin-a1b2c3_901ffe3a-e9c6-4568-bb98-85c661cd169b.jpg?v=1780917409,https://cdn.shopify.com/s/files/1/0943/0738/5730/files/Vrecazaspavanjesnogavicama_323bf561-1f6b-4f15-9bd4-19afa8926162.jpg?v=1780917410,https://cdn.shopify.com/s/files/1/0943/0738/5730/files/baby-natur-floral-muslin-sleeping-bag-a1b2c3_fe46ff4e-9df6-4323-a0c8-64ca9e2b3aed.jpg?v=1780917409,https://cdn.shopify.com/s/files/1/0943/0738/5730/files/Vrecazaspavanjesnogavicama_3_ddbb6c7e-2b32-4966-9ac4-62933ac1f13a.jpg?v=1780917410,https://cdn.shopify.com/s/files/1/0943/0738/5730/files/Vrecazaspavanjesnogavicama_5_1162b03f-14b3-4928-9ad0-62215b0e16fa.jpg?v=1780917410,https://cdn.shopify.com/s/files/1/0943/0738/5730/files/Vrecazaspavanjesnogavicama_6_eb9e92b8-c4cf-4d77-9b32-6966f939f536.jpg?v=1780917410	in_stock	new	60.00 EUR		Baby Natur		no		Vreća za spavanje		1.5–3 godina	S punjenjem – ZIMA	Archi	
shopify_ZZ_15192324702594_56695592845698	15192324702594	Vreće za spavanje s nogavicama - Archi / S punjenjem – ZIMA / 3-5 godina	Mirne noći započinju s pravim izborom. Baby Natur vreće za spavanje izrađene su od 100% tetra muslina, prirodnog, iznimno prozračnog i nježnog materijala koji omogućuje optimalnu cirkulaciju zraka tijekom cijele noći. Zahvaljujući svojim prirodnim svojstvima, tetra muslin pomaže u regulaciji tjelesne temperature, štiteći bebu od pregrijavanja ili pothlađivanja te osigurava ugodan i miran san. Sve naše vreće za spavanje nose OEKO-TEX® Standard 100 certifikat, što jamči da su potpuno sigurne za osjetljivu dječju kožu, bez štetnih tvari i kemikalija.	https://babynatur.hr/products/vrece-za-spavanje-s-nogavicama?variant=56695592845698	https://cdn.shopify.com/s/files/1/0943/0738/5730/files/baby-natur-muslin-sleeping-bag-french-bulldog-print-a1b2c3d4_80bac537-95b6-45cd-9c90-5fc35a3b8c27.jpg?v=1780917409	https://cdn.shopify.com/s/files/1/0943/0738/5730/files/baby-natur-sleep-sack-cherry-print-white-muslin-a1b2c3_dd640b53-9a15-4e22-b8b3-18228957326c.jpg?v=1780917409,https://cdn.shopify.com/s/files/1/0943/0738/5730/files/Vrecazaspavanjesnogavicama_10_85bda7aa-cf6f-4789-a82a-68a9ff29d4d3.jpg?v=1780917410,https://cdn.shopify.com/s/files/1/0943/0738/5730/files/baby-natur-pink-braided-crib-bumper-baby-toddler-a1b2c3d4_291a0001-77ba-4fd3-94a9-715d7e2730b7.jpg?v=1780917409,https://cdn.shopify.com/s/files/1/0943/0738/5730/files/baby-natur-lemon-print-sleep-sack-f3a7b9_0ccf18ea-328e-4427-8dde-70cb06769687.jpg?v=1780917409,https://cdn.shopify.com/s/files/1/0943/0738/5730/files/baby-natur-sleep-sack-legs-white-muslin-a1b2c3_901ffe3a-e9c6-4568-bb98-85c661cd169b.jpg?v=1780917409,https://cdn.shopify.com/s/files/1/0943/0738/5730/files/Vrecazaspavanjesnogavicama_323bf561-1f6b-4f15-9bd4-19afa8926162.jpg?v=1780917410,https://cdn.shopify.com/s/files/1/0943/0738/5730/files/baby-natur-floral-muslin-sleeping-bag-a1b2c3_fe46ff4e-9df6-4323-a0c8-64ca9e2b3aed.jpg?v=1780917409,https://cdn.shopify.com/s/files/1/0943/0738/5730/files/Vrecazaspavanjesnogavicama_3_ddbb6c7e-2b32-4966-9ac4-62933ac1f13a.jpg?v=1780917410,https://cdn.shopify.com/s/files/1/0943/0738/5730/files/Vrecazaspavanjesnogavicama_5_1162b03f-14b3-4928-9ad0-62215b0e16fa.jpg?v=1780917410,https://cdn.shopify.com/s/files/1/0943/0738/5730/files/Vrecazaspavanjesnogavicama_6_eb9e92b8-c4cf-4d77-9b32-6966f939f536.jpg?v=1780917410	in_stock	new	62.00 EUR		Baby Natur		no		Vreća za spavanje		3-5 godina	S punjenjem – ZIMA	Archi	
shopify_ZZ_15192324702594_56695592878466	15192324702594	Vreće za spavanje s nogavicama - Limuni / Jednoslojno – LJETO / 6–18 mjeseci	Mirne noći započinju s pravim izborom. Baby Natur vreće za spavanje izrađene su od 100% tetra muslina, prirodnog, iznimno prozračnog i nježnog materijala koji omogućuje optimalnu cirkulaciju zraka tijekom cijele noći. Zahvaljujući svojim prirodnim svojstvima, tetra muslin pomaže u regulaciji tjelesne temperature, štiteći bebu od pregrijavanja ili pothlađivanja te osigurava ugodan i miran san. Sve naše vreće za spavanje nose OEKO-TEX® Standard 100 certifikat, što jamči da su potpuno sigurne za osjetljivu dječju kožu, bez štetnih tvari i kemikalija.	https://babynatur.hr/products/vrece-za-spavanje-s-nogavicama?variant=56695592878466	https://cdn.shopify.com/s/files/1/0943/0738/5730/files/baby-natur-lemon-print-muslin-sleep-sack-a1b2c3d4_9f75db52-8378-4553-b04d-33ceeb8cc9b5.jpg?v=1780917409	https://cdn.shopify.com/s/files/1/0943/0738/5730/files/baby-natur-sleep-sack-cherry-print-white-muslin-a1b2c3_dd640b53-9a15-4e22-b8b3-18228957326c.jpg?v=1780917409,https://cdn.shopify.com/s/files/1/0943/0738/5730/files/Vrecazaspavanjesnogavicama_10_85bda7aa-cf6f-4789-a82a-68a9ff29d4d3.jpg?v=1780917410,https://cdn.shopify.com/s/files/1/0943/0738/5730/files/baby-natur-pink-braided-crib-bumper-baby-toddler-a1b2c3d4_291a0001-77ba-4fd3-94a9-715d7e2730b7.jpg?v=1780917409,https://cdn.shopify.com/s/files/1/0943/0738/5730/files/baby-natur-lemon-print-sleep-sack-f3a7b9_0ccf18ea-328e-4427-8dde-70cb06769687.jpg?v=1780917409,https://cdn.shopify.com/s/files/1/0943/0738/5730/files/baby-natur-sleep-sack-legs-white-muslin-a1b2c3_901ffe3a-e9c6-4568-bb98-85c661cd169b.jpg?v=1780917409,https://cdn.shopify.com/s/files/1/0943/0738/5730/files/Vrecazaspavanjesnogavicama_323bf561-1f6b-4f15-9bd4-19afa8926162.jpg?v=1780917410,https://cdn.shopify.com/s/files/1/0943/0738/5730/files/baby-natur-floral-muslin-sleeping-bag-a1b2c3_fe46ff4e-9df6-4323-a0c8-64ca9e2b3aed.jpg?v=1780917409,https://cdn.shopify.com/s/files/1/0943/0738/5730/files/Vrecazaspavanjesnogavicama_3_ddbb6c7e-2b32-4966-9ac4-62933ac1f13a.jpg?v=1780917410,https://cdn.shopify.com/s/files/1/0943/0738/5730/files/Vrecazaspavanjesnogavicama_5_1162b03f-14b3-4928-9ad0-62215b0e16fa.jpg?v=1780917410,https://cdn.shopify.com/s/files/1/0943/0738/5730/files/Vrecazaspavanjesnogavicama_6_eb9e92b8-c4cf-4d77-9b32-6966f939f536.jpg?v=1780917410	out_of_stock	new	42.00 EUR		Baby Natur		no		Vreća za spavanje		6–18 mjeseci	Jednoslojno – LJETO	Limuni	
shopify_ZZ_15192324702594_56695592911234	15192324702594	Vreće za spavanje s nogavicama - Limuni / Jednoslojno – LJETO / 1.5–3 godina	Mirne noći započinju s pravim izborom. Baby Natur vreće za spavanje izrađene su od 100% tetra muslina, prirodnog, iznimno prozračnog i nježnog materijala koji omogućuje optimalnu cirkulaciju zraka tijekom cijele noći. Zahvaljujući svojim prirodnim svojstvima, tetra muslin pomaže u regulaciji tjelesne temperature, štiteći bebu od pregrijavanja ili pothlađivanja te osigurava ugodan i miran san. Sve naše vreće za spavanje nose OEKO-TEX® Standard 100 certifikat, što jamči da su potpuno sigurne za osjetljivu dječju kožu, bez štetnih tvari i kemikalija.	https://babynatur.hr/products/vrece-za-spavanje-s-nogavicama?variant=56695592911234	https://cdn.shopify.com/s/files/1/0943/0738/5730/files/baby-natur-lemon-print-muslin-sleep-sack-a1b2c3d4_9f75db52-8378-4553-b04d-33ceeb8cc9b5.jpg?v=1780917409	https://cdn.shopify.com/s/files/1/0943/0738/5730/files/baby-natur-sleep-sack-cherry-print-white-muslin-a1b2c3_dd640b53-9a15-4e22-b8b3-18228957326c.jpg?v=1780917409,https://cdn.shopify.com/s/files/1/0943/0738/5730/files/Vrecazaspavanjesnogavicama_10_85bda7aa-cf6f-4789-a82a-68a9ff29d4d3.jpg?v=1780917410,https://cdn.shopify.com/s/files/1/0943/0738/5730/files/baby-natur-pink-braided-crib-bumper-baby-toddler-a1b2c3d4_291a0001-77ba-4fd3-94a9-715d7e2730b7.jpg?v=1780917409,https://cdn.shopify.com/s/files/1/0943/0738/5730/files/baby-natur-lemon-print-sleep-sack-f3a7b9_0ccf18ea-328e-4427-8dde-70cb06769687.jpg?v=1780917409,https://cdn.shopify.com/s/files/1/0943/0738/5730/files/baby-natur-sleep-sack-legs-white-muslin-a1b2c3_901ffe3a-e9c6-4568-bb98-85c661cd169b.jpg?v=1780917409,https://cdn.shopify.com/s/files/1/0943/0738/5730/files/Vrecazaspavanjesnogavicama_323bf561-1f6b-4f15-9bd4-19afa8926162.jpg?v=1780917410,https://cdn.shopify.com/s/files/1/0943/0738/5730/files/baby-natur-floral-muslin-sleeping-bag-a1b2c3_fe46ff4e-9df6-4323-a0c8-64ca9e2b3aed.jpg?v=1780917409,https://cdn.shopify.com/s/files/1/0943/0738/5730/files/Vrecazaspavanjesnogavicama_3_ddbb6c7e-2b32-4966-9ac4-62933ac1f13a.jpg?v=1780917410,https://cdn.shopify.com/s/files/1/0943/0738/5730/files/Vrecazaspavanjesnogavicama_5_1162b03f-14b3-4928-9ad0-62215b0e16fa.jpg?v=1780917410,https://cdn.shopify.com/s/files/1/0943/0738/5730/files/Vrecazaspavanjesnogavicama_6_eb9e92b8-c4cf-4d77-9b32-6966f939f536.jpg?v=1780917410	in_stock	new	42.00 EUR		Baby Natur		no		Vreća za spavanje		1.5–3 godina	Jednoslojno – LJETO	Limuni	
shopify_ZZ_15192324702594_56695592944002	15192324702594	Vreće za spavanje s nogavicama - Limuni / Jednoslojno – LJETO / 3-5 godina	Mirne noći započinju s pravim izborom. Baby Natur vreće za spavanje izrađene su od 100% tetra muslina, prirodnog, iznimno prozračnog i nježnog materijala koji omogućuje optimalnu cirkulaciju zraka tijekom cijele noći. Zahvaljujući svojim prirodnim svojstvima, tetra muslin pomaže u regulaciji tjelesne temperature, štiteći bebu od pregrijavanja ili pothlađivanja te osigurava ugodan i miran san. Sve naše vreće za spavanje nose OEKO-TEX® Standard 100 certifikat, što jamči da su potpuno sigurne za osjetljivu dječju kožu, bez štetnih tvari i kemikalija.	https://babynatur.hr/products/vrece-za-spavanje-s-nogavicama?variant=56695592944002	https://cdn.shopify.com/s/files/1/0943/0738/5730/files/baby-natur-lemon-print-muslin-sleep-sack-a1b2c3d4_9f75db52-8378-4553-b04d-33ceeb8cc9b5.jpg?v=1780917409	https://cdn.shopify.com/s/files/1/0943/0738/5730/files/baby-natur-sleep-sack-cherry-print-white-muslin-a1b2c3_dd640b53-9a15-4e22-b8b3-18228957326c.jpg?v=1780917409,https://cdn.shopify.com/s/files/1/0943/0738/5730/files/Vrecazaspavanjesnogavicama_10_85bda7aa-cf6f-4789-a82a-68a9ff29d4d3.jpg?v=1780917410,https://cdn.shopify.com/s/files/1/0943/0738/5730/files/baby-natur-pink-braided-crib-bumper-baby-toddler-a1b2c3d4_291a0001-77ba-4fd3-94a9-715d7e2730b7.jpg?v=1780917409,https://cdn.shopify.com/s/files/1/0943/0738/5730/files/baby-natur-lemon-print-sleep-sack-f3a7b9_0ccf18ea-328e-4427-8dde-70cb06769687.jpg?v=1780917409,https://cdn.shopify.com/s/files/1/0943/0738/5730/files/baby-natur-sleep-sack-legs-white-muslin-a1b2c3_901ffe3a-e9c6-4568-bb98-85c661cd169b.jpg?v=1780917409,https://cdn.shopify.com/s/files/1/0943/0738/5730/files/Vrecazaspavanjesnogavicama_323bf561-1f6b-4f15-9bd4-19afa8926162.jpg?v=1780917410,https://cdn.shopify.com/s/files/1/0943/0738/5730/files/baby-natur-floral-muslin-sleeping-bag-a1b2c3_fe46ff4e-9df6-4323-a0c8-64ca9e2b3aed.jpg?v=1780917409,https://cdn.shopify.com/s/files/1/0943/0738/5730/files/Vrecazaspavanjesnogavicama_3_ddbb6c7e-2b32-4966-9ac4-62933ac1f13a.jpg?v=1780917410,https://cdn.shopify.com/s/files/1/0943/0738/5730/files/Vrecazaspavanjesnogavicama_5_1162b03f-14b3-4928-9ad0-62215b0e16fa.jpg?v=1780917410,https://cdn.shopify.com/s/files/1/0943/0738/5730/files/Vrecazaspavanjesnogavicama_6_eb9e92b8-c4cf-4d77-9b32-6966f939f536.jpg?v=1780917410	in_stock	new	45.00 EUR		Baby Natur		no		Vreća za spavanje		3-5 godina	Jednoslojno – LJETO	Limuni	
shopify_ZZ_15192324702594_56695592976770	15192324702594	Vreće za spavanje s nogavicama - Limuni / Dvoslojno – PROLJEĆE I JESEN / 6–18 mjeseci	Mirne noći započinju s pravim izborom. Baby Natur vreće za spavanje izrađene su od 100% tetra muslina, prirodnog, iznimno prozračnog i nježnog materijala koji omogućuje optimalnu cirkulaciju zraka tijekom cijele noći. Zahvaljujući svojim prirodnim svojstvima, tetra muslin pomaže u regulaciji tjelesne temperature, štiteći bebu od pregrijavanja ili pothlađivanja te osigurava ugodan i miran san. Sve naše vreće za spavanje nose OEKO-TEX® Standard 100 certifikat, što jamči da su potpuno sigurne za osjetljivu dječju kožu, bez štetnih tvari i kemikalija.	https://babynatur.hr/products/vrece-za-spavanje-s-nogavicama?variant=56695592976770	https://cdn.shopify.com/s/files/1/0943/0738/5730/files/baby-natur-lemon-print-muslin-sleep-sack-a1b2c3d4_9f75db52-8378-4553-b04d-33ceeb8cc9b5.jpg?v=1780917409	https://cdn.shopify.com/s/files/1/0943/0738/5730/files/baby-natur-sleep-sack-cherry-print-white-muslin-a1b2c3_dd640b53-9a15-4e22-b8b3-18228957326c.jpg?v=1780917409,https://cdn.shopify.com/s/files/1/0943/0738/5730/files/Vrecazaspavanjesnogavicama_10_85bda7aa-cf6f-4789-a82a-68a9ff29d4d3.jpg?v=1780917410,https://cdn.shopify.com/s/files/1/0943/0738/5730/files/baby-natur-pink-braided-crib-bumper-baby-toddler-a1b2c3d4_291a0001-77ba-4fd3-94a9-715d7e2730b7.jpg?v=1780917409,https://cdn.shopify.com/s/files/1/0943/0738/5730/files/baby-natur-lemon-print-sleep-sack-f3a7b9_0ccf18ea-328e-4427-8dde-70cb06769687.jpg?v=1780917409,https://cdn.shopify.com/s/files/1/0943/0738/5730/files/baby-natur-sleep-sack-legs-white-muslin-a1b2c3_901ffe3a-e9c6-4568-bb98-85c661cd169b.jpg?v=1780917409,https://cdn.shopify.com/s/files/1/0943/0738/5730/files/Vrecazaspavanjesnogavicama_323bf561-1f6b-4f15-9bd4-19afa8926162.jpg?v=1780917410,https://cdn.shopify.com/s/files/1/0943/0738/5730/files/baby-natur-floral-muslin-sleeping-bag-a1b2c3_fe46ff4e-9df6-4323-a0c8-64ca9e2b3aed.jpg?v=1780917409,https://cdn.shopify.com/s/files/1/0943/0738/5730/files/Vrecazaspavanjesnogavicama_3_ddbb6c7e-2b32-4966-9ac4-62933ac1f13a.jpg?v=1780917410,https://cdn.shopify.com/s/files/1/0943/0738/5730/files/Vrecazaspavanjesnogavicama_5_1162b03f-14b3-4928-9ad0-62215b0e16fa.jpg?v=1780917410,https://cdn.shopify.com/s/files/1/0943/0738/5730/files/Vrecazaspavanjesnogavicama_6_eb9e92b8-c4cf-4d77-9b32-6966f939f536.jpg?v=1780917410	in_stock	new	50.00 EUR		Baby Natur		no		Vreća za spavanje		6–18 mjeseci	Dvoslojno – PROLJEĆE I JESEN	Limuni	
shopify_ZZ_15192324702594_56695593009538	15192324702594	Vreće za spavanje s nogavicama - Limuni / Dvoslojno – PROLJEĆE I JESEN / 1.5–3 godina	Mirne noći započinju s pravim izborom. Baby Natur vreće za spavanje izrađene su od 100% tetra muslina, prirodnog, iznimno prozračnog i nježnog materijala koji omogućuje optimalnu cirkulaciju zraka tijekom cijele noći. Zahvaljujući svojim prirodnim svojstvima, tetra muslin pomaže u regulaciji tjelesne temperature, štiteći bebu od pregrijavanja ili pothlađivanja te osigurava ugodan i miran san. Sve naše vreće za spavanje nose OEKO-TEX® Standard 100 certifikat, što jamči da su potpuno sigurne za osjetljivu dječju kožu, bez štetnih tvari i kemikalija.	https://babynatur.hr/products/vrece-za-spavanje-s-nogavicama?variant=56695593009538	https://cdn.shopify.com/s/files/1/0943/0738/5730/files/baby-natur-lemon-print-muslin-sleep-sack-a1b2c3d4_9f75db52-8378-4553-b04d-33ceeb8cc9b5.jpg?v=1780917409	https://cdn.shopify.com/s/files/1/0943/0738/5730/files/baby-natur-sleep-sack-cherry-print-white-muslin-a1b2c3_dd640b53-9a15-4e22-b8b3-18228957326c.jpg?v=1780917409,https://cdn.shopify.com/s/files/1/0943/0738/5730/files/Vrecazaspavanjesnogavicama_10_85bda7aa-cf6f-4789-a82a-68a9ff29d4d3.jpg?v=1780917410,https://cdn.shopify.com/s/files/1/0943/0738/5730/files/baby-natur-pink-braided-crib-bumper-baby-toddler-a1b2c3d4_291a0001-77ba-4fd3-94a9-715d7e2730b7.jpg?v=1780917409,https://cdn.shopify.com/s/files/1/0943/0738/5730/files/baby-natur-lemon-print-sleep-sack-f3a7b9_0ccf18ea-328e-4427-8dde-70cb06769687.jpg?v=1780917409,https://cdn.shopify.com/s/files/1/0943/0738/5730/files/baby-natur-sleep-sack-legs-white-muslin-a1b2c3_901ffe3a-e9c6-4568-bb98-85c661cd169b.jpg?v=1780917409,https://cdn.shopify.com/s/files/1/0943/0738/5730/files/Vrecazaspavanjesnogavicama_323bf561-1f6b-4f15-9bd4-19afa8926162.jpg?v=1780917410,https://cdn.shopify.com/s/files/1/0943/0738/5730/files/baby-natur-floral-muslin-sleeping-bag-a1b2c3_fe46ff4e-9df6-4323-a0c8-64ca9e2b3aed.jpg?v=1780917409,https://cdn.shopify.com/s/files/1/0943/0738/5730/files/Vrecazaspavanjesnogavicama_3_ddbb6c7e-2b32-4966-9ac4-62933ac1f13a.jpg?v=1780917410,https://cdn.shopify.com/s/files/1/0943/0738/5730/files/Vrecazaspavanjesnogavicama_5_1162b03f-14b3-4928-9ad0-62215b0e16fa.jpg?v=1780917410,https://cdn.shopify.com/s/files/1/0943/0738/5730/files/Vrecazaspavanjesnogavicama_6_eb9e92b8-c4cf-4d77-9b32-6966f939f536.jpg?v=1780917410	in_stock	new	50.00 EUR		Baby Natur		no		Vreća za spavanje		1.5–3 godina	Dvoslojno – PROLJEĆE I JESEN	Limuni	
shopify_ZZ_15192324702594_56695593042306	15192324702594	Vreće za spavanje s nogavicama - Limuni / Dvoslojno – PROLJEĆE I JESEN / 3-5 godina	Mirne noći započinju s pravim izborom. Baby Natur vreće za spavanje izrađene su od 100% tetra muslina, prirodnog, iznimno prozračnog i nježnog materijala koji omogućuje optimalnu cirkulaciju zraka tijekom cijele noći. Zahvaljujući svojim prirodnim svojstvima, tetra muslin pomaže u regulaciji tjelesne temperature, štiteći bebu od pregrijavanja ili pothlađivanja te osigurava ugodan i miran san. Sve naše vreće za spavanje nose OEKO-TEX® Standard 100 certifikat, što jamči da su potpuno sigurne za osjetljivu dječju kožu, bez štetnih tvari i kemikalija.	https://babynatur.hr/products/vrece-za-spavanje-s-nogavicama?variant=56695593042306	https://cdn.shopify.com/s/files/1/0943/0738/5730/files/baby-natur-lemon-print-muslin-sleep-sack-a1b2c3d4_9f75db52-8378-4553-b04d-33ceeb8cc9b5.jpg?v=1780917409	https://cdn.shopify.com/s/files/1/0943/0738/5730/files/baby-natur-sleep-sack-cherry-print-white-muslin-a1b2c3_dd640b53-9a15-4e22-b8b3-18228957326c.jpg?v=1780917409,https://cdn.shopify.com/s/files/1/0943/0738/5730/files/Vrecazaspavanjesnogavicama_10_85bda7aa-cf6f-4789-a82a-68a9ff29d4d3.jpg?v=1780917410,https://cdn.shopify.com/s/files/1/0943/0738/5730/files/baby-natur-pink-braided-crib-bumper-baby-toddler-a1b2c3d4_291a0001-77ba-4fd3-94a9-715d7e2730b7.jpg?v=1780917409,https://cdn.shopify.com/s/files/1/0943/0738/5730/files/baby-natur-lemon-print-sleep-sack-f3a7b9_0ccf18ea-328e-4427-8dde-70cb06769687.jpg?v=1780917409,https://cdn.shopify.com/s/files/1/0943/0738/5730/files/baby-natur-sleep-sack-legs-white-muslin-a1b2c3_901ffe3a-e9c6-4568-bb98-85c661cd169b.jpg?v=1780917409,https://cdn.shopify.com/s/files/1/0943/0738/5730/files/Vrecazaspavanjesnogavicama_323bf561-1f6b-4f15-9bd4-19afa8926162.jpg?v=1780917410,https://cdn.shopify.com/s/files/1/0943/0738/5730/files/baby-natur-floral-muslin-sleeping-bag-a1b2c3_fe46ff4e-9df6-4323-a0c8-64ca9e2b3aed.jpg?v=1780917409,https://cdn.shopify.com/s/files/1/0943/0738/5730/files/Vrecazaspavanjesnogavicama_3_ddbb6c7e-2b32-4966-9ac4-62933ac1f13a.jpg?v=1780917410,https://cdn.shopify.com/s/files/1/0943/0738/5730/files/Vrecazaspavanjesnogavicama_5_1162b03f-14b3-4928-9ad0-62215b0e16fa.jpg?v=1780917410,https://cdn.shopify.com/s/files/1/0943/0738/5730/files/Vrecazaspavanjesnogavicama_6_eb9e92b8-c4cf-4d77-9b32-6966f939f536.jpg?v=1780917410	in_stock	new	52.00 EUR		Baby Natur		no		Vreća za spavanje		3-5 godina	Dvoslojno – PROLJEĆE I JESEN	Limuni	
shopify_ZZ_15192324702594_56695593075074	15192324702594	Vreće za spavanje s nogavicama - Limuni / S punjenjem – ZIMA / 6–18 mjeseci	Mirne noći započinju s pravim izborom. Baby Natur vreće za spavanje izrađene su od 100% tetra muslina, prirodnog, iznimno prozračnog i nježnog materijala koji omogućuje optimalnu cirkulaciju zraka tijekom cijele noći. Zahvaljujući svojim prirodnim svojstvima, tetra muslin pomaže u regulaciji tjelesne temperature, štiteći bebu od pregrijavanja ili pothlađivanja te osigurava ugodan i miran san. Sve naše vreće za spavanje nose OEKO-TEX® Standard 100 certifikat, što jamči da su potpuno sigurne za osjetljivu dječju kožu, bez štetnih tvari i kemikalija.	https://babynatur.hr/products/vrece-za-spavanje-s-nogavicama?variant=56695593075074	https://cdn.shopify.com/s/files/1/0943/0738/5730/files/baby-natur-lemon-print-muslin-sleep-sack-a1b2c3d4_9f75db52-8378-4553-b04d-33ceeb8cc9b5.jpg?v=1780917409	https://cdn.shopify.com/s/files/1/0943/0738/5730/files/baby-natur-sleep-sack-cherry-print-white-muslin-a1b2c3_dd640b53-9a15-4e22-b8b3-18228957326c.jpg?v=1780917409,https://cdn.shopify.com/s/files/1/0943/0738/5730/files/Vrecazaspavanjesnogavicama_10_85bda7aa-cf6f-4789-a82a-68a9ff29d4d3.jpg?v=1780917410,https://cdn.shopify.com/s/files/1/0943/0738/5730/files/baby-natur-pink-braided-crib-bumper-baby-toddler-a1b2c3d4_291a0001-77ba-4fd3-94a9-715d7e2730b7.jpg?v=1780917409,https://cdn.shopify.com/s/files/1/0943/0738/5730/files/baby-natur-lemon-print-sleep-sack-f3a7b9_0ccf18ea-328e-4427-8dde-70cb06769687.jpg?v=1780917409,https://cdn.shopify.com/s/files/1/0943/0738/5730/files/baby-natur-sleep-sack-legs-white-muslin-a1b2c3_901ffe3a-e9c6-4568-bb98-85c661cd169b.jpg?v=1780917409,https://cdn.shopify.com/s/files/1/0943/0738/5730/files/Vrecazaspavanjesnogavicama_323bf561-1f6b-4f15-9bd4-19afa8926162.jpg?v=1780917410,https://cdn.shopify.com/s/files/1/0943/0738/5730/files/baby-natur-floral-muslin-sleeping-bag-a1b2c3_fe46ff4e-9df6-4323-a0c8-64ca9e2b3aed.jpg?v=1780917409,https://cdn.shopify.com/s/files/1/0943/0738/5730/files/Vrecazaspavanjesnogavicama_3_ddbb6c7e-2b32-4966-9ac4-62933ac1f13a.jpg?v=1780917410,https://cdn.shopify.com/s/files/1/0943/0738/5730/files/Vrecazaspavanjesnogavicama_5_1162b03f-14b3-4928-9ad0-62215b0e16fa.jpg?v=1780917410,https://cdn.shopify.com/s/files/1/0943/0738/5730/files/Vrecazaspavanjesnogavicama_6_eb9e92b8-c4cf-4d77-9b32-6966f939f536.jpg?v=1780917410	in_stock	new	60.00 EUR		Baby Natur		no		Vreća za spavanje		6–18 mjeseci	S punjenjem – ZIMA	Limuni	
shopify_ZZ_15192324702594_56695593107842	15192324702594	Vreće za spavanje s nogavicama - Limuni / S punjenjem – ZIMA / 1.5–3 godina	Mirne noći započinju s pravim izborom. Baby Natur vreće za spavanje izrađene su od 100% tetra muslina, prirodnog, iznimno prozračnog i nježnog materijala koji omogućuje optimalnu cirkulaciju zraka tijekom cijele noći. Zahvaljujući svojim prirodnim svojstvima, tetra muslin pomaže u regulaciji tjelesne temperature, štiteći bebu od pregrijavanja ili pothlađivanja te osigurava ugodan i miran san. Sve naše vreće za spavanje nose OEKO-TEX® Standard 100 certifikat, što jamči da su potpuno sigurne za osjetljivu dječju kožu, bez štetnih tvari i kemikalija.	https://babynatur.hr/products/vrece-za-spavanje-s-nogavicama?variant=56695593107842	https://cdn.shopify.com/s/files/1/0943/0738/5730/files/baby-natur-lemon-print-muslin-sleep-sack-a1b2c3d4_9f75db52-8378-4553-b04d-33ceeb8cc9b5.jpg?v=1780917409	https://cdn.shopify.com/s/files/1/0943/0738/5730/files/baby-natur-sleep-sack-cherry-print-white-muslin-a1b2c3_dd640b53-9a15-4e22-b8b3-18228957326c.jpg?v=1780917409,https://cdn.shopify.com/s/files/1/0943/0738/5730/files/Vrecazaspavanjesnogavicama_10_85bda7aa-cf6f-4789-a82a-68a9ff29d4d3.jpg?v=1780917410,https://cdn.shopify.com/s/files/1/0943/0738/5730/files/baby-natur-pink-braided-crib-bumper-baby-toddler-a1b2c3d4_291a0001-77ba-4fd3-94a9-715d7e2730b7.jpg?v=1780917409,https://cdn.shopify.com/s/files/1/0943/0738/5730/files/baby-natur-lemon-print-sleep-sack-f3a7b9_0ccf18ea-328e-4427-8dde-70cb06769687.jpg?v=1780917409,https://cdn.shopify.com/s/files/1/0943/0738/5730/files/baby-natur-sleep-sack-legs-white-muslin-a1b2c3_901ffe3a-e9c6-4568-bb98-85c661cd169b.jpg?v=1780917409,https://cdn.shopify.com/s/files/1/0943/0738/5730/files/Vrecazaspavanjesnogavicama_323bf561-1f6b-4f15-9bd4-19afa8926162.jpg?v=1780917410,https://cdn.shopify.com/s/files/1/0943/0738/5730/files/baby-natur-floral-muslin-sleeping-bag-a1b2c3_fe46ff4e-9df6-4323-a0c8-64ca9e2b3aed.jpg?v=1780917409,https://cdn.shopify.com/s/files/1/0943/0738/5730/files/Vrecazaspavanjesnogavicama_3_ddbb6c7e-2b32-4966-9ac4-62933ac1f13a.jpg?v=1780917410,https://cdn.shopify.com/s/files/1/0943/0738/5730/files/Vrecazaspavanjesnogavicama_5_1162b03f-14b3-4928-9ad0-62215b0e16fa.jpg?v=1780917410,https://cdn.shopify.com/s/files/1/0943/0738/5730/files/Vrecazaspavanjesnogavicama_6_eb9e92b8-c4cf-4d77-9b32-6966f939f536.jpg?v=1780917410	in_stock	new	60.00 EUR		Baby Natur		no		Vreća za spavanje		1.5–3 godina	S punjenjem – ZIMA	Limuni	
shopify_ZZ_15192324702594_56695593140610	15192324702594	Vreće za spavanje s nogavicama - Limuni / S punjenjem – ZIMA / 3-5 godina	Mirne noći započinju s pravim izborom. Baby Natur vreće za spavanje izrađene su od 100% tetra muslina, prirodnog, iznimno prozračnog i nježnog materijala koji omogućuje optimalnu cirkulaciju zraka tijekom cijele noći. Zahvaljujući svojim prirodnim svojstvima, tetra muslin pomaže u regulaciji tjelesne temperature, štiteći bebu od pregrijavanja ili pothlađivanja te osigurava ugodan i miran san. Sve naše vreće za spavanje nose OEKO-TEX® Standard 100 certifikat, što jamči da su potpuno sigurne za osjetljivu dječju kožu, bez štetnih tvari i kemikalija.	https://babynatur.hr/products/vrece-za-spavanje-s-nogavicama?variant=56695593140610	https://cdn.shopify.com/s/files/1/0943/0738/5730/files/baby-natur-lemon-print-muslin-sleep-sack-a1b2c3d4_9f75db52-8378-4553-b04d-33ceeb8cc9b5.jpg?v=1780917409	https://cdn.shopify.com/s/files/1/0943/0738/5730/files/baby-natur-sleep-sack-cherry-print-white-muslin-a1b2c3_dd640b53-9a15-4e22-b8b3-18228957326c.jpg?v=1780917409,https://cdn.shopify.com/s/files/1/0943/0738/5730/files/Vrecazaspavanjesnogavicama_10_85bda7aa-cf6f-4789-a82a-68a9ff29d4d3.jpg?v=1780917410,https://cdn.shopify.com/s/files/1/0943/0738/5730/files/baby-natur-pink-braided-crib-bumper-baby-toddler-a1b2c3d4_291a0001-77ba-4fd3-94a9-715d7e2730b7.jpg?v=1780917409,https://cdn.shopify.com/s/files/1/0943/0738/5730/files/baby-natur-lemon-print-sleep-sack-f3a7b9_0ccf18ea-328e-4427-8dde-70cb06769687.jpg?v=1780917409,https://cdn.shopify.com/s/files/1/0943/0738/5730/files/baby-natur-sleep-sack-legs-white-muslin-a1b2c3_901ffe3a-e9c6-4568-bb98-85c661cd169b.jpg?v=1780917409,https://cdn.shopify.com/s/files/1/0943/0738/5730/files/Vrecazaspavanjesnogavicama_323bf561-1f6b-4f15-9bd4-19afa8926162.jpg?v=1780917410,https://cdn.shopify.com/s/files/1/0943/0738/5730/files/baby-natur-floral-muslin-sleeping-bag-a1b2c3_fe46ff4e-9df6-4323-a0c8-64ca9e2b3aed.jpg?v=1780917409,https://cdn.shopify.com/s/files/1/0943/0738/5730/files/Vrecazaspavanjesnogavicama_3_ddbb6c7e-2b32-4966-9ac4-62933ac1f13a.jpg?v=1780917410,https://cdn.shopify.com/s/files/1/0943/0738/5730/files/Vrecazaspavanjesnogavicama_5_1162b03f-14b3-4928-9ad0-62215b0e16fa.jpg?v=1780917410,https://cdn.shopify.com/s/files/1/0943/0738/5730/files/Vrecazaspavanjesnogavicama_6_eb9e92b8-c4cf-4d77-9b32-6966f939f536.jpg?v=1780917410	in_stock	new	62.00 EUR		Baby Natur		no		Vreća za spavanje		3-5 godina	S punjenjem – ZIMA	Limuni	
shopify_ZZ_15192324702594_56019082903938	15192324702594	Vreće za spavanje s nogavicama - Srca / Jednoslojno – LJETO / 6–18 mjeseci	Mirne noći započinju s pravim izborom. Baby Natur vreće za spavanje izrađene su od 100% tetra muslina, prirodnog, iznimno prozračnog i nježnog materijala koji omogućuje optimalnu cirkulaciju zraka tijekom cijele noći. Zahvaljujući svojim prirodnim svojstvima, tetra muslin pomaže u regulaciji tjelesne temperature, štiteći bebu od pregrijavanja ili pothlađivanja te osigurava ugodan i miran san. Sve naše vreće za spavanje nose OEKO-TEX® Standard 100 certifikat, što jamči da su potpuno sigurne za osjetljivu dječju kožu, bez štetnih tvari i kemikalija.	https://babynatur.hr/products/vrece-za-spavanje-s-nogavicama?variant=56019082903938	https://cdn.shopify.com/s/files/1/0943/0738/5730/files/Srca_051c056a-f983-4562-810b-698b3fed279f.jpg?v=1780917409	https://cdn.shopify.com/s/files/1/0943/0738/5730/files/baby-natur-sleep-sack-cherry-print-white-muslin-a1b2c3_dd640b53-9a15-4e22-b8b3-18228957326c.jpg?v=1780917409,https://cdn.shopify.com/s/files/1/0943/0738/5730/files/Vrecazaspavanjesnogavicama_10_85bda7aa-cf6f-4789-a82a-68a9ff29d4d3.jpg?v=1780917410,https://cdn.shopify.com/s/files/1/0943/0738/5730/files/baby-natur-pink-braided-crib-bumper-baby-toddler-a1b2c3d4_291a0001-77ba-4fd3-94a9-715d7e2730b7.jpg?v=1780917409,https://cdn.shopify.com/s/files/1/0943/0738/5730/files/baby-natur-lemon-print-sleep-sack-f3a7b9_0ccf18ea-328e-4427-8dde-70cb06769687.jpg?v=1780917409,https://cdn.shopify.com/s/files/1/0943/0738/5730/files/baby-natur-sleep-sack-legs-white-muslin-a1b2c3_901ffe3a-e9c6-4568-bb98-85c661cd169b.jpg?v=1780917409,https://cdn.shopify.com/s/files/1/0943/0738/5730/files/Vrecazaspavanjesnogavicama_323bf561-1f6b-4f15-9bd4-19afa8926162.jpg?v=1780917410,https://cdn.shopify.com/s/files/1/0943/0738/5730/files/baby-natur-floral-muslin-sleeping-bag-a1b2c3_fe46ff4e-9df6-4323-a0c8-64ca9e2b3aed.jpg?v=1780917409,https://cdn.shopify.com/s/files/1/0943/0738/5730/files/Vrecazaspavanjesnogavicama_3_ddbb6c7e-2b32-4966-9ac4-62933ac1f13a.jpg?v=1780917410,https://cdn.shopify.com/s/files/1/0943/0738/5730/files/Vrecazaspavanjesnogavicama_5_1162b03f-14b3-4928-9ad0-62215b0e16fa.jpg?v=1780917410,https://cdn.shopify.com/s/files/1/0943/0738/5730/files/Vrecazaspavanjesnogavicama_6_eb9e92b8-c4cf-4d77-9b32-6966f939f536.jpg?v=1780917410	in_stock	new	42.00 EUR	37.50 EUR	Baby Natur	BN-VR-S-NOG-1-Heart-S	yes		Vreća za spavanje		6–18 mjeseci	Jednoslojno – LJETO	Srca	
shopify_ZZ_15192324702594_56592233791874	15192324702594	Vreće za spavanje s nogavicama - Srca / Jednoslojno – LJETO / 1.5–3 godina	Mirne noći započinju s pravim izborom. Baby Natur vreće za spavanje izrađene su od 100% tetra muslina, prirodnog, iznimno prozračnog i nježnog materijala koji omogućuje optimalnu cirkulaciju zraka tijekom cijele noći. Zahvaljujući svojim prirodnim svojstvima, tetra muslin pomaže u regulaciji tjelesne temperature, štiteći bebu od pregrijavanja ili pothlađivanja te osigurava ugodan i miran san. Sve naše vreće za spavanje nose OEKO-TEX® Standard 100 certifikat, što jamči da su potpuno sigurne za osjetljivu dječju kožu, bez štetnih tvari i kemikalija.	https://babynatur.hr/products/vrece-za-spavanje-s-nogavicama?variant=56592233791874	https://cdn.shopify.com/s/files/1/0943/0738/5730/files/Srca_051c056a-f983-4562-810b-698b3fed279f.jpg?v=1780917409	https://cdn.shopify.com/s/files/1/0943/0738/5730/files/baby-natur-sleep-sack-cherry-print-white-muslin-a1b2c3_dd640b53-9a15-4e22-b8b3-18228957326c.jpg?v=1780917409,https://cdn.shopify.com/s/files/1/0943/0738/5730/files/Vrecazaspavanjesnogavicama_10_85bda7aa-cf6f-4789-a82a-68a9ff29d4d3.jpg?v=1780917410,https://cdn.shopify.com/s/files/1/0943/0738/5730/files/baby-natur-pink-braided-crib-bumper-baby-toddler-a1b2c3d4_291a0001-77ba-4fd3-94a9-715d7e2730b7.jpg?v=1780917409,https://cdn.shopify.com/s/files/1/0943/0738/5730/files/baby-natur-lemon-print-sleep-sack-f3a7b9_0ccf18ea-328e-4427-8dde-70cb06769687.jpg?v=1780917409,https://cdn.shopify.com/s/files/1/0943/0738/5730/files/baby-natur-sleep-sack-legs-white-muslin-a1b2c3_901ffe3a-e9c6-4568-bb98-85c661cd169b.jpg?v=1780917409,https://cdn.shopify.com/s/files/1/0943/0738/5730/files/Vrecazaspavanjesnogavicama_323bf561-1f6b-4f15-9bd4-19afa8926162.jpg?v=1780917410,https://cdn.shopify.com/s/files/1/0943/0738/5730/files/baby-natur-floral-muslin-sleeping-bag-a1b2c3_fe46ff4e-9df6-4323-a0c8-64ca9e2b3aed.jpg?v=1780917409,https://cdn.shopify.com/s/files/1/0943/0738/5730/files/Vrecazaspavanjesnogavicama_3_ddbb6c7e-2b32-4966-9ac4-62933ac1f13a.jpg?v=1780917410,https://cdn.shopify.com/s/files/1/0943/0738/5730/files/Vrecazaspavanjesnogavicama_5_1162b03f-14b3-4928-9ad0-62215b0e16fa.jpg?v=1780917410,https://cdn.shopify.com/s/files/1/0943/0738/5730/files/Vrecazaspavanjesnogavicama_6_eb9e92b8-c4cf-4d77-9b32-6966f939f536.jpg?v=1780917410	in_stock	new	42.00 EUR	37.50 EUR	Baby Natur		no		Vreća za spavanje		1.5–3 godina	Jednoslojno – LJETO	Srca	
shopify_ZZ_15192324702594_56592233824642	15192324702594	Vreće za spavanje s nogavicama - Srca / Jednoslojno – LJETO / 3-5 godina	Mirne noći započinju s pravim izborom. Baby Natur vreće za spavanje izrađene su od 100% tetra muslina, prirodnog, iznimno prozračnog i nježnog materijala koji omogućuje optimalnu cirkulaciju zraka tijekom cijele noći. Zahvaljujući svojim prirodnim svojstvima, tetra muslin pomaže u regulaciji tjelesne temperature, štiteći bebu od pregrijavanja ili pothlađivanja te osigurava ugodan i miran san. Sve naše vreće za spavanje nose OEKO-TEX® Standard 100 certifikat, što jamči da su potpuno sigurne za osjetljivu dječju kožu, bez štetnih tvari i kemikalija.	https://babynatur.hr/products/vrece-za-spavanje-s-nogavicama?variant=56592233824642	https://cdn.shopify.com/s/files/1/0943/0738/5730/files/Srca_051c056a-f983-4562-810b-698b3fed279f.jpg?v=1780917409	https://cdn.shopify.com/s/files/1/0943/0738/5730/files/baby-natur-sleep-sack-cherry-print-white-muslin-a1b2c3_dd640b53-9a15-4e22-b8b3-18228957326c.jpg?v=1780917409,https://cdn.shopify.com/s/files/1/0943/0738/5730/files/Vrecazaspavanjesnogavicama_10_85bda7aa-cf6f-4789-a82a-68a9ff29d4d3.jpg?v=1780917410,https://cdn.shopify.com/s/files/1/0943/0738/5730/files/baby-natur-pink-braided-crib-bumper-baby-toddler-a1b2c3d4_291a0001-77ba-4fd3-94a9-715d7e2730b7.jpg?v=1780917409,https://cdn.shopify.com/s/files/1/0943/0738/5730/files/baby-natur-lemon-print-sleep-sack-f3a7b9_0ccf18ea-328e-4427-8dde-70cb06769687.jpg?v=1780917409,https://cdn.shopify.com/s/files/1/0943/0738/5730/files/baby-natur-sleep-sack-legs-white-muslin-a1b2c3_901ffe3a-e9c6-4568-bb98-85c661cd169b.jpg?v=1780917409,https://cdn.shopify.com/s/files/1/0943/0738/5730/files/Vrecazaspavanjesnogavicama_323bf561-1f6b-4f15-9bd4-19afa8926162.jpg?v=1780917410,https://cdn.shopify.com/s/files/1/0943/0738/5730/files/baby-natur-floral-muslin-sleeping-bag-a1b2c3_fe46ff4e-9df6-4323-a0c8-64ca9e2b3aed.jpg?v=1780917409,https://cdn.shopify.com/s/files/1/0943/0738/5730/files/Vrecazaspavanjesnogavicama_3_ddbb6c7e-2b32-4966-9ac4-62933ac1f13a.jpg?v=1780917410,https://cdn.shopify.com/s/files/1/0943/0738/5730/files/Vrecazaspavanjesnogavicama_5_1162b03f-14b3-4928-9ad0-62215b0e16fa.jpg?v=1780917410,https://cdn.shopify.com/s/files/1/0943/0738/5730/files/Vrecazaspavanjesnogavicama_6_eb9e92b8-c4cf-4d77-9b32-6966f939f536.jpg?v=1780917410	in_stock	new	45.00 EUR	39.50 EUR	Baby Natur		no		Vreća za spavanje		3-5 godina	Jednoslojno – LJETO	Srca	
shopify_ZZ_15192324702594_56019083297154	15192324702594	Vreće za spavanje s nogavicama - Srca / Dvoslojno – PROLJEĆE I JESEN / 6–18 mjeseci	Mirne noći započinju s pravim izborom. Baby Natur vreće za spavanje izrađene su od 100% tetra muslina, prirodnog, iznimno prozračnog i nježnog materijala koji omogućuje optimalnu cirkulaciju zraka tijekom cijele noći. Zahvaljujući svojim prirodnim svojstvima, tetra muslin pomaže u regulaciji tjelesne temperature, štiteći bebu od pregrijavanja ili pothlađivanja te osigurava ugodan i miran san. Sve naše vreće za spavanje nose OEKO-TEX® Standard 100 certifikat, što jamči da su potpuno sigurne za osjetljivu dječju kožu, bez štetnih tvari i kemikalija.	https://babynatur.hr/products/vrece-za-spavanje-s-nogavicama?variant=56019083297154	https://cdn.shopify.com/s/files/1/0943/0738/5730/files/Srca_051c056a-f983-4562-810b-698b3fed279f.jpg?v=1780917409	https://cdn.shopify.com/s/files/1/0943/0738/5730/files/baby-natur-sleep-sack-cherry-print-white-muslin-a1b2c3_dd640b53-9a15-4e22-b8b3-18228957326c.jpg?v=1780917409,https://cdn.shopify.com/s/files/1/0943/0738/5730/files/Vrecazaspavanjesnogavicama_10_85bda7aa-cf6f-4789-a82a-68a9ff29d4d3.jpg?v=1780917410,https://cdn.shopify.com/s/files/1/0943/0738/5730/files/baby-natur-pink-braided-crib-bumper-baby-toddler-a1b2c3d4_291a0001-77ba-4fd3-94a9-715d7e2730b7.jpg?v=1780917409,https://cdn.shopify.com/s/files/1/0943/0738/5730/files/baby-natur-lemon-print-sleep-sack-f3a7b9_0ccf18ea-328e-4427-8dde-70cb06769687.jpg?v=1780917409,https://cdn.shopify.com/s/files/1/0943/0738/5730/files/baby-natur-sleep-sack-legs-white-muslin-a1b2c3_901ffe3a-e9c6-4568-bb98-85c661cd169b.jpg?v=1780917409,https://cdn.shopify.com/s/files/1/0943/0738/5730/files/Vrecazaspavanjesnogavicama_323bf561-1f6b-4f15-9bd4-19afa8926162.jpg?v=1780917410,https://cdn.shopify.com/s/files/1/0943/0738/5730/files/baby-natur-floral-muslin-sleeping-bag-a1b2c3_fe46ff4e-9df6-4323-a0c8-64ca9e2b3aed.jpg?v=1780917409,https://cdn.shopify.com/s/files/1/0943/0738/5730/files/Vrecazaspavanjesnogavicama_3_ddbb6c7e-2b32-4966-9ac4-62933ac1f13a.jpg?v=1780917410,https://cdn.shopify.com/s/files/1/0943/0738/5730/files/Vrecazaspavanjesnogavicama_5_1162b03f-14b3-4928-9ad0-62215b0e16fa.jpg?v=1780917410,https://cdn.shopify.com/s/files/1/0943/0738/5730/files/Vrecazaspavanjesnogavicama_6_eb9e92b8-c4cf-4d77-9b32-6966f939f536.jpg?v=1780917410	in_stock	new	50.00 EUR	45.00 EUR	Baby Natur	BN-VR-S-NOG-2-Heart-S	yes		Vreća za spavanje		6–18 mjeseci	Dvoslojno – PROLJEĆE I JESEN	Srca	
shopify_ZZ_15192324702594_56592233857410	15192324702594	Vreće za spavanje s nogavicama - Srca / Dvoslojno – PROLJEĆE I JESEN / 1.5–3 godina	Mirne noći započinju s pravim izborom. Baby Natur vreće za spavanje izrađene su od 100% tetra muslina, prirodnog, iznimno prozračnog i nježnog materijala koji omogućuje optimalnu cirkulaciju zraka tijekom cijele noći. Zahvaljujući svojim prirodnim svojstvima, tetra muslin pomaže u regulaciji tjelesne temperature, štiteći bebu od pregrijavanja ili pothlađivanja te osigurava ugodan i miran san. Sve naše vreće za spavanje nose OEKO-TEX® Standard 100 certifikat, što jamči da su potpuno sigurne za osjetljivu dječju kožu, bez štetnih tvari i kemikalija.	https://babynatur.hr/products/vrece-za-spavanje-s-nogavicama?variant=56592233857410	https://cdn.shopify.com/s/files/1/0943/0738/5730/files/Srca_051c056a-f983-4562-810b-698b3fed279f.jpg?v=1780917409	https://cdn.shopify.com/s/files/1/0943/0738/5730/files/baby-natur-sleep-sack-cherry-print-white-muslin-a1b2c3_dd640b53-9a15-4e22-b8b3-18228957326c.jpg?v=1780917409,https://cdn.shopify.com/s/files/1/0943/0738/5730/files/Vrecazaspavanjesnogavicama_10_85bda7aa-cf6f-4789-a82a-68a9ff29d4d3.jpg?v=1780917410,https://cdn.shopify.com/s/files/1/0943/0738/5730/files/baby-natur-pink-braided-crib-bumper-baby-toddler-a1b2c3d4_291a0001-77ba-4fd3-94a9-715d7e2730b7.jpg?v=1780917409,https://cdn.shopify.com/s/files/1/0943/0738/5730/files/baby-natur-lemon-print-sleep-sack-f3a7b9_0ccf18ea-328e-4427-8dde-70cb06769687.jpg?v=1780917409,https://cdn.shopify.com/s/files/1/0943/0738/5730/files/baby-natur-sleep-sack-legs-white-muslin-a1b2c3_901ffe3a-e9c6-4568-bb98-85c661cd169b.jpg?v=1780917409,https://cdn.shopify.com/s/files/1/0943/0738/5730/files/Vrecazaspavanjesnogavicama_323bf561-1f6b-4f15-9bd4-19afa8926162.jpg?v=1780917410,https://cdn.shopify.com/s/files/1/0943/0738/5730/files/baby-natur-floral-muslin-sleeping-bag-a1b2c3_fe46ff4e-9df6-4323-a0c8-64ca9e2b3aed.jpg?v=1780917409,https://cdn.shopify.com/s/files/1/0943/0738/5730/files/Vrecazaspavanjesnogavicama_3_ddbb6c7e-2b32-4966-9ac4-62933ac1f13a.jpg?v=1780917410,https://cdn.shopify.com/s/files/1/0943/0738/5730/files/Vrecazaspavanjesnogavicama_5_1162b03f-14b3-4928-9ad0-62215b0e16fa.jpg?v=1780917410,https://cdn.shopify.com/s/files/1/0943/0738/5730/files/Vrecazaspavanjesnogavicama_6_eb9e92b8-c4cf-4d77-9b32-6966f939f536.jpg?v=1780917410	in_stock	new	50.00 EUR	45.00 EUR	Baby Natur		no		Vreća za spavanje		1.5–3 godina	Dvoslojno – PROLJEĆE I JESEN	Srca	
shopify_ZZ_15192324702594_56592233890178	15192324702594	Vreće za spavanje s nogavicama - Srca / Dvoslojno – PROLJEĆE I JESEN / 3-5 godina	Mirne noći započinju s pravim izborom. Baby Natur vreće za spavanje izrađene su od 100% tetra muslina, prirodnog, iznimno prozračnog i nježnog materijala koji omogućuje optimalnu cirkulaciju zraka tijekom cijele noći. Zahvaljujući svojim prirodnim svojstvima, tetra muslin pomaže u regulaciji tjelesne temperature, štiteći bebu od pregrijavanja ili pothlađivanja te osigurava ugodan i miran san. Sve naše vreće za spavanje nose OEKO-TEX® Standard 100 certifikat, što jamči da su potpuno sigurne za osjetljivu dječju kožu, bez štetnih tvari i kemikalija.	https://babynatur.hr/products/vrece-za-spavanje-s-nogavicama?variant=56592233890178	https://cdn.shopify.com/s/files/1/0943/0738/5730/files/Srca_051c056a-f983-4562-810b-698b3fed279f.jpg?v=1780917409	https://cdn.shopify.com/s/files/1/0943/0738/5730/files/baby-natur-sleep-sack-cherry-print-white-muslin-a1b2c3_dd640b53-9a15-4e22-b8b3-18228957326c.jpg?v=1780917409,https://cdn.shopify.com/s/files/1/0943/0738/5730/files/Vrecazaspavanjesnogavicama_10_85bda7aa-cf6f-4789-a82a-68a9ff29d4d3.jpg?v=1780917410,https://cdn.shopify.com/s/files/1/0943/0738/5730/files/baby-natur-pink-braided-crib-bumper-baby-toddler-a1b2c3d4_291a0001-77ba-4fd3-94a9-715d7e2730b7.jpg?v=1780917409,https://cdn.shopify.com/s/files/1/0943/0738/5730/files/baby-natur-lemon-print-sleep-sack-f3a7b9_0ccf18ea-328e-4427-8dde-70cb06769687.jpg?v=1780917409,https://cdn.shopify.com/s/files/1/0943/0738/5730/files/baby-natur-sleep-sack-legs-white-muslin-a1b2c3_901ffe3a-e9c6-4568-bb98-85c661cd169b.jpg?v=1780917409,https://cdn.shopify.com/s/files/1/0943/0738/5730/files/Vrecazaspavanjesnogavicama_323bf561-1f6b-4f15-9bd4-19afa8926162.jpg?v=1780917410,https://cdn.shopify.com/s/files/1/0943/0738/5730/files/baby-natur-floral-muslin-sleeping-bag-a1b2c3_fe46ff4e-9df6-4323-a0c8-64ca9e2b3aed.jpg?v=1780917409,https://cdn.shopify.com/s/files/1/0943/0738/5730/files/Vrecazaspavanjesnogavicama_3_ddbb6c7e-2b32-4966-9ac4-62933ac1f13a.jpg?v=1780917410,https://cdn.shopify.com/s/files/1/0943/0738/5730/files/Vrecazaspavanjesnogavicama_5_1162b03f-14b3-4928-9ad0-62215b0e16fa.jpg?v=1780917410,https://cdn.shopify.com/s/files/1/0943/0738/5730/files/Vrecazaspavanjesnogavicama_6_eb9e92b8-c4cf-4d77-9b32-6966f939f536.jpg?v=1780917410	in_stock	new	52.00 EUR	46.80 EUR	Baby Natur		no		Vreća za spavanje		3-5 godina	Dvoslojno – PROLJEĆE I JESEN	Srca	
shopify_ZZ_15192324702594_56019083690370	15192324702594	Vreće za spavanje s nogavicama - Srca / S punjenjem – ZIMA / 6–18 mjeseci	Mirne noći započinju s pravim izborom. Baby Natur vreće za spavanje izrađene su od 100% tetra muslina, prirodnog, iznimno prozračnog i nježnog materijala koji omogućuje optimalnu cirkulaciju zraka tijekom cijele noći. Zahvaljujući svojim prirodnim svojstvima, tetra muslin pomaže u regulaciji tjelesne temperature, štiteći bebu od pregrijavanja ili pothlađivanja te osigurava ugodan i miran san. Sve naše vreće za spavanje nose OEKO-TEX® Standard 100 certifikat, što jamči da su potpuno sigurne za osjetljivu dječju kožu, bez štetnih tvari i kemikalija.	https://babynatur.hr/products/vrece-za-spavanje-s-nogavicama?variant=56019083690370	https://cdn.shopify.com/s/files/1/0943/0738/5730/files/Srca_051c056a-f983-4562-810b-698b3fed279f.jpg?v=1780917409	https://cdn.shopify.com/s/files/1/0943/0738/5730/files/baby-natur-sleep-sack-cherry-print-white-muslin-a1b2c3_dd640b53-9a15-4e22-b8b3-18228957326c.jpg?v=1780917409,https://cdn.shopify.com/s/files/1/0943/0738/5730/files/Vrecazaspavanjesnogavicama_10_85bda7aa-cf6f-4789-a82a-68a9ff29d4d3.jpg?v=1780917410,https://cdn.shopify.com/s/files/1/0943/0738/5730/files/baby-natur-pink-braided-crib-bumper-baby-toddler-a1b2c3d4_291a0001-77ba-4fd3-94a9-715d7e2730b7.jpg?v=1780917409,https://cdn.shopify.com/s/files/1/0943/0738/5730/files/baby-natur-lemon-print-sleep-sack-f3a7b9_0ccf18ea-328e-4427-8dde-70cb06769687.jpg?v=1780917409,https://cdn.shopify.com/s/files/1/0943/0738/5730/files/baby-natur-sleep-sack-legs-white-muslin-a1b2c3_901ffe3a-e9c6-4568-bb98-85c661cd169b.jpg?v=1780917409,https://cdn.shopify.com/s/files/1/0943/0738/5730/files/Vrecazaspavanjesnogavicama_323bf561-1f6b-4f15-9bd4-19afa8926162.jpg?v=1780917410,https://cdn.shopify.com/s/files/1/0943/0738/5730/files/baby-natur-floral-muslin-sleeping-bag-a1b2c3_fe46ff4e-9df6-4323-a0c8-64ca9e2b3aed.jpg?v=1780917409,https://cdn.shopify.com/s/files/1/0943/0738/5730/files/Vrecazaspavanjesnogavicama_3_ddbb6c7e-2b32-4966-9ac4-62933ac1f13a.jpg?v=1780917410,https://cdn.shopify.com/s/files/1/0943/0738/5730/files/Vrecazaspavanjesnogavicama_5_1162b03f-14b3-4928-9ad0-62215b0e16fa.jpg?v=1780917410,https://cdn.shopify.com/s/files/1/0943/0738/5730/files/Vrecazaspavanjesnogavicama_6_eb9e92b8-c4cf-4d77-9b32-6966f939f536.jpg?v=1780917410	in_stock	new	60.00 EUR	54.00 EUR	Baby Natur	BN-VR-S-NOG-3-Heart-S	yes		Vreća za spavanje		6–18 mjeseci	S punjenjem – ZIMA	Srca	
shopify_ZZ_15192324702594_56592233922946	15192324702594	Vreće za spavanje s nogavicama - Srca / S punjenjem – ZIMA / 1.5–3 godina	Mirne noći započinju s pravim izborom. Baby Natur vreće za spavanje izrađene su od 100% tetra muslina, prirodnog, iznimno prozračnog i nježnog materijala koji omogućuje optimalnu cirkulaciju zraka tijekom cijele noći. Zahvaljujući svojim prirodnim svojstvima, tetra muslin pomaže u regulaciji tjelesne temperature, štiteći bebu od pregrijavanja ili pothlađivanja te osigurava ugodan i miran san. Sve naše vreće za spavanje nose OEKO-TEX® Standard 100 certifikat, što jamči da su potpuno sigurne za osjetljivu dječju kožu, bez štetnih tvari i kemikalija.	https://babynatur.hr/products/vrece-za-spavanje-s-nogavicama?variant=56592233922946	https://cdn.shopify.com/s/files/1/0943/0738/5730/files/Srca_051c056a-f983-4562-810b-698b3fed279f.jpg?v=1780917409	https://cdn.shopify.com/s/files/1/0943/0738/5730/files/baby-natur-sleep-sack-cherry-print-white-muslin-a1b2c3_dd640b53-9a15-4e22-b8b3-18228957326c.jpg?v=1780917409,https://cdn.shopify.com/s/files/1/0943/0738/5730/files/Vrecazaspavanjesnogavicama_10_85bda7aa-cf6f-4789-a82a-68a9ff29d4d3.jpg?v=1780917410,https://cdn.shopify.com/s/files/1/0943/0738/5730/files/baby-natur-pink-braided-crib-bumper-baby-toddler-a1b2c3d4_291a0001-77ba-4fd3-94a9-715d7e2730b7.jpg?v=1780917409,https://cdn.shopify.com/s/files/1/0943/0738/5730/files/baby-natur-lemon-print-sleep-sack-f3a7b9_0ccf18ea-328e-4427-8dde-70cb06769687.jpg?v=1780917409,https://cdn.shopify.com/s/files/1/0943/0738/5730/files/baby-natur-sleep-sack-legs-white-muslin-a1b2c3_901ffe3a-e9c6-4568-bb98-85c661cd169b.jpg?v=1780917409,https://cdn.shopify.com/s/files/1/0943/0738/5730/files/Vrecazaspavanjesnogavicama_323bf561-1f6b-4f15-9bd4-19afa8926162.jpg?v=1780917410,https://cdn.shopify.com/s/files/1/0943/0738/5730/files/baby-natur-floral-muslin-sleeping-bag-a1b2c3_fe46ff4e-9df6-4323-a0c8-64ca9e2b3aed.jpg?v=1780917409,https://cdn.shopify.com/s/files/1/0943/0738/5730/files/Vrecazaspavanjesnogavicama_3_ddbb6c7e-2b32-4966-9ac4-62933ac1f13a.jpg?v=1780917410,https://cdn.shopify.com/s/files/1/0943/0738/5730/files/Vrecazaspavanjesnogavicama_5_1162b03f-14b3-4928-9ad0-62215b0e16fa.jpg?v=1780917410,https://cdn.shopify.com/s/files/1/0943/0738/5730/files/Vrecazaspavanjesnogavicama_6_eb9e92b8-c4cf-4d77-9b32-6966f939f536.jpg?v=1780917410	in_stock	new	60.00 EUR	54.00 EUR	Baby Natur		no		Vreća za spavanje		1.5–3 godina	S punjenjem – ZIMA	Srca	
shopify_ZZ_15192324702594_56592233955714	15192324702594	Vreće za spavanje s nogavicama - Srca / S punjenjem – ZIMA / 3-5 godina	Mirne noći započinju s pravim izborom. Baby Natur vreće za spavanje izrađene su od 100% tetra muslina, prirodnog, iznimno prozračnog i nježnog materijala koji omogućuje optimalnu cirkulaciju zraka tijekom cijele noći. Zahvaljujući svojim prirodnim svojstvima, tetra muslin pomaže u regulaciji tjelesne temperature, štiteći bebu od pregrijavanja ili pothlađivanja te osigurava ugodan i miran san. Sve naše vreće za spavanje nose OEKO-TEX® Standard 100 certifikat, što jamči da su potpuno sigurne za osjetljivu dječju kožu, bez štetnih tvari i kemikalija.	https://babynatur.hr/products/vrece-za-spavanje-s-nogavicama?variant=56592233955714	https://cdn.shopify.com/s/files/1/0943/0738/5730/files/Srca_051c056a-f983-4562-810b-698b3fed279f.jpg?v=1780917409	https://cdn.shopify.com/s/files/1/0943/0738/5730/files/baby-natur-sleep-sack-cherry-print-white-muslin-a1b2c3_dd640b53-9a15-4e22-b8b3-18228957326c.jpg?v=1780917409,https://cdn.shopify.com/s/files/1/0943/0738/5730/files/Vrecazaspavanjesnogavicama_10_85bda7aa-cf6f-4789-a82a-68a9ff29d4d3.jpg?v=1780917410,https://cdn.shopify.com/s/files/1/0943/0738/5730/files/baby-natur-pink-braided-crib-bumper-baby-toddler-a1b2c3d4_291a0001-77ba-4fd3-94a9-715d7e2730b7.jpg?v=1780917409,https://cdn.shopify.com/s/files/1/0943/0738/5730/files/baby-natur-lemon-print-sleep-sack-f3a7b9_0ccf18ea-328e-4427-8dde-70cb06769687.jpg?v=1780917409,https://cdn.shopify.com/s/files/1/0943/0738/5730/files/baby-natur-sleep-sack-legs-white-muslin-a1b2c3_901ffe3a-e9c6-4568-bb98-85c661cd169b.jpg?v=1780917409,https://cdn.shopify.com/s/files/1/0943/0738/5730/files/Vrecazaspavanjesnogavicama_323bf561-1f6b-4f15-9bd4-19afa8926162.jpg?v=1780917410,https://cdn.shopify.com/s/files/1/0943/0738/5730/files/baby-natur-floral-muslin-sleeping-bag-a1b2c3_fe46ff4e-9df6-4323-a0c8-64ca9e2b3aed.jpg?v=1780917409,https://cdn.shopify.com/s/files/1/0943/0738/5730/files/Vrecazaspavanjesnogavicama_3_ddbb6c7e-2b32-4966-9ac4-62933ac1f13a.jpg?v=1780917410,https://cdn.shopify.com/s/files/1/0943/0738/5730/files/Vrecazaspavanjesnogavicama_5_1162b03f-14b3-4928-9ad0-62215b0e16fa.jpg?v=1780917410,https://cdn.shopify.com/s/files/1/0943/0738/5730/files/Vrecazaspavanjesnogavicama_6_eb9e92b8-c4cf-4d77-9b32-6966f939f536.jpg?v=1780917410	in_stock	new	62.00 EUR	55.80 EUR	Baby Natur		no		Vreća za spavanje		3-5 godina	S punjenjem – ZIMA	Srca	
shopify_ZZ_15192324702594_56695593173378	15192324702594	Vreće za spavanje s nogavicama - Trešnjice / Jednoslojno – LJETO / 6–18 mjeseci	Mirne noći započinju s pravim izborom. Baby Natur vreće za spavanje izrađene su od 100% tetra muslina, prirodnog, iznimno prozračnog i nježnog materijala koji omogućuje optimalnu cirkulaciju zraka tijekom cijele noći. Zahvaljujući svojim prirodnim svojstvima, tetra muslin pomaže u regulaciji tjelesne temperature, štiteći bebu od pregrijavanja ili pothlađivanja te osigurava ugodan i miran san. Sve naše vreće za spavanje nose OEKO-TEX® Standard 100 certifikat, što jamči da su potpuno sigurne za osjetljivu dječju kožu, bez štetnih tvari i kemikalija.	https://babynatur.hr/products/vrece-za-spavanje-s-nogavicama?variant=56695593173378	https://cdn.shopify.com/s/files/1/0943/0738/5730/files/baby-natur-cherry-print-muslin-sleep-sack-a1b2c3d4_6955a9c7-91ee-44fb-804e-8e94894ff736.jpg?v=1780917409	https://cdn.shopify.com/s/files/1/0943/0738/5730/files/baby-natur-sleep-sack-cherry-print-white-muslin-a1b2c3_dd640b53-9a15-4e22-b8b3-18228957326c.jpg?v=1780917409,https://cdn.shopify.com/s/files/1/0943/0738/5730/files/Vrecazaspavanjesnogavicama_10_85bda7aa-cf6f-4789-a82a-68a9ff29d4d3.jpg?v=1780917410,https://cdn.shopify.com/s/files/1/0943/0738/5730/files/baby-natur-pink-braided-crib-bumper-baby-toddler-a1b2c3d4_291a0001-77ba-4fd3-94a9-715d7e2730b7.jpg?v=1780917409,https://cdn.shopify.com/s/files/1/0943/0738/5730/files/baby-natur-lemon-print-sleep-sack-f3a7b9_0ccf18ea-328e-4427-8dde-70cb06769687.jpg?v=1780917409,https://cdn.shopify.com/s/files/1/0943/0738/5730/files/baby-natur-sleep-sack-legs-white-muslin-a1b2c3_901ffe3a-e9c6-4568-bb98-85c661cd169b.jpg?v=1780917409,https://cdn.shopify.com/s/files/1/0943/0738/5730/files/Vrecazaspavanjesnogavicama_323bf561-1f6b-4f15-9bd4-19afa8926162.jpg?v=1780917410,https://cdn.shopify.com/s/files/1/0943/0738/5730/files/baby-natur-floral-muslin-sleeping-bag-a1b2c3_fe46ff4e-9df6-4323-a0c8-64ca9e2b3aed.jpg?v=1780917409,https://cdn.shopify.com/s/files/1/0943/0738/5730/files/Vrecazaspavanjesnogavicama_3_ddbb6c7e-2b32-4966-9ac4-62933ac1f13a.jpg?v=1780917410,https://cdn.shopify.com/s/files/1/0943/0738/5730/files/Vrecazaspavanjesnogavicama_5_1162b03f-14b3-4928-9ad0-62215b0e16fa.jpg?v=1780917410,https://cdn.shopify.com/s/files/1/0943/0738/5730/files/Vrecazaspavanjesnogavicama_6_eb9e92b8-c4cf-4d77-9b32-6966f939f536.jpg?v=1780917410	out_of_stock	new	42.00 EUR		Baby Natur		no		Vreća za spavanje		6–18 mjeseci	Jednoslojno – LJETO	Trešnjice	
shopify_ZZ_15192324702594_56695593206146	15192324702594	Vreće za spavanje s nogavicama - Trešnjice / Jednoslojno – LJETO / 1.5–3 godina	Mirne noći započinju s pravim izborom. Baby Natur vreće za spavanje izrađene su od 100% tetra muslina, prirodnog, iznimno prozračnog i nježnog materijala koji omogućuje optimalnu cirkulaciju zraka tijekom cijele noći. Zahvaljujući svojim prirodnim svojstvima, tetra muslin pomaže u regulaciji tjelesne temperature, štiteći bebu od pregrijavanja ili pothlađivanja te osigurava ugodan i miran san. Sve naše vreće za spavanje nose OEKO-TEX® Standard 100 certifikat, što jamči da su potpuno sigurne za osjetljivu dječju kožu, bez štetnih tvari i kemikalija.	https://babynatur.hr/products/vrece-za-spavanje-s-nogavicama?variant=56695593206146	https://cdn.shopify.com/s/files/1/0943/0738/5730/files/baby-natur-cherry-print-muslin-sleep-sack-a1b2c3d4_6955a9c7-91ee-44fb-804e-8e94894ff736.jpg?v=1780917409	https://cdn.shopify.com/s/files/1/0943/0738/5730/files/baby-natur-sleep-sack-cherry-print-white-muslin-a1b2c3_dd640b53-9a15-4e22-b8b3-18228957326c.jpg?v=1780917409,https://cdn.shopify.com/s/files/1/0943/0738/5730/files/Vrecazaspavanjesnogavicama_10_85bda7aa-cf6f-4789-a82a-68a9ff29d4d3.jpg?v=1780917410,https://cdn.shopify.com/s/files/1/0943/0738/5730/files/baby-natur-pink-braided-crib-bumper-baby-toddler-a1b2c3d4_291a0001-77ba-4fd3-94a9-715d7e2730b7.jpg?v=1780917409,https://cdn.shopify.com/s/files/1/0943/0738/5730/files/baby-natur-lemon-print-sleep-sack-f3a7b9_0ccf18ea-328e-4427-8dde-70cb06769687.jpg?v=1780917409,https://cdn.shopify.com/s/files/1/0943/0738/5730/files/baby-natur-sleep-sack-legs-white-muslin-a1b2c3_901ffe3a-e9c6-4568-bb98-85c661cd169b.jpg?v=1780917409,https://cdn.shopify.com/s/files/1/0943/0738/5730/files/Vrecazaspavanjesnogavicama_323bf561-1f6b-4f15-9bd4-19afa8926162.jpg?v=1780917410,https://cdn.shopify.com/s/files/1/0943/0738/5730/files/baby-natur-floral-muslin-sleeping-bag-a1b2c3_fe46ff4e-9df6-4323-a0c8-64ca9e2b3aed.jpg?v=1780917409,https://cdn.shopify.com/s/files/1/0943/0738/5730/files/Vrecazaspavanjesnogavicama_3_ddbb6c7e-2b32-4966-9ac4-62933ac1f13a.jpg?v=1780917410,https://cdn.shopify.com/s/files/1/0943/0738/5730/files/Vrecazaspavanjesnogavicama_5_1162b03f-14b3-4928-9ad0-62215b0e16fa.jpg?v=1780917410,https://cdn.shopify.com/s/files/1/0943/0738/5730/files/Vrecazaspavanjesnogavicama_6_eb9e92b8-c4cf-4d77-9b32-6966f939f536.jpg?v=1780917410	in_stock	new	42.00 EUR		Baby Natur		no		Vreća za spavanje		1.5–3 godina	Jednoslojno – LJETO	Trešnjice	
shopify_ZZ_15192324702594_56695593238914	15192324702594	Vreće za spavanje s nogavicama - Trešnjice / Jednoslojno – LJETO / 3-5 godina	Mirne noći započinju s pravim izborom. Baby Natur vreće za spavanje izrađene su od 100% tetra muslina, prirodnog, iznimno prozračnog i nježnog materijala koji omogućuje optimalnu cirkulaciju zraka tijekom cijele noći. Zahvaljujući svojim prirodnim svojstvima, tetra muslin pomaže u regulaciji tjelesne temperature, štiteći bebu od pregrijavanja ili pothlađivanja te osigurava ugodan i miran san. Sve naše vreće za spavanje nose OEKO-TEX® Standard 100 certifikat, što jamči da su potpuno sigurne za osjetljivu dječju kožu, bez štetnih tvari i kemikalija.	https://babynatur.hr/products/vrece-za-spavanje-s-nogavicama?variant=56695593238914	https://cdn.shopify.com/s/files/1/0943/0738/5730/files/baby-natur-cherry-print-muslin-sleep-sack-a1b2c3d4_6955a9c7-91ee-44fb-804e-8e94894ff736.jpg?v=1780917409	https://cdn.shopify.com/s/files/1/0943/0738/5730/files/baby-natur-sleep-sack-cherry-print-white-muslin-a1b2c3_dd640b53-9a15-4e22-b8b3-18228957326c.jpg?v=1780917409,https://cdn.shopify.com/s/files/1/0943/0738/5730/files/Vrecazaspavanjesnogavicama_10_85bda7aa-cf6f-4789-a82a-68a9ff29d4d3.jpg?v=1780917410,https://cdn.shopify.com/s/files/1/0943/0738/5730/files/baby-natur-pink-braided-crib-bumper-baby-toddler-a1b2c3d4_291a0001-77ba-4fd3-94a9-715d7e2730b7.jpg?v=1780917409,https://cdn.shopify.com/s/files/1/0943/0738/5730/files/baby-natur-lemon-print-sleep-sack-f3a7b9_0ccf18ea-328e-4427-8dde-70cb06769687.jpg?v=1780917409,https://cdn.shopify.com/s/files/1/0943/0738/5730/files/baby-natur-sleep-sack-legs-white-muslin-a1b2c3_901ffe3a-e9c6-4568-bb98-85c661cd169b.jpg?v=1780917409,https://cdn.shopify.com/s/files/1/0943/0738/5730/files/Vrecazaspavanjesnogavicama_323bf561-1f6b-4f15-9bd4-19afa8926162.jpg?v=1780917410,https://cdn.shopify.com/s/files/1/0943/0738/5730/files/baby-natur-floral-muslin-sleeping-bag-a1b2c3_fe46ff4e-9df6-4323-a0c8-64ca9e2b3aed.jpg?v=1780917409,https://cdn.shopify.com/s/files/1/0943/0738/5730/files/Vrecazaspavanjesnogavicama_3_ddbb6c7e-2b32-4966-9ac4-62933ac1f13a.jpg?v=1780917410,https://cdn.shopify.com/s/files/1/0943/0738/5730/files/Vrecazaspavanjesnogavicama_5_1162b03f-14b3-4928-9ad0-62215b0e16fa.jpg?v=1780917410,https://cdn.shopify.com/s/files/1/0943/0738/5730/files/Vrecazaspavanjesnogavicama_6_eb9e92b8-c4cf-4d77-9b32-6966f939f536.jpg?v=1780917410	in_stock	new	45.00 EUR		Baby Natur		no		Vreća za spavanje		3-5 godina	Jednoslojno – LJETO	Trešnjice	
shopify_ZZ_15192324702594_56695593271682	15192324702594	Vreće za spavanje s nogavicama - Trešnjice / Dvoslojno – PROLJEĆE I JESEN / 6–18 mjeseci	Mirne noći započinju s pravim izborom. Baby Natur vreće za spavanje izrađene su od 100% tetra muslina, prirodnog, iznimno prozračnog i nježnog materijala koji omogućuje optimalnu cirkulaciju zraka tijekom cijele noći. Zahvaljujući svojim prirodnim svojstvima, tetra muslin pomaže u regulaciji tjelesne temperature, štiteći bebu od pregrijavanja ili pothlađivanja te osigurava ugodan i miran san. Sve naše vreće za spavanje nose OEKO-TEX® Standard 100 certifikat, što jamči da su potpuno sigurne za osjetljivu dječju kožu, bez štetnih tvari i kemikalija.	https://babynatur.hr/products/vrece-za-spavanje-s-nogavicama?variant=56695593271682	https://cdn.shopify.com/s/files/1/0943/0738/5730/files/baby-natur-cherry-print-muslin-sleep-sack-a1b2c3d4_6955a9c7-91ee-44fb-804e-8e94894ff736.jpg?v=1780917409	https://cdn.shopify.com/s/files/1/0943/0738/5730/files/baby-natur-sleep-sack-cherry-print-white-muslin-a1b2c3_dd640b53-9a15-4e22-b8b3-18228957326c.jpg?v=1780917409,https://cdn.shopify.com/s/files/1/0943/0738/5730/files/Vrecazaspavanjesnogavicama_10_85bda7aa-cf6f-4789-a82a-68a9ff29d4d3.jpg?v=1780917410,https://cdn.shopify.com/s/files/1/0943/0738/5730/files/baby-natur-pink-braided-crib-bumper-baby-toddler-a1b2c3d4_291a0001-77ba-4fd3-94a9-715d7e2730b7.jpg?v=1780917409,https://cdn.shopify.com/s/files/1/0943/0738/5730/files/baby-natur-lemon-print-sleep-sack-f3a7b9_0ccf18ea-328e-4427-8dde-70cb06769687.jpg?v=1780917409,https://cdn.shopify.com/s/files/1/0943/0738/5730/files/baby-natur-sleep-sack-legs-white-muslin-a1b2c3_901ffe3a-e9c6-4568-bb98-85c661cd169b.jpg?v=1780917409,https://cdn.shopify.com/s/files/1/0943/0738/5730/files/Vrecazaspavanjesnogavicama_323bf561-1f6b-4f15-9bd4-19afa8926162.jpg?v=1780917410,https://cdn.shopify.com/s/files/1/0943/0738/5730/files/baby-natur-floral-muslin-sleeping-bag-a1b2c3_fe46ff4e-9df6-4323-a0c8-64ca9e2b3aed.jpg?v=1780917409,https://cdn.shopify.com/s/files/1/0943/0738/5730/files/Vrecazaspavanjesnogavicama_3_ddbb6c7e-2b32-4966-9ac4-62933ac1f13a.jpg?v=1780917410,https://cdn.shopify.com/s/files/1/0943/0738/5730/files/Vrecazaspavanjesnogavicama_5_1162b03f-14b3-4928-9ad0-62215b0e16fa.jpg?v=1780917410,https://cdn.shopify.com/s/files/1/0943/0738/5730/files/Vrecazaspavanjesnogavicama_6_eb9e92b8-c4cf-4d77-9b32-6966f939f536.jpg?v=1780917410	in_stock	new	50.00 EUR		Baby Natur		no		Vreća za spavanje		6–18 mjeseci	Dvoslojno – PROLJEĆE I JESEN	Trešnjice	
shopify_ZZ_15192324702594_56695593304450	15192324702594	Vreće za spavanje s nogavicama - Trešnjice / Dvoslojno – PROLJEĆE I JESEN / 1.5–3 godina	Mirne noći započinju s pravim izborom. Baby Natur vreće za spavanje izrađene su od 100% tetra muslina, prirodnog, iznimno prozračnog i nježnog materijala koji omogućuje optimalnu cirkulaciju zraka tijekom cijele noći. Zahvaljujući svojim prirodnim svojstvima, tetra muslin pomaže u regulaciji tjelesne temperature, štiteći bebu od pregrijavanja ili pothlađivanja te osigurava ugodan i miran san. Sve naše vreće za spavanje nose OEKO-TEX® Standard 100 certifikat, što jamči da su potpuno sigurne za osjetljivu dječju kožu, bez štetnih tvari i kemikalija.	https://babynatur.hr/products/vrece-za-spavanje-s-nogavicama?variant=56695593304450	https://cdn.shopify.com/s/files/1/0943/0738/5730/files/baby-natur-cherry-print-muslin-sleep-sack-a1b2c3d4_6955a9c7-91ee-44fb-804e-8e94894ff736.jpg?v=1780917409	https://cdn.shopify.com/s/files/1/0943/0738/5730/files/baby-natur-sleep-sack-cherry-print-white-muslin-a1b2c3_dd640b53-9a15-4e22-b8b3-18228957326c.jpg?v=1780917409,https://cdn.shopify.com/s/files/1/0943/0738/5730/files/Vrecazaspavanjesnogavicama_10_85bda7aa-cf6f-4789-a82a-68a9ff29d4d3.jpg?v=1780917410,https://cdn.shopify.com/s/files/1/0943/0738/5730/files/baby-natur-pink-braided-crib-bumper-baby-toddler-a1b2c3d4_291a0001-77ba-4fd3-94a9-715d7e2730b7.jpg?v=1780917409,https://cdn.shopify.com/s/files/1/0943/0738/5730/files/baby-natur-lemon-print-sleep-sack-f3a7b9_0ccf18ea-328e-4427-8dde-70cb06769687.jpg?v=1780917409,https://cdn.shopify.com/s/files/1/0943/0738/5730/files/baby-natur-sleep-sack-legs-white-muslin-a1b2c3_901ffe3a-e9c6-4568-bb98-85c661cd169b.jpg?v=1780917409,https://cdn.shopify.com/s/files/1/0943/0738/5730/files/Vrecazaspavanjesnogavicama_323bf561-1f6b-4f15-9bd4-19afa8926162.jpg?v=1780917410,https://cdn.shopify.com/s/files/1/0943/0738/5730/files/baby-natur-floral-muslin-sleeping-bag-a1b2c3_fe46ff4e-9df6-4323-a0c8-64ca9e2b3aed.jpg?v=1780917409,https://cdn.shopify.com/s/files/1/0943/0738/5730/files/Vrecazaspavanjesnogavicama_3_ddbb6c7e-2b32-4966-9ac4-62933ac1f13a.jpg?v=1780917410,https://cdn.shopify.com/s/files/1/0943/0738/5730/files/Vrecazaspavanjesnogavicama_5_1162b03f-14b3-4928-9ad0-62215b0e16fa.jpg?v=1780917410,https://cdn.shopify.com/s/files/1/0943/0738/5730/files/Vrecazaspavanjesnogavicama_6_eb9e92b8-c4cf-4d77-9b32-6966f939f536.jpg?v=1780917410	in_stock	new	50.00 EUR		Baby Natur		no		Vreća za spavanje		1.5–3 godina	Dvoslojno – PROLJEĆE I JESEN	Trešnjice	
shopify_ZZ_15192324702594_56695593337218	15192324702594	Vreće za spavanje s nogavicama - Trešnjice / Dvoslojno – PROLJEĆE I JESEN / 3-5 godina	Mirne noći započinju s pravim izborom. Baby Natur vreće za spavanje izrađene su od 100% tetra muslina, prirodnog, iznimno prozračnog i nježnog materijala koji omogućuje optimalnu cirkulaciju zraka tijekom cijele noći. Zahvaljujući svojim prirodnim svojstvima, tetra muslin pomaže u regulaciji tjelesne temperature, štiteći bebu od pregrijavanja ili pothlađivanja te osigurava ugodan i miran san. Sve naše vreće za spavanje nose OEKO-TEX® Standard 100 certifikat, što jamči da su potpuno sigurne za osjetljivu dječju kožu, bez štetnih tvari i kemikalija.	https://babynatur.hr/products/vrece-za-spavanje-s-nogavicama?variant=56695593337218	https://cdn.shopify.com/s/files/1/0943/0738/5730/files/baby-natur-cherry-print-muslin-sleep-sack-a1b2c3d4_6955a9c7-91ee-44fb-804e-8e94894ff736.jpg?v=1780917409	https://cdn.shopify.com/s/files/1/0943/0738/5730/files/baby-natur-sleep-sack-cherry-print-white-muslin-a1b2c3_dd640b53-9a15-4e22-b8b3-18228957326c.jpg?v=1780917409,https://cdn.shopify.com/s/files/1/0943/0738/5730/files/Vrecazaspavanjesnogavicama_10_85bda7aa-cf6f-4789-a82a-68a9ff29d4d3.jpg?v=1780917410,https://cdn.shopify.com/s/files/1/0943/0738/5730/files/baby-natur-pink-braided-crib-bumper-baby-toddler-a1b2c3d4_291a0001-77ba-4fd3-94a9-715d7e2730b7.jpg?v=1780917409,https://cdn.shopify.com/s/files/1/0943/0738/5730/files/baby-natur-lemon-print-sleep-sack-f3a7b9_0ccf18ea-328e-4427-8dde-70cb06769687.jpg?v=1780917409,https://cdn.shopify.com/s/files/1/0943/0738/5730/files/baby-natur-sleep-sack-legs-white-muslin-a1b2c3_901ffe3a-e9c6-4568-bb98-85c661cd169b.jpg?v=1780917409,https://cdn.shopify.com/s/files/1/0943/0738/5730/files/Vrecazaspavanjesnogavicama_323bf561-1f6b-4f15-9bd4-19afa8926162.jpg?v=1780917410,https://cdn.shopify.com/s/files/1/0943/0738/5730/files/baby-natur-floral-muslin-sleeping-bag-a1b2c3_fe46ff4e-9df6-4323-a0c8-64ca9e2b3aed.jpg?v=1780917409,https://cdn.shopify.com/s/files/1/0943/0738/5730/files/Vrecazaspavanjesnogavicama_3_ddbb6c7e-2b32-4966-9ac4-62933ac1f13a.jpg?v=1780917410,https://cdn.shopify.com/s/files/1/0943/0738/5730/files/Vrecazaspavanjesnogavicama_5_1162b03f-14b3-4928-9ad0-62215b0e16fa.jpg?v=1780917410,https://cdn.shopify.com/s/files/1/0943/0738/5730/files/Vrecazaspavanjesnogavicama_6_eb9e92b8-c4cf-4d77-9b32-6966f939f536.jpg?v=1780917410	in_stock	new	52.00 EUR		Baby Natur		no		Vreća za spavanje		3-5 godina	Dvoslojno – PROLJEĆE I JESEN	Trešnjice	
shopify_ZZ_15192324702594_56695593369986	15192324702594	Vreće za spavanje s nogavicama - Trešnjice / S punjenjem – ZIMA / 6–18 mjeseci	Mirne noći započinju s pravim izborom. Baby Natur vreće za spavanje izrađene su od 100% tetra muslina, prirodnog, iznimno prozračnog i nježnog materijala koji omogućuje optimalnu cirkulaciju zraka tijekom cijele noći. Zahvaljujući svojim prirodnim svojstvima, tetra muslin pomaže u regulaciji tjelesne temperature, štiteći bebu od pregrijavanja ili pothlađivanja te osigurava ugodan i miran san. Sve naše vreće za spavanje nose OEKO-TEX® Standard 100 certifikat, što jamči da su potpuno sigurne za osjetljivu dječju kožu, bez štetnih tvari i kemikalija.	https://babynatur.hr/products/vrece-za-spavanje-s-nogavicama?variant=56695593369986	https://cdn.shopify.com/s/files/1/0943/0738/5730/files/baby-natur-cherry-print-muslin-sleep-sack-a1b2c3d4_6955a9c7-91ee-44fb-804e-8e94894ff736.jpg?v=1780917409	https://cdn.shopify.com/s/files/1/0943/0738/5730/files/baby-natur-sleep-sack-cherry-print-white-muslin-a1b2c3_dd640b53-9a15-4e22-b8b3-18228957326c.jpg?v=1780917409,https://cdn.shopify.com/s/files/1/0943/0738/5730/files/Vrecazaspavanjesnogavicama_10_85bda7aa-cf6f-4789-a82a-68a9ff29d4d3.jpg?v=1780917410,https://cdn.shopify.com/s/files/1/0943/0738/5730/files/baby-natur-pink-braided-crib-bumper-baby-toddler-a1b2c3d4_291a0001-77ba-4fd3-94a9-715d7e2730b7.jpg?v=1780917409,https://cdn.shopify.com/s/files/1/0943/0738/5730/files/baby-natur-lemon-print-sleep-sack-f3a7b9_0ccf18ea-328e-4427-8dde-70cb06769687.jpg?v=1780917409,https://cdn.shopify.com/s/files/1/0943/0738/5730/files/baby-natur-sleep-sack-legs-white-muslin-a1b2c3_901ffe3a-e9c6-4568-bb98-85c661cd169b.jpg?v=1780917409,https://cdn.shopify.com/s/files/1/0943/0738/5730/files/Vrecazaspavanjesnogavicama_323bf561-1f6b-4f15-9bd4-19afa8926162.jpg?v=1780917410,https://cdn.shopify.com/s/files/1/0943/0738/5730/files/baby-natur-floral-muslin-sleeping-bag-a1b2c3_fe46ff4e-9df6-4323-a0c8-64ca9e2b3aed.jpg?v=1780917409,https://cdn.shopify.com/s/files/1/0943/0738/5730/files/Vrecazaspavanjesnogavicama_3_ddbb6c7e-2b32-4966-9ac4-62933ac1f13a.jpg?v=1780917410,https://cdn.shopify.com/s/files/1/0943/0738/5730/files/Vrecazaspavanjesnogavicama_5_1162b03f-14b3-4928-9ad0-62215b0e16fa.jpg?v=1780917410,https://cdn.shopify.com/s/files/1/0943/0738/5730/files/Vrecazaspavanjesnogavicama_6_eb9e92b8-c4cf-4d77-9b32-6966f939f536.jpg?v=1780917410	in_stock	new	60.00 EUR		Baby Natur		no		Vreća za spavanje		6–18 mjeseci	S punjenjem – ZIMA	Trešnjice	
shopify_ZZ_15192324702594_56695593402754	15192324702594	Vreće za spavanje s nogavicama - Trešnjice / S punjenjem – ZIMA / 1.5–3 godina	Mirne noći započinju s pravim izborom. Baby Natur vreće za spavanje izrađene su od 100% tetra muslina, prirodnog, iznimno prozračnog i nježnog materijala koji omogućuje optimalnu cirkulaciju zraka tijekom cijele noći. Zahvaljujući svojim prirodnim svojstvima, tetra muslin pomaže u regulaciji tjelesne temperature, štiteći bebu od pregrijavanja ili pothlađivanja te osigurava ugodan i miran san. Sve naše vreće za spavanje nose OEKO-TEX® Standard 100 certifikat, što jamči da su potpuno sigurne za osjetljivu dječju kožu, bez štetnih tvari i kemikalija.	https://babynatur.hr/products/vrece-za-spavanje-s-nogavicama?variant=56695593402754	https://cdn.shopify.com/s/files/1/0943/0738/5730/files/baby-natur-cherry-print-muslin-sleep-sack-a1b2c3d4_6955a9c7-91ee-44fb-804e-8e94894ff736.jpg?v=1780917409	https://cdn.shopify.com/s/files/1/0943/0738/5730/files/baby-natur-sleep-sack-cherry-print-white-muslin-a1b2c3_dd640b53-9a15-4e22-b8b3-18228957326c.jpg?v=1780917409,https://cdn.shopify.com/s/files/1/0943/0738/5730/files/Vrecazaspavanjesnogavicama_10_85bda7aa-cf6f-4789-a82a-68a9ff29d4d3.jpg?v=1780917410,https://cdn.shopify.com/s/files/1/0943/0738/5730/files/baby-natur-pink-braided-crib-bumper-baby-toddler-a1b2c3d4_291a0001-77ba-4fd3-94a9-715d7e2730b7.jpg?v=1780917409,https://cdn.shopify.com/s/files/1/0943/0738/5730/files/baby-natur-lemon-print-sleep-sack-f3a7b9_0ccf18ea-328e-4427-8dde-70cb06769687.jpg?v=1780917409,https://cdn.shopify.com/s/files/1/0943/0738/5730/files/baby-natur-sleep-sack-legs-white-muslin-a1b2c3_901ffe3a-e9c6-4568-bb98-85c661cd169b.jpg?v=1780917409,https://cdn.shopify.com/s/files/1/0943/0738/5730/files/Vrecazaspavanjesnogavicama_323bf561-1f6b-4f15-9bd4-19afa8926162.jpg?v=1780917410,https://cdn.shopify.com/s/files/1/0943/0738/5730/files/baby-natur-floral-muslin-sleeping-bag-a1b2c3_fe46ff4e-9df6-4323-a0c8-64ca9e2b3aed.jpg?v=1780917409,https://cdn.shopify.com/s/files/1/0943/0738/5730/files/Vrecazaspavanjesnogavicama_3_ddbb6c7e-2b32-4966-9ac4-62933ac1f13a.jpg?v=1780917410,https://cdn.shopify.com/s/files/1/0943/0738/5730/files/Vrecazaspavanjesnogavicama_5_1162b03f-14b3-4928-9ad0-62215b0e16fa.jpg?v=1780917410,https://cdn.shopify.com/s/files/1/0943/0738/5730/files/Vrecazaspavanjesnogavicama_6_eb9e92b8-c4cf-4d77-9b32-6966f939f536.jpg?v=1780917410	in_stock	new	60.00 EUR		Baby Natur		no		Vreća za spavanje		1.5–3 godina	S punjenjem – ZIMA	Trešnjice	
shopify_ZZ_15192324702594_56695593435522	15192324702594	Vreće za spavanje s nogavicama - Trešnjice / S punjenjem – ZIMA / 3-5 godina	Mirne noći započinju s pravim izborom. Baby Natur vreće za spavanje izrađene su od 100% tetra muslina, prirodnog, iznimno prozračnog i nježnog materijala koji omogućuje optimalnu cirkulaciju zraka tijekom cijele noći. Zahvaljujući svojim prirodnim svojstvima, tetra muslin pomaže u regulaciji tjelesne temperature, štiteći bebu od pregrijavanja ili pothlađivanja te osigurava ugodan i miran san. Sve naše vreće za spavanje nose OEKO-TEX® Standard 100 certifikat, što jamči da su potpuno sigurne za osjetljivu dječju kožu, bez štetnih tvari i kemikalija.	https://babynatur.hr/products/vrece-za-spavanje-s-nogavicama?variant=56695593435522	https://cdn.shopify.com/s/files/1/0943/0738/5730/files/baby-natur-cherry-print-muslin-sleep-sack-a1b2c3d4_6955a9c7-91ee-44fb-804e-8e94894ff736.jpg?v=1780917409	https://cdn.shopify.com/s/files/1/0943/0738/5730/files/baby-natur-sleep-sack-cherry-print-white-muslin-a1b2c3_dd640b53-9a15-4e22-b8b3-18228957326c.jpg?v=1780917409,https://cdn.shopify.com/s/files/1/0943/0738/5730/files/Vrecazaspavanjesnogavicama_10_85bda7aa-cf6f-4789-a82a-68a9ff29d4d3.jpg?v=1780917410,https://cdn.shopify.com/s/files/1/0943/0738/5730/files/baby-natur-pink-braided-crib-bumper-baby-toddler-a1b2c3d4_291a0001-77ba-4fd3-94a9-715d7e2730b7.jpg?v=1780917409,https://cdn.shopify.com/s/files/1/0943/0738/5730/files/baby-natur-lemon-print-sleep-sack-f3a7b9_0ccf18ea-328e-4427-8dde-70cb06769687.jpg?v=1780917409,https://cdn.shopify.com/s/files/1/0943/0738/5730/files/baby-natur-sleep-sack-legs-white-muslin-a1b2c3_901ffe3a-e9c6-4568-bb98-85c661cd169b.jpg?v=1780917409,https://cdn.shopify.com/s/files/1/0943/0738/5730/files/Vrecazaspavanjesnogavicama_323bf561-1f6b-4f15-9bd4-19afa8926162.jpg?v=1780917410,https://cdn.shopify.com/s/files/1/0943/0738/5730/files/baby-natur-floral-muslin-sleeping-bag-a1b2c3_fe46ff4e-9df6-4323-a0c8-64ca9e2b3aed.jpg?v=1780917409,https://cdn.shopify.com/s/files/1/0943/0738/5730/files/Vrecazaspavanjesnogavicama_3_ddbb6c7e-2b32-4966-9ac4-62933ac1f13a.jpg?v=1780917410,https://cdn.shopify.com/s/files/1/0943/0738/5730/files/Vrecazaspavanjesnogavicama_5_1162b03f-14b3-4928-9ad0-62215b0e16fa.jpg?v=1780917410,https://cdn.shopify.com/s/files/1/0943/0738/5730/files/Vrecazaspavanjesnogavicama_6_eb9e92b8-c4cf-4d77-9b32-6966f939f536.jpg?v=1780917410	in_stock	new	62.00 EUR		Baby Natur		no		Vreća za spavanje		3-5 godina	S punjenjem – ZIMA	Trešnjice	
shopify_ZZ_15192324702594_56695593468290	15192324702594	Vreće za spavanje s nogavicama - Cvjetići / Jednoslojno – LJETO / 6–18 mjeseci	Mirne noći započinju s pravim izborom. Baby Natur vreće za spavanje izrađene su od 100% tetra muslina, prirodnog, iznimno prozračnog i nježnog materijala koji omogućuje optimalnu cirkulaciju zraka tijekom cijele noći. Zahvaljujući svojim prirodnim svojstvima, tetra muslin pomaže u regulaciji tjelesne temperature, štiteći bebu od pregrijavanja ili pothlađivanja te osigurava ugodan i miran san. Sve naše vreće za spavanje nose OEKO-TEX® Standard 100 certifikat, što jamči da su potpuno sigurne za osjetljivu dječju kožu, bez štetnih tvari i kemikalija.	https://babynatur.hr/products/vrece-za-spavanje-s-nogavicama?variant=56695593468290	https://cdn.shopify.com/s/files/1/0943/0738/5730/files/baby-natur-floral-muslin-sleeping-bag-f7a3b1c9_9d3259c4-f573-4f12-b56e-b2baef93e9f8.jpg?v=1780917409	https://cdn.shopify.com/s/files/1/0943/0738/5730/files/baby-natur-sleep-sack-cherry-print-white-muslin-a1b2c3_dd640b53-9a15-4e22-b8b3-18228957326c.jpg?v=1780917409,https://cdn.shopify.com/s/files/1/0943/0738/5730/files/Vrecazaspavanjesnogavicama_10_85bda7aa-cf6f-4789-a82a-68a9ff29d4d3.jpg?v=1780917410,https://cdn.shopify.com/s/files/1/0943/0738/5730/files/baby-natur-pink-braided-crib-bumper-baby-toddler-a1b2c3d4_291a0001-77ba-4fd3-94a9-715d7e2730b7.jpg?v=1780917409,https://cdn.shopify.com/s/files/1/0943/0738/5730/files/baby-natur-lemon-print-sleep-sack-f3a7b9_0ccf18ea-328e-4427-8dde-70cb06769687.jpg?v=1780917409,https://cdn.shopify.com/s/files/1/0943/0738/5730/files/baby-natur-sleep-sack-legs-white-muslin-a1b2c3_901ffe3a-e9c6-4568-bb98-85c661cd169b.jpg?v=1780917409,https://cdn.shopify.com/s/files/1/0943/0738/5730/files/Vrecazaspavanjesnogavicama_323bf561-1f6b-4f15-9bd4-19afa8926162.jpg?v=1780917410,https://cdn.shopify.com/s/files/1/0943/0738/5730/files/baby-natur-floral-muslin-sleeping-bag-a1b2c3_fe46ff4e-9df6-4323-a0c8-64ca9e2b3aed.jpg?v=1780917409,https://cdn.shopify.com/s/files/1/0943/0738/5730/files/Vrecazaspavanjesnogavicama_3_ddbb6c7e-2b32-4966-9ac4-62933ac1f13a.jpg?v=1780917410,https://cdn.shopify.com/s/files/1/0943/0738/5730/files/Vrecazaspavanjesnogavicama_5_1162b03f-14b3-4928-9ad0-62215b0e16fa.jpg?v=1780917410,https://cdn.shopify.com/s/files/1/0943/0738/5730/files/Vrecazaspavanjesnogavicama_6_eb9e92b8-c4cf-4d77-9b32-6966f939f536.jpg?v=1780917410	out_of_stock	new	42.00 EUR		Baby Natur		no		Vreća za spavanje		6–18 mjeseci	Jednoslojno – LJETO	Cvjetići	
shopify_ZZ_15192324702594_56695593501058	15192324702594	Vreće za spavanje s nogavicama - Cvjetići / Jednoslojno – LJETO / 1.5–3 godina	Mirne noći započinju s pravim izborom. Baby Natur vreće za spavanje izrađene su od 100% tetra muslina, prirodnog, iznimno prozračnog i nježnog materijala koji omogućuje optimalnu cirkulaciju zraka tijekom cijele noći. Zahvaljujući svojim prirodnim svojstvima, tetra muslin pomaže u regulaciji tjelesne temperature, štiteći bebu od pregrijavanja ili pothlađivanja te osigurava ugodan i miran san. Sve naše vreće za spavanje nose OEKO-TEX® Standard 100 certifikat, što jamči da su potpuno sigurne za osjetljivu dječju kožu, bez štetnih tvari i kemikalija.	https://babynatur.hr/products/vrece-za-spavanje-s-nogavicama?variant=56695593501058	https://cdn.shopify.com/s/files/1/0943/0738/5730/files/baby-natur-floral-muslin-sleeping-bag-f7a3b1c9_9d3259c4-f573-4f12-b56e-b2baef93e9f8.jpg?v=1780917409	https://cdn.shopify.com/s/files/1/0943/0738/5730/files/baby-natur-sleep-sack-cherry-print-white-muslin-a1b2c3_dd640b53-9a15-4e22-b8b3-18228957326c.jpg?v=1780917409,https://cdn.shopify.com/s/files/1/0943/0738/5730/files/Vrecazaspavanjesnogavicama_10_85bda7aa-cf6f-4789-a82a-68a9ff29d4d3.jpg?v=1780917410,https://cdn.shopify.com/s/files/1/0943/0738/5730/files/baby-natur-pink-braided-crib-bumper-baby-toddler-a1b2c3d4_291a0001-77ba-4fd3-94a9-715d7e2730b7.jpg?v=1780917409,https://cdn.shopify.com/s/files/1/0943/0738/5730/files/baby-natur-lemon-print-sleep-sack-f3a7b9_0ccf18ea-328e-4427-8dde-70cb06769687.jpg?v=1780917409,https://cdn.shopify.com/s/files/1/0943/0738/5730/files/baby-natur-sleep-sack-legs-white-muslin-a1b2c3_901ffe3a-e9c6-4568-bb98-85c661cd169b.jpg?v=1780917409,https://cdn.shopify.com/s/files/1/0943/0738/5730/files/Vrecazaspavanjesnogavicama_323bf561-1f6b-4f15-9bd4-19afa8926162.jpg?v=1780917410,https://cdn.shopify.com/s/files/1/0943/0738/5730/files/baby-natur-floral-muslin-sleeping-bag-a1b2c3_fe46ff4e-9df6-4323-a0c8-64ca9e2b3aed.jpg?v=1780917409,https://cdn.shopify.com/s/files/1/0943/0738/5730/files/Vrecazaspavanjesnogavicama_3_ddbb6c7e-2b32-4966-9ac4-62933ac1f13a.jpg?v=1780917410,https://cdn.shopify.com/s/files/1/0943/0738/5730/files/Vrecazaspavanjesnogavicama_5_1162b03f-14b3-4928-9ad0-62215b0e16fa.jpg?v=1780917410,https://cdn.shopify.com/s/files/1/0943/0738/5730/files/Vrecazaspavanjesnogavicama_6_eb9e92b8-c4cf-4d77-9b32-6966f939f536.jpg?v=1780917410	in_stock	new	42.00 EUR		Baby Natur		no		Vreća za spavanje		1.5–3 godina	Jednoslojno – LJETO	Cvjetići	
shopify_ZZ_15192324702594_56695593533826	15192324702594	Vreće za spavanje s nogavicama - Cvjetići / Jednoslojno – LJETO / 3-5 godina	Mirne noći započinju s pravim izborom. Baby Natur vreće za spavanje izrađene su od 100% tetra muslina, prirodnog, iznimno prozračnog i nježnog materijala koji omogućuje optimalnu cirkulaciju zraka tijekom cijele noći. Zahvaljujući svojim prirodnim svojstvima, tetra muslin pomaže u regulaciji tjelesne temperature, štiteći bebu od pregrijavanja ili pothlađivanja te osigurava ugodan i miran san. Sve naše vreće za spavanje nose OEKO-TEX® Standard 100 certifikat, što jamči da su potpuno sigurne za osjetljivu dječju kožu, bez štetnih tvari i kemikalija.	https://babynatur.hr/products/vrece-za-spavanje-s-nogavicama?variant=56695593533826	https://cdn.shopify.com/s/files/1/0943/0738/5730/files/baby-natur-floral-muslin-sleeping-bag-f7a3b1c9_9d3259c4-f573-4f12-b56e-b2baef93e9f8.jpg?v=1780917409	https://cdn.shopify.com/s/files/1/0943/0738/5730/files/baby-natur-sleep-sack-cherry-print-white-muslin-a1b2c3_dd640b53-9a15-4e22-b8b3-18228957326c.jpg?v=1780917409,https://cdn.shopify.com/s/files/1/0943/0738/5730/files/Vrecazaspavanjesnogavicama_10_85bda7aa-cf6f-4789-a82a-68a9ff29d4d3.jpg?v=1780917410,https://cdn.shopify.com/s/files/1/0943/0738/5730/files/baby-natur-pink-braided-crib-bumper-baby-toddler-a1b2c3d4_291a0001-77ba-4fd3-94a9-715d7e2730b7.jpg?v=1780917409,https://cdn.shopify.com/s/files/1/0943/0738/5730/files/baby-natur-lemon-print-sleep-sack-f3a7b9_0ccf18ea-328e-4427-8dde-70cb06769687.jpg?v=1780917409,https://cdn.shopify.com/s/files/1/0943/0738/5730/files/baby-natur-sleep-sack-legs-white-muslin-a1b2c3_901ffe3a-e9c6-4568-bb98-85c661cd169b.jpg?v=1780917409,https://cdn.shopify.com/s/files/1/0943/0738/5730/files/Vrecazaspavanjesnogavicama_323bf561-1f6b-4f15-9bd4-19afa8926162.jpg?v=1780917410,https://cdn.shopify.com/s/files/1/0943/0738/5730/files/baby-natur-floral-muslin-sleeping-bag-a1b2c3_fe46ff4e-9df6-4323-a0c8-64ca9e2b3aed.jpg?v=1780917409,https://cdn.shopify.com/s/files/1/0943/0738/5730/files/Vrecazaspavanjesnogavicama_3_ddbb6c7e-2b32-4966-9ac4-62933ac1f13a.jpg?v=1780917410,https://cdn.shopify.com/s/files/1/0943/0738/5730/files/Vrecazaspavanjesnogavicama_5_1162b03f-14b3-4928-9ad0-62215b0e16fa.jpg?v=1780917410,https://cdn.shopify.com/s/files/1/0943/0738/5730/files/Vrecazaspavanjesnogavicama_6_eb9e92b8-c4cf-4d77-9b32-6966f939f536.jpg?v=1780917410	out_of_stock	new	45.00 EUR		Baby Natur		no		Vreća za spavanje		3-5 godina	Jednoslojno – LJETO	Cvjetići	
shopify_ZZ_15192324702594_56695593566594	15192324702594	Vreće za spavanje s nogavicama - Cvjetići / Dvoslojno – PROLJEĆE I JESEN / 6–18 mjeseci	Mirne noći započinju s pravim izborom. Baby Natur vreće za spavanje izrađene su od 100% tetra muslina, prirodnog, iznimno prozračnog i nježnog materijala koji omogućuje optimalnu cirkulaciju zraka tijekom cijele noći. Zahvaljujući svojim prirodnim svojstvima, tetra muslin pomaže u regulaciji tjelesne temperature, štiteći bebu od pregrijavanja ili pothlađivanja te osigurava ugodan i miran san. Sve naše vreće za spavanje nose OEKO-TEX® Standard 100 certifikat, što jamči da su potpuno sigurne za osjetljivu dječju kožu, bez štetnih tvari i kemikalija.	https://babynatur.hr/products/vrece-za-spavanje-s-nogavicama?variant=56695593566594	https://cdn.shopify.com/s/files/1/0943/0738/5730/files/baby-natur-floral-muslin-sleeping-bag-f7a3b1c9_9d3259c4-f573-4f12-b56e-b2baef93e9f8.jpg?v=1780917409	https://cdn.shopify.com/s/files/1/0943/0738/5730/files/baby-natur-sleep-sack-cherry-print-white-muslin-a1b2c3_dd640b53-9a15-4e22-b8b3-18228957326c.jpg?v=1780917409,https://cdn.shopify.com/s/files/1/0943/0738/5730/files/Vrecazaspavanjesnogavicama_10_85bda7aa-cf6f-4789-a82a-68a9ff29d4d3.jpg?v=1780917410,https://cdn.shopify.com/s/files/1/0943/0738/5730/files/baby-natur-pink-braided-crib-bumper-baby-toddler-a1b2c3d4_291a0001-77ba-4fd3-94a9-715d7e2730b7.jpg?v=1780917409,https://cdn.shopify.com/s/files/1/0943/0738/5730/files/baby-natur-lemon-print-sleep-sack-f3a7b9_0ccf18ea-328e-4427-8dde-70cb06769687.jpg?v=1780917409,https://cdn.shopify.com/s/files/1/0943/0738/5730/files/baby-natur-sleep-sack-legs-white-muslin-a1b2c3_901ffe3a-e9c6-4568-bb98-85c661cd169b.jpg?v=1780917409,https://cdn.shopify.com/s/files/1/0943/0738/5730/files/Vrecazaspavanjesnogavicama_323bf561-1f6b-4f15-9bd4-19afa8926162.jpg?v=1780917410,https://cdn.shopify.com/s/files/1/0943/0738/5730/files/baby-natur-floral-muslin-sleeping-bag-a1b2c3_fe46ff4e-9df6-4323-a0c8-64ca9e2b3aed.jpg?v=1780917409,https://cdn.shopify.com/s/files/1/0943/0738/5730/files/Vrecazaspavanjesnogavicama_3_ddbb6c7e-2b32-4966-9ac4-62933ac1f13a.jpg?v=1780917410,https://cdn.shopify.com/s/files/1/0943/0738/5730/files/Vrecazaspavanjesnogavicama_5_1162b03f-14b3-4928-9ad0-62215b0e16fa.jpg?v=1780917410,https://cdn.shopify.com/s/files/1/0943/0738/5730/files/Vrecazaspavanjesnogavicama_6_eb9e92b8-c4cf-4d77-9b32-6966f939f536.jpg?v=1780917410	in_stock	new	50.00 EUR		Baby Natur		no		Vreća za spavanje		6–18 mjeseci	Dvoslojno – PROLJEĆE I JESEN	Cvjetići	
shopify_ZZ_15192324702594_56695593599362	15192324702594	Vreće za spavanje s nogavicama - Cvjetići / Dvoslojno – PROLJEĆE I JESEN / 1.5–3 godina	Mirne noći započinju s pravim izborom. Baby Natur vreće za spavanje izrađene su od 100% tetra muslina, prirodnog, iznimno prozračnog i nježnog materijala koji omogućuje optimalnu cirkulaciju zraka tijekom cijele noći. Zahvaljujući svojim prirodnim svojstvima, tetra muslin pomaže u regulaciji tjelesne temperature, štiteći bebu od pregrijavanja ili pothlađivanja te osigurava ugodan i miran san. Sve naše vreće za spavanje nose OEKO-TEX® Standard 100 certifikat, što jamči da su potpuno sigurne za osjetljivu dječju kožu, bez štetnih tvari i kemikalija.	https://babynatur.hr/products/vrece-za-spavanje-s-nogavicama?variant=56695593599362	https://cdn.shopify.com/s/files/1/0943/0738/5730/files/baby-natur-floral-muslin-sleeping-bag-f7a3b1c9_9d3259c4-f573-4f12-b56e-b2baef93e9f8.jpg?v=1780917409	https://cdn.shopify.com/s/files/1/0943/0738/5730/files/baby-natur-sleep-sack-cherry-print-white-muslin-a1b2c3_dd640b53-9a15-4e22-b8b3-18228957326c.jpg?v=1780917409,https://cdn.shopify.com/s/files/1/0943/0738/5730/files/Vrecazaspavanjesnogavicama_10_85bda7aa-cf6f-4789-a82a-68a9ff29d4d3.jpg?v=1780917410,https://cdn.shopify.com/s/files/1/0943/0738/5730/files/baby-natur-pink-braided-crib-bumper-baby-toddler-a1b2c3d4_291a0001-77ba-4fd3-94a9-715d7e2730b7.jpg?v=1780917409,https://cdn.shopify.com/s/files/1/0943/0738/5730/files/baby-natur-lemon-print-sleep-sack-f3a7b9_0ccf18ea-328e-4427-8dde-70cb06769687.jpg?v=1780917409,https://cdn.shopify.com/s/files/1/0943/0738/5730/files/baby-natur-sleep-sack-legs-white-muslin-a1b2c3_901ffe3a-e9c6-4568-bb98-85c661cd169b.jpg?v=1780917409,https://cdn.shopify.com/s/files/1/0943/0738/5730/files/Vrecazaspavanjesnogavicama_323bf561-1f6b-4f15-9bd4-19afa8926162.jpg?v=1780917410,https://cdn.shopify.com/s/files/1/0943/0738/5730/files/baby-natur-floral-muslin-sleeping-bag-a1b2c3_fe46ff4e-9df6-4323-a0c8-64ca9e2b3aed.jpg?v=1780917409,https://cdn.shopify.com/s/files/1/0943/0738/5730/files/Vrecazaspavanjesnogavicama_3_ddbb6c7e-2b32-4966-9ac4-62933ac1f13a.jpg?v=1780917410,https://cdn.shopify.com/s/files/1/0943/0738/5730/files/Vrecazaspavanjesnogavicama_5_1162b03f-14b3-4928-9ad0-62215b0e16fa.jpg?v=1780917410,https://cdn.shopify.com/s/files/1/0943/0738/5730/files/Vrecazaspavanjesnogavicama_6_eb9e92b8-c4cf-4d77-9b32-6966f939f536.jpg?v=1780917410	in_stock	new	50.00 EUR		Baby Natur		no		Vreća za spavanje		1.5–3 godina	Dvoslojno – PROLJEĆE I JESEN	Cvjetići	
shopify_ZZ_15192324702594_56695593632130	15192324702594	Vreće za spavanje s nogavicama - Cvjetići / Dvoslojno – PROLJEĆE I JESEN / 3-5 godina	Mirne noći započinju s pravim izborom. Baby Natur vreće za spavanje izrađene su od 100% tetra muslina, prirodnog, iznimno prozračnog i nježnog materijala koji omogućuje optimalnu cirkulaciju zraka tijekom cijele noći. Zahvaljujući svojim prirodnim svojstvima, tetra muslin pomaže u regulaciji tjelesne temperature, štiteći bebu od pregrijavanja ili pothlađivanja te osigurava ugodan i miran san. Sve naše vreće za spavanje nose OEKO-TEX® Standard 100 certifikat, što jamči da su potpuno sigurne za osjetljivu dječju kožu, bez štetnih tvari i kemikalija.	https://babynatur.hr/products/vrece-za-spavanje-s-nogavicama?variant=56695593632130	https://cdn.shopify.com/s/files/1/0943/0738/5730/files/baby-natur-floral-muslin-sleeping-bag-f7a3b1c9_9d3259c4-f573-4f12-b56e-b2baef93e9f8.jpg?v=1780917409	https://cdn.shopify.com/s/files/1/0943/0738/5730/files/baby-natur-sleep-sack-cherry-print-white-muslin-a1b2c3_dd640b53-9a15-4e22-b8b3-18228957326c.jpg?v=1780917409,https://cdn.shopify.com/s/files/1/0943/0738/5730/files/Vrecazaspavanjesnogavicama_10_85bda7aa-cf6f-4789-a82a-68a9ff29d4d3.jpg?v=1780917410,https://cdn.shopify.com/s/files/1/0943/0738/5730/files/baby-natur-pink-braided-crib-bumper-baby-toddler-a1b2c3d4_291a0001-77ba-4fd3-94a9-715d7e2730b7.jpg?v=1780917409,https://cdn.shopify.com/s/files/1/0943/0738/5730/files/baby-natur-lemon-print-sleep-sack-f3a7b9_0ccf18ea-328e-4427-8dde-70cb06769687.jpg?v=1780917409,https://cdn.shopify.com/s/files/1/0943/0738/5730/files/baby-natur-sleep-sack-legs-white-muslin-a1b2c3_901ffe3a-e9c6-4568-bb98-85c661cd169b.jpg?v=1780917409,https://cdn.shopify.com/s/files/1/0943/0738/5730/files/Vrecazaspavanjesnogavicama_323bf561-1f6b-4f15-9bd4-19afa8926162.jpg?v=1780917410,https://cdn.shopify.com/s/files/1/0943/0738/5730/files/baby-natur-floral-muslin-sleeping-bag-a1b2c3_fe46ff4e-9df6-4323-a0c8-64ca9e2b3aed.jpg?v=1780917409,https://cdn.shopify.com/s/files/1/0943/0738/5730/files/Vrecazaspavanjesnogavicama_3_ddbb6c7e-2b32-4966-9ac4-62933ac1f13a.jpg?v=1780917410,https://cdn.shopify.com/s/files/1/0943/0738/5730/files/Vrecazaspavanjesnogavicama_5_1162b03f-14b3-4928-9ad0-62215b0e16fa.jpg?v=1780917410,https://cdn.shopify.com/s/files/1/0943/0738/5730/files/Vrecazaspavanjesnogavicama_6_eb9e92b8-c4cf-4d77-9b32-6966f939f536.jpg?v=1780917410	in_stock	new	52.00 EUR		Baby Natur		no		Vreća za spavanje		3-5 godina	Dvoslojno – PROLJEĆE I JESEN	Cvjetići	
shopify_ZZ_15192324702594_56695593664898	15192324702594	Vreće za spavanje s nogavicama - Cvjetići / S punjenjem – ZIMA / 6–18 mjeseci	Mirne noći započinju s pravim izborom. Baby Natur vreće za spavanje izrađene su od 100% tetra muslina, prirodnog, iznimno prozračnog i nježnog materijala koji omogućuje optimalnu cirkulaciju zraka tijekom cijele noći. Zahvaljujući svojim prirodnim svojstvima, tetra muslin pomaže u regulaciji tjelesne temperature, štiteći bebu od pregrijavanja ili pothlađivanja te osigurava ugodan i miran san. Sve naše vreće za spavanje nose OEKO-TEX® Standard 100 certifikat, što jamči da su potpuno sigurne za osjetljivu dječju kožu, bez štetnih tvari i kemikalija.	https://babynatur.hr/products/vrece-za-spavanje-s-nogavicama?variant=56695593664898	https://cdn.shopify.com/s/files/1/0943/0738/5730/files/baby-natur-floral-muslin-sleeping-bag-f7a3b1c9_9d3259c4-f573-4f12-b56e-b2baef93e9f8.jpg?v=1780917409	https://cdn.shopify.com/s/files/1/0943/0738/5730/files/baby-natur-sleep-sack-cherry-print-white-muslin-a1b2c3_dd640b53-9a15-4e22-b8b3-18228957326c.jpg?v=1780917409,https://cdn.shopify.com/s/files/1/0943/0738/5730/files/Vrecazaspavanjesnogavicama_10_85bda7aa-cf6f-4789-a82a-68a9ff29d4d3.jpg?v=1780917410,https://cdn.shopify.com/s/files/1/0943/0738/5730/files/baby-natur-pink-braided-crib-bumper-baby-toddler-a1b2c3d4_291a0001-77ba-4fd3-94a9-715d7e2730b7.jpg?v=1780917409,https://cdn.shopify.com/s/files/1/0943/0738/5730/files/baby-natur-lemon-print-sleep-sack-f3a7b9_0ccf18ea-328e-4427-8dde-70cb06769687.jpg?v=1780917409,https://cdn.shopify.com/s/files/1/0943/0738/5730/files/baby-natur-sleep-sack-legs-white-muslin-a1b2c3_901ffe3a-e9c6-4568-bb98-85c661cd169b.jpg?v=1780917409,https://cdn.shopify.com/s/files/1/0943/0738/5730/files/Vrecazaspavanjesnogavicama_323bf561-1f6b-4f15-9bd4-19afa8926162.jpg?v=1780917410,https://cdn.shopify.com/s/files/1/0943/0738/5730/files/baby-natur-floral-muslin-sleeping-bag-a1b2c3_fe46ff4e-9df6-4323-a0c8-64ca9e2b3aed.jpg?v=1780917409,https://cdn.shopify.com/s/files/1/0943/0738/5730/files/Vrecazaspavanjesnogavicama_3_ddbb6c7e-2b32-4966-9ac4-62933ac1f13a.jpg?v=1780917410,https://cdn.shopify.com/s/files/1/0943/0738/5730/files/Vrecazaspavanjesnogavicama_5_1162b03f-14b3-4928-9ad0-62215b0e16fa.jpg?v=1780917410,https://cdn.shopify.com/s/files/1/0943/0738/5730/files/Vrecazaspavanjesnogavicama_6_eb9e92b8-c4cf-4d77-9b32-6966f939f536.jpg?v=1780917410	in_stock	new	60.00 EUR		Baby Natur		no		Vreća za spavanje		6–18 mjeseci	S punjenjem – ZIMA	Cvjetići	
shopify_ZZ_15192324702594_56695593697666	15192324702594	Vreće za spavanje s nogavicama - Cvjetići / S punjenjem – ZIMA / 1.5–3 godina	Mirne noći započinju s pravim izborom. Baby Natur vreće za spavanje izrađene su od 100% tetra muslina, prirodnog, iznimno prozračnog i nježnog materijala koji omogućuje optimalnu cirkulaciju zraka tijekom cijele noći. Zahvaljujući svojim prirodnim svojstvima, tetra muslin pomaže u regulaciji tjelesne temperature, štiteći bebu od pregrijavanja ili pothlađivanja te osigurava ugodan i miran san. Sve naše vreće za spavanje nose OEKO-TEX® Standard 100 certifikat, što jamči da su potpuno sigurne za osjetljivu dječju kožu, bez štetnih tvari i kemikalija.	https://babynatur.hr/products/vrece-za-spavanje-s-nogavicama?variant=56695593697666	https://cdn.shopify.com/s/files/1/0943/0738/5730/files/baby-natur-floral-muslin-sleeping-bag-f7a3b1c9_9d3259c4-f573-4f12-b56e-b2baef93e9f8.jpg?v=1780917409	https://cdn.shopify.com/s/files/1/0943/0738/5730/files/baby-natur-sleep-sack-cherry-print-white-muslin-a1b2c3_dd640b53-9a15-4e22-b8b3-18228957326c.jpg?v=1780917409,https://cdn.shopify.com/s/files/1/0943/0738/5730/files/Vrecazaspavanjesnogavicama_10_85bda7aa-cf6f-4789-a82a-68a9ff29d4d3.jpg?v=1780917410,https://cdn.shopify.com/s/files/1/0943/0738/5730/files/baby-natur-pink-braided-crib-bumper-baby-toddler-a1b2c3d4_291a0001-77ba-4fd3-94a9-715d7e2730b7.jpg?v=1780917409,https://cdn.shopify.com/s/files/1/0943/0738/5730/files/baby-natur-lemon-print-sleep-sack-f3a7b9_0ccf18ea-328e-4427-8dde-70cb06769687.jpg?v=1780917409,https://cdn.shopify.com/s/files/1/0943/0738/5730/files/baby-natur-sleep-sack-legs-white-muslin-a1b2c3_901ffe3a-e9c6-4568-bb98-85c661cd169b.jpg?v=1780917409,https://cdn.shopify.com/s/files/1/0943/0738/5730/files/Vrecazaspavanjesnogavicama_323bf561-1f6b-4f15-9bd4-19afa8926162.jpg?v=1780917410,https://cdn.shopify.com/s/files/1/0943/0738/5730/files/baby-natur-floral-muslin-sleeping-bag-a1b2c3_fe46ff4e-9df6-4323-a0c8-64ca9e2b3aed.jpg?v=1780917409,https://cdn.shopify.com/s/files/1/0943/0738/5730/files/Vrecazaspavanjesnogavicama_3_ddbb6c7e-2b32-4966-9ac4-62933ac1f13a.jpg?v=1780917410,https://cdn.shopify.com/s/files/1/0943/0738/5730/files/Vrecazaspavanjesnogavicama_5_1162b03f-14b3-4928-9ad0-62215b0e16fa.jpg?v=1780917410,https://cdn.shopify.com/s/files/1/0943/0738/5730/files/Vrecazaspavanjesnogavicama_6_eb9e92b8-c4cf-4d77-9b32-6966f939f536.jpg?v=1780917410	in_stock	new	60.00 EUR		Baby Natur		no		Vreća za spavanje		1.5–3 godina	S punjenjem – ZIMA	Cvjetići	
shopify_ZZ_15192324702594_56695593730434	15192324702594	Vreće za spavanje s nogavicama - Cvjetići / S punjenjem – ZIMA / 3-5 godina	Mirne noći započinju s pravim izborom. Baby Natur vreće za spavanje izrađene su od 100% tetra muslina, prirodnog, iznimno prozračnog i nježnog materijala koji omogućuje optimalnu cirkulaciju zraka tijekom cijele noći. Zahvaljujući svojim prirodnim svojstvima, tetra muslin pomaže u regulaciji tjelesne temperature, štiteći bebu od pregrijavanja ili pothlađivanja te osigurava ugodan i miran san. Sve naše vreće za spavanje nose OEKO-TEX® Standard 100 certifikat, što jamči da su potpuno sigurne za osjetljivu dječju kožu, bez štetnih tvari i kemikalija.	https://babynatur.hr/products/vrece-za-spavanje-s-nogavicama?variant=56695593730434	https://cdn.shopify.com/s/files/1/0943/0738/5730/files/baby-natur-floral-muslin-sleeping-bag-f7a3b1c9_9d3259c4-f573-4f12-b56e-b2baef93e9f8.jpg?v=1780917409	https://cdn.shopify.com/s/files/1/0943/0738/5730/files/baby-natur-sleep-sack-cherry-print-white-muslin-a1b2c3_dd640b53-9a15-4e22-b8b3-18228957326c.jpg?v=1780917409,https://cdn.shopify.com/s/files/1/0943/0738/5730/files/Vrecazaspavanjesnogavicama_10_85bda7aa-cf6f-4789-a82a-68a9ff29d4d3.jpg?v=1780917410,https://cdn.shopify.com/s/files/1/0943/0738/5730/files/baby-natur-pink-braided-crib-bumper-baby-toddler-a1b2c3d4_291a0001-77ba-4fd3-94a9-715d7e2730b7.jpg?v=1780917409,https://cdn.shopify.com/s/files/1/0943/0738/5730/files/baby-natur-lemon-print-sleep-sack-f3a7b9_0ccf18ea-328e-4427-8dde-70cb06769687.jpg?v=1780917409,https://cdn.shopify.com/s/files/1/0943/0738/5730/files/baby-natur-sleep-sack-legs-white-muslin-a1b2c3_901ffe3a-e9c6-4568-bb98-85c661cd169b.jpg?v=1780917409,https://cdn.shopify.com/s/files/1/0943/0738/5730/files/Vrecazaspavanjesnogavicama_323bf561-1f6b-4f15-9bd4-19afa8926162.jpg?v=1780917410,https://cdn.shopify.com/s/files/1/0943/0738/5730/files/baby-natur-floral-muslin-sleeping-bag-a1b2c3_fe46ff4e-9df6-4323-a0c8-64ca9e2b3aed.jpg?v=1780917409,https://cdn.shopify.com/s/files/1/0943/0738/5730/files/Vrecazaspavanjesnogavicama_3_ddbb6c7e-2b32-4966-9ac4-62933ac1f13a.jpg?v=1780917410,https://cdn.shopify.com/s/files/1/0943/0738/5730/files/Vrecazaspavanjesnogavicama_5_1162b03f-14b3-4928-9ad0-62215b0e16fa.jpg?v=1780917410,https://cdn.shopify.com/s/files/1/0943/0738/5730/files/Vrecazaspavanjesnogavicama_6_eb9e92b8-c4cf-4d77-9b32-6966f939f536.jpg?v=1780917410	in_stock	new	62.00 EUR		Baby Natur		no		Vreća za spavanje		3-5 godina	S punjenjem – ZIMA	Cvjetići	
shopify_ZZ_15192324604290_56019082281346	15192324604290	Muslin prekrivači - Medo	Naše dekice od dvoslojnog muslina izvrstan su izbor za prijelazna razdoblja. Osiguravaju da se vaši mališani uvijek osjećaju ugodno u krevetiću ili kolicima. Dekice su izuzetno mekane i nježne prema dječjoj koži.	https://babynatur.hr/products/muslin-prekrivaci?variant=56019082281346	https://cdn.shopify.com/s/files/1/0943/0738/5730/files/Muslin_prekrivac_za_bebe_i_djecu_medo.webp?v=1775806762	https://cdn.shopify.com/s/files/1/0943/0738/5730/files/babynatur-muslin-swaddles-floral-cherry-lemon-print-a1b2c3.jpg?v=1780512828,https://cdn.shopify.com/s/files/1/0943/0738/5730/files/babynatur-muslin-swaddle-blanket-cherry-floral-print-a1b2c3d4.jpg?v=1780512828,https://cdn.shopify.com/s/files/1/0943/0738/5730/files/babynatur-muslin-swaddle-blankets-cherry-lemon-print-a1b2c3d4.jpg?v=1780512828,https://cdn.shopify.com/s/files/1/0943/0738/5730/files/babynatur-muslin-cherry-blanket-a1b2c3d4.jpg?v=1780512828,https://cdn.shopify.com/s/files/1/0943/0738/5730/files/babynatur-muslin-blanket-floral-ruffle-a1b2c3d4.jpg?v=1780512828,https://cdn.shopify.com/s/files/1/0943/0738/5730/files/Muslin_prekrivac_za_bebe_i_djecu1.jpg?v=1776576495,https://cdn.shopify.com/s/files/1/0943/0738/5730/files/Personalizirana_dekica_8.jpg?v=1776576495,https://cdn.shopify.com/s/files/1/0943/0738/5730/files/Muslin_prekrivac_za_bebe_i_djecu2.jpg?v=1775806762,https://cdn.shopify.com/s/files/1/0943/0738/5730/files/babynatur-muslin-swaddle-blanket-floral-ruffle-a1b2c3.jpg?v=1780512828,https://cdn.shopify.com/s/files/1/0943/0738/5730/files/Personalizirana_dekica_020.jpg?v=1775806762	in_stock	new	38.50 EUR		Baby Natur	BN-D-MP-Bear	yes		Prekrivači				Medo	
shopify_ZZ_15192324604290_56019082314114	15192324604290	Muslin prekrivači - Krem	Naše dekice od dvoslojnog muslina izvrstan su izbor za prijelazna razdoblja. Osiguravaju da se vaši mališani uvijek osjećaju ugodno u krevetiću ili kolicima. Dekice su izuzetno mekane i nježne prema dječjoj koži.	https://babynatur.hr/products/muslin-prekrivaci?variant=56019082314114	https://cdn.shopify.com/s/files/1/0943/0738/5730/files/Muslin_prekrivac_za_bebe_i_djecu_krem.webp?v=1775806762	https://cdn.shopify.com/s/files/1/0943/0738/5730/files/babynatur-muslin-swaddles-floral-cherry-lemon-print-a1b2c3.jpg?v=1780512828,https://cdn.shopify.com/s/files/1/0943/0738/5730/files/babynatur-muslin-swaddle-blanket-cherry-floral-print-a1b2c3d4.jpg?v=1780512828,https://cdn.shopify.com/s/files/1/0943/0738/5730/files/babynatur-muslin-swaddle-blankets-cherry-lemon-print-a1b2c3d4.jpg?v=1780512828,https://cdn.shopify.com/s/files/1/0943/0738/5730/files/babynatur-muslin-cherry-blanket-a1b2c3d4.jpg?v=1780512828,https://cdn.shopify.com/s/files/1/0943/0738/5730/files/babynatur-muslin-blanket-floral-ruffle-a1b2c3d4.jpg?v=1780512828,https://cdn.shopify.com/s/files/1/0943/0738/5730/files/Muslin_prekrivac_za_bebe_i_djecu1.jpg?v=1776576495,https://cdn.shopify.com/s/files/1/0943/0738/5730/files/Personalizirana_dekica_8.jpg?v=1776576495,https://cdn.shopify.com/s/files/1/0943/0738/5730/files/Muslin_prekrivac_za_bebe_i_djecu2.jpg?v=1775806762,https://cdn.shopify.com/s/files/1/0943/0738/5730/files/babynatur-muslin-swaddle-blanket-floral-ruffle-a1b2c3.jpg?v=1780512828,https://cdn.shopify.com/s/files/1/0943/0738/5730/files/Personalizirana_dekica_020.jpg?v=1775806762	in_stock	new	38.50 EUR		Baby Natur	BN-D-MP-Beige	yes		Prekrivači				Krem	
shopify_ZZ_15192324604290_56695701930370	15192324604290	Muslin prekrivači - Limuni	Naše dekice od dvoslojnog muslina izvrstan su izbor za prijelazna razdoblja. Osiguravaju da se vaši mališani uvijek osjećaju ugodno u krevetiću ili kolicima. Dekice su izuzetno mekane i nježne prema dječjoj koži.	https://babynatur.hr/products/muslin-prekrivaci?variant=56695701930370	https://cdn.shopify.com/s/files/1/0943/0738/5730/files/babynatur-muslin-lemon-blanket-a3b4c5.jpg?v=1780512829	https://cdn.shopify.com/s/files/1/0943/0738/5730/files/babynatur-muslin-swaddles-floral-cherry-lemon-print-a1b2c3.jpg?v=1780512828,https://cdn.shopify.com/s/files/1/0943/0738/5730/files/babynatur-muslin-swaddle-blanket-cherry-floral-print-a1b2c3d4.jpg?v=1780512828,https://cdn.shopify.com/s/files/1/0943/0738/5730/files/babynatur-muslin-swaddle-blankets-cherry-lemon-print-a1b2c3d4.jpg?v=1780512828,https://cdn.shopify.com/s/files/1/0943/0738/5730/files/babynatur-muslin-cherry-blanket-a1b2c3d4.jpg?v=1780512828,https://cdn.shopify.com/s/files/1/0943/0738/5730/files/babynatur-muslin-blanket-floral-ruffle-a1b2c3d4.jpg?v=1780512828,https://cdn.shopify.com/s/files/1/0943/0738/5730/files/Muslin_prekrivac_za_bebe_i_djecu1.jpg?v=1776576495,https://cdn.shopify.com/s/files/1/0943/0738/5730/files/Personalizirana_dekica_8.jpg?v=1776576495,https://cdn.shopify.com/s/files/1/0943/0738/5730/files/Muslin_prekrivac_za_bebe_i_djecu2.jpg?v=1775806762,https://cdn.shopify.com/s/files/1/0943/0738/5730/files/babynatur-muslin-swaddle-blanket-floral-ruffle-a1b2c3.jpg?v=1780512828,https://cdn.shopify.com/s/files/1/0943/0738/5730/files/Personalizirana_dekica_020.jpg?v=1775806762	in_stock	new	38.50 EUR		Baby Natur		no		Prekrivači				Limuni	
shopify_ZZ_15192324604290_56019082346882	15192324604290	Muslin prekrivači - Krem s cvjetićima	Naše dekice od dvoslojnog muslina izvrstan su izbor za prijelazna razdoblja. Osiguravaju da se vaši mališani uvijek osjećaju ugodno u krevetiću ili kolicima. Dekice su izuzetno mekane i nježne prema dječjoj koži.	https://babynatur.hr/products/muslin-prekrivaci?variant=56019082346882	https://cdn.shopify.com/s/files/1/0943/0738/5730/files/Muslin_prekrivac_za_bebe_i_djecu_krem_s_cvjeticima.webp?v=1775806762	https://cdn.shopify.com/s/files/1/0943/0738/5730/files/babynatur-muslin-swaddles-floral-cherry-lemon-print-a1b2c3.jpg?v=1780512828,https://cdn.shopify.com/s/files/1/0943/0738/5730/files/babynatur-muslin-swaddle-blanket-cherry-floral-print-a1b2c3d4.jpg?v=1780512828,https://cdn.shopify.com/s/files/1/0943/0738/5730/files/babynatur-muslin-swaddle-blankets-cherry-lemon-print-a1b2c3d4.jpg?v=1780512828,https://cdn.shopify.com/s/files/1/0943/0738/5730/files/babynatur-muslin-cherry-blanket-a1b2c3d4.jpg?v=1780512828,https://cdn.shopify.com/s/files/1/0943/0738/5730/files/babynatur-muslin-blanket-floral-ruffle-a1b2c3d4.jpg?v=1780512828,https://cdn.shopify.com/s/files/1/0943/0738/5730/files/Muslin_prekrivac_za_bebe_i_djecu1.jpg?v=1776576495,https://cdn.shopify.com/s/files/1/0943/0738/5730/files/Personalizirana_dekica_8.jpg?v=1776576495,https://cdn.shopify.com/s/files/1/0943/0738/5730/files/Muslin_prekrivac_za_bebe_i_djecu2.jpg?v=1775806762,https://cdn.shopify.com/s/files/1/0943/0738/5730/files/babynatur-muslin-swaddle-blanket-floral-ruffle-a1b2c3.jpg?v=1780512828,https://cdn.shopify.com/s/files/1/0943/0738/5730/files/Personalizirana_dekica_020.jpg?v=1775806762	in_stock	new	38.50 EUR		Baby Natur	BN-D-MP-Beige-Flowers	yes		Prekrivači				Krem s cvjetićima	
shopify_ZZ_15192324604290_56695701864834	15192324604290	Muslin prekrivači - Trešnjice	Naše dekice od dvoslojnog muslina izvrstan su izbor za prijelazna razdoblja. Osiguravaju da se vaši mališani uvijek osjećaju ugodno u krevetiću ili kolicima. Dekice su izuzetno mekane i nježne prema dječjoj koži.	https://babynatur.hr/products/muslin-prekrivaci?variant=56695701864834	https://cdn.shopify.com/s/files/1/0943/0738/5730/files/babynatur-muslin-cherry-print-blanket-a1b2c3d4.jpg?v=1780512829	https://cdn.shopify.com/s/files/1/0943/0738/5730/files/babynatur-muslin-swaddles-floral-cherry-lemon-print-a1b2c3.jpg?v=1780512828,https://cdn.shopify.com/s/files/1/0943/0738/5730/files/babynatur-muslin-swaddle-blanket-cherry-floral-print-a1b2c3d4.jpg?v=1780512828,https://cdn.shopify.com/s/files/1/0943/0738/5730/files/babynatur-muslin-swaddle-blankets-cherry-lemon-print-a1b2c3d4.jpg?v=1780512828,https://cdn.shopify.com/s/files/1/0943/0738/5730/files/babynatur-muslin-cherry-blanket-a1b2c3d4.jpg?v=1780512828,https://cdn.shopify.com/s/files/1/0943/0738/5730/files/babynatur-muslin-blanket-floral-ruffle-a1b2c3d4.jpg?v=1780512828,https://cdn.shopify.com/s/files/1/0943/0738/5730/files/Muslin_prekrivac_za_bebe_i_djecu1.jpg?v=1776576495,https://cdn.shopify.com/s/files/1/0943/0738/5730/files/Personalizirana_dekica_8.jpg?v=1776576495,https://cdn.shopify.com/s/files/1/0943/0738/5730/files/Muslin_prekrivac_za_bebe_i_djecu2.jpg?v=1775806762,https://cdn.shopify.com/s/files/1/0943/0738/5730/files/babynatur-muslin-swaddle-blanket-floral-ruffle-a1b2c3.jpg?v=1780512828,https://cdn.shopify.com/s/files/1/0943/0738/5730/files/Personalizirana_dekica_020.jpg?v=1775806762	in_stock	new	38.50 EUR		Baby Natur		no		Prekrivači				Trešnjice	
shopify_ZZ_15192324604290_56695701897602	15192324604290	Muslin prekrivači - Cvjetići	Naše dekice od dvoslojnog muslina izvrstan su izbor za prijelazna razdoblja. Osiguravaju da se vaši mališani uvijek osjećaju ugodno u krevetiću ili kolicima. Dekice su izuzetno mekane i nježne prema dječjoj koži.	https://babynatur.hr/products/muslin-prekrivaci?variant=56695701897602	https://cdn.shopify.com/s/files/1/0943/0738/5730/files/babynatur-muslin-swaddle-blanket-floral-print-a1b2c3d4.jpg?v=1780512829	https://cdn.shopify.com/s/files/1/0943/0738/5730/files/babynatur-muslin-swaddles-floral-cherry-lemon-print-a1b2c3.jpg?v=1780512828,https://cdn.shopify.com/s/files/1/0943/0738/5730/files/babynatur-muslin-swaddle-blanket-cherry-floral-print-a1b2c3d4.jpg?v=1780512828,https://cdn.shopify.com/s/files/1/0943/0738/5730/files/babynatur-muslin-swaddle-blankets-cherry-lemon-print-a1b2c3d4.jpg?v=1780512828,https://cdn.shopify.com/s/files/1/0943/0738/5730/files/babynatur-muslin-cherry-blanket-a1b2c3d4.jpg?v=1780512828,https://cdn.shopify.com/s/files/1/0943/0738/5730/files/babynatur-muslin-blanket-floral-ruffle-a1b2c3d4.jpg?v=1780512828,https://cdn.shopify.com/s/files/1/0943/0738/5730/files/Muslin_prekrivac_za_bebe_i_djecu1.jpg?v=1776576495,https://cdn.shopify.com/s/files/1/0943/0738/5730/files/Personalizirana_dekica_8.jpg?v=1776576495,https://cdn.shopify.com/s/files/1/0943/0738/5730/files/Muslin_prekrivac_za_bebe_i_djecu2.jpg?v=1775806762,https://cdn.shopify.com/s/files/1/0943/0738/5730/files/babynatur-muslin-swaddle-blanket-floral-ruffle-a1b2c3.jpg?v=1780512828,https://cdn.shopify.com/s/files/1/0943/0738/5730/files/Personalizirana_dekica_020.jpg?v=1775806762	in_stock	new	38.50 EUR		Baby Natur		no		Prekrivači				Cvjetići	
shopify_ZZ_15192324637058_56019081265538	15192324637058	Plahta za dječji krevetić - 60x120x10 / Bijela	Baby Natur plahte za krevetiće izrađene su od mekanog, prozračnog i 100% prirodnog pamuka koji pruža nježnost i udobnost tijekom cijele noći. Savršeno pristaju dječjem madracu, perive su na 60°C i stvaraju sigurno, čisto i ugodno okruženje za bebin miran san. Dostupne u 4 najpopularnije veličine.	https://babynatur.hr/products/plahta?variant=56019081265538	https://cdn.shopify.com/s/files/1/0943/0738/5730/files/Plahta_za_djecji_krevetic_bijela.jpg?v=1780928469	https://cdn.shopify.com/s/files/1/0943/0738/5730/files/baby-natur-crib-sheet-cherry-print-cotton-a1b2c3d4_c5d9f4c5-552d-43a9-8a23-724cf3b10441.jpg?v=1780928469,https://cdn.shopify.com/s/files/1/0943/0738/5730/files/Plahta_za_djecji_krevetic_89a94cea-f81a-4a68-bc15-d59369463f5d.jpg?v=1780928469,https://cdn.shopify.com/s/files/1/0943/0738/5730/files/Plahta_za_djecji_krevetic_dc6b0277-31da-406a-8b79-1cc3e330fef6.jpg?v=1780928469,https://cdn.shopify.com/s/files/1/0943/0738/5730/files/Plahta_za_djecji_krevetic1.jpg?v=1780928469,https://cdn.shopify.com/s/files/1/0943/0738/5730/files/baby-natur-white-cherry-crib-sheet-a1b2c3d4_0a85fbee-5838-499e-acbb-c7ae7efca01a.jpg?v=1780928469,https://cdn.shopify.com/s/files/1/0943/0738/5730/files/Plahta_za_djecji_krevetic2.jpg?v=1780928469,https://cdn.shopify.com/s/files/1/0943/0738/5730/files/Plahta_za_djecji_krevetic_brundo.jpg?v=1780928469,https://cdn.shopify.com/s/files/1/0943/0738/5730/files/Plahta_za_djecji_krevetic_cvjeti_i.jpg?v=1780928468,https://cdn.shopify.com/s/files/1/0943/0738/5730/files/Plahta_za_djecji_krevetic_medo.jpg?v=1780928469,https://cdn.shopify.com/s/files/1/0943/0738/5730/files/Plahta_za_djecji_krevetic_srca.jpg?v=1780928469	in_stock	new	28.00 EUR		Baby Natur	BN-PL-S-White	yes		Spavanje	60x120x10			Bijela	
shopify_ZZ_15192324637058_56019081298306	15192324637058	Plahta za dječji krevetić - 60x120x10 / Brundo	Baby Natur plahte za krevetiće izrađene su od mekanog, prozračnog i 100% prirodnog pamuka koji pruža nježnost i udobnost tijekom cijele noći. Savršeno pristaju dječjem madracu, perive su na 60°C i stvaraju sigurno, čisto i ugodno okruženje za bebin miran san. Dostupne u 4 najpopularnije veličine.	https://babynatur.hr/products/plahta?variant=56019081298306	https://cdn.shopify.com/s/files/1/0943/0738/5730/files/Plahta_za_djecji_krevetic_brundo.jpg?v=1780928469	https://cdn.shopify.com/s/files/1/0943/0738/5730/files/baby-natur-crib-sheet-cherry-print-cotton-a1b2c3d4_c5d9f4c5-552d-43a9-8a23-724cf3b10441.jpg?v=1780928469,https://cdn.shopify.com/s/files/1/0943/0738/5730/files/Plahta_za_djecji_krevetic_89a94cea-f81a-4a68-bc15-d59369463f5d.jpg?v=1780928469,https://cdn.shopify.com/s/files/1/0943/0738/5730/files/Plahta_za_djecji_krevetic_dc6b0277-31da-406a-8b79-1cc3e330fef6.jpg?v=1780928469,https://cdn.shopify.com/s/files/1/0943/0738/5730/files/Plahta_za_djecji_krevetic1.jpg?v=1780928469,https://cdn.shopify.com/s/files/1/0943/0738/5730/files/baby-natur-white-cherry-crib-sheet-a1b2c3d4_0a85fbee-5838-499e-acbb-c7ae7efca01a.jpg?v=1780928469,https://cdn.shopify.com/s/files/1/0943/0738/5730/files/Plahta_za_djecji_krevetic2.jpg?v=1780928469,https://cdn.shopify.com/s/files/1/0943/0738/5730/files/Plahta_za_djecji_krevetic_bijela.jpg?v=1780928469,https://cdn.shopify.com/s/files/1/0943/0738/5730/files/Plahta_za_djecji_krevetic_cvjeti_i.jpg?v=1780928468,https://cdn.shopify.com/s/files/1/0943/0738/5730/files/Plahta_za_djecji_krevetic_medo.jpg?v=1780928469,https://cdn.shopify.com/s/files/1/0943/0738/5730/files/Plahta_za_djecji_krevetic_srca.jpg?v=1780928469	in_stock	new	28.00 EUR	25.00 EUR	Baby Natur	BN-PL-S-Teddy	yes		Spavanje	60x120x10			Brundo	
shopify_ZZ_15192324637058_56019081331074	15192324637058	Plahta za dječji krevetić - 60x120x10 / Cvjetići	Baby Natur plahte za krevetiće izrađene su od mekanog, prozračnog i 100% prirodnog pamuka koji pruža nježnost i udobnost tijekom cijele noći. Savršeno pristaju dječjem madracu, perive su na 60°C i stvaraju sigurno, čisto i ugodno okruženje za bebin miran san. Dostupne u 4 najpopularnije veličine.	https://babynatur.hr/products/plahta?variant=56019081331074	https://cdn.shopify.com/s/files/1/0943/0738/5730/files/Plahta_za_djecji_krevetic_cvjeti_i.jpg?v=1780928468	https://cdn.shopify.com/s/files/1/0943/0738/5730/files/baby-natur-crib-sheet-cherry-print-cotton-a1b2c3d4_c5d9f4c5-552d-43a9-8a23-724cf3b10441.jpg?v=1780928469,https://cdn.shopify.com/s/files/1/0943/0738/5730/files/Plahta_za_djecji_krevetic_89a94cea-f81a-4a68-bc15-d59369463f5d.jpg?v=1780928469,https://cdn.shopify.com/s/files/1/0943/0738/5730/files/Plahta_za_djecji_krevetic_dc6b0277-31da-406a-8b79-1cc3e330fef6.jpg?v=1780928469,https://cdn.shopify.com/s/files/1/0943/0738/5730/files/Plahta_za_djecji_krevetic1.jpg?v=1780928469,https://cdn.shopify.com/s/files/1/0943/0738/5730/files/baby-natur-white-cherry-crib-sheet-a1b2c3d4_0a85fbee-5838-499e-acbb-c7ae7efca01a.jpg?v=1780928469,https://cdn.shopify.com/s/files/1/0943/0738/5730/files/Plahta_za_djecji_krevetic2.jpg?v=1780928469,https://cdn.shopify.com/s/files/1/0943/0738/5730/files/Plahta_za_djecji_krevetic_bijela.jpg?v=1780928469,https://cdn.shopify.com/s/files/1/0943/0738/5730/files/Plahta_za_djecji_krevetic_brundo.jpg?v=1780928469,https://cdn.shopify.com/s/files/1/0943/0738/5730/files/Plahta_za_djecji_krevetic_medo.jpg?v=1780928469,https://cdn.shopify.com/s/files/1/0943/0738/5730/files/Plahta_za_djecji_krevetic_srca.jpg?v=1780928469	out_of_stock	new	28.00 EUR	25.00 EUR	Baby Natur	BN-PL-S-Flowers	yes		Spavanje	60x120x10			Cvjetići	
shopify_ZZ_15192324637058_56019081396610	15192324637058	Plahta za dječji krevetić - 60x120x10 / Medo	Baby Natur plahte za krevetiće izrađene su od mekanog, prozračnog i 100% prirodnog pamuka koji pruža nježnost i udobnost tijekom cijele noći. Savršeno pristaju dječjem madracu, perive su na 60°C i stvaraju sigurno, čisto i ugodno okruženje za bebin miran san. Dostupne u 4 najpopularnije veličine.	https://babynatur.hr/products/plahta?variant=56019081396610	https://cdn.shopify.com/s/files/1/0943/0738/5730/files/Plahta_za_djecji_krevetic_medo.jpg?v=1780928469	https://cdn.shopify.com/s/files/1/0943/0738/5730/files/baby-natur-crib-sheet-cherry-print-cotton-a1b2c3d4_c5d9f4c5-552d-43a9-8a23-724cf3b10441.jpg?v=1780928469,https://cdn.shopify.com/s/files/1/0943/0738/5730/files/Plahta_za_djecji_krevetic_89a94cea-f81a-4a68-bc15-d59369463f5d.jpg?v=1780928469,https://cdn.shopify.com/s/files/1/0943/0738/5730/files/Plahta_za_djecji_krevetic_dc6b0277-31da-406a-8b79-1cc3e330fef6.jpg?v=1780928469,https://cdn.shopify.com/s/files/1/0943/0738/5730/files/Plahta_za_djecji_krevetic1.jpg?v=1780928469,https://cdn.shopify.com/s/files/1/0943/0738/5730/files/baby-natur-white-cherry-crib-sheet-a1b2c3d4_0a85fbee-5838-499e-acbb-c7ae7efca01a.jpg?v=1780928469,https://cdn.shopify.com/s/files/1/0943/0738/5730/files/Plahta_za_djecji_krevetic2.jpg?v=1780928469,https://cdn.shopify.com/s/files/1/0943/0738/5730/files/Plahta_za_djecji_krevetic_bijela.jpg?v=1780928469,https://cdn.shopify.com/s/files/1/0943/0738/5730/files/Plahta_za_djecji_krevetic_brundo.jpg?v=1780928469,https://cdn.shopify.com/s/files/1/0943/0738/5730/files/Plahta_za_djecji_krevetic_cvjeti_i.jpg?v=1780928468,https://cdn.shopify.com/s/files/1/0943/0738/5730/files/Plahta_za_djecji_krevetic_srca.jpg?v=1780928469	in_stock	new	28.00 EUR		Baby Natur	BN-PL-S-Bear	yes		Spavanje	60x120x10			Medo	
shopify_ZZ_15192324637058_56019081429378	15192324637058	Plahta za dječji krevetić - 60x120x10 / Srca	Baby Natur plahte za krevetiće izrađene su od mekanog, prozračnog i 100% prirodnog pamuka koji pruža nježnost i udobnost tijekom cijele noći. Savršeno pristaju dječjem madracu, perive su na 60°C i stvaraju sigurno, čisto i ugodno okruženje za bebin miran san. Dostupne u 4 najpopularnije veličine.	https://babynatur.hr/products/plahta?variant=56019081429378	https://cdn.shopify.com/s/files/1/0943/0738/5730/files/Plahta_za_djecji_krevetic_srca.jpg?v=1780928469	https://cdn.shopify.com/s/files/1/0943/0738/5730/files/baby-natur-crib-sheet-cherry-print-cotton-a1b2c3d4_c5d9f4c5-552d-43a9-8a23-724cf3b10441.jpg?v=1780928469,https://cdn.shopify.com/s/files/1/0943/0738/5730/files/Plahta_za_djecji_krevetic_89a94cea-f81a-4a68-bc15-d59369463f5d.jpg?v=1780928469,https://cdn.shopify.com/s/files/1/0943/0738/5730/files/Plahta_za_djecji_krevetic_dc6b0277-31da-406a-8b79-1cc3e330fef6.jpg?v=1780928469,https://cdn.shopify.com/s/files/1/0943/0738/5730/files/Plahta_za_djecji_krevetic1.jpg?v=1780928469,https://cdn.shopify.com/s/files/1/0943/0738/5730/files/baby-natur-white-cherry-crib-sheet-a1b2c3d4_0a85fbee-5838-499e-acbb-c7ae7efca01a.jpg?v=1780928469,https://cdn.shopify.com/s/files/1/0943/0738/5730/files/Plahta_za_djecji_krevetic2.jpg?v=1780928469,https://cdn.shopify.com/s/files/1/0943/0738/5730/files/Plahta_za_djecji_krevetic_bijela.jpg?v=1780928469,https://cdn.shopify.com/s/files/1/0943/0738/5730/files/Plahta_za_djecji_krevetic_brundo.jpg?v=1780928469,https://cdn.shopify.com/s/files/1/0943/0738/5730/files/Plahta_za_djecji_krevetic_cvjeti_i.jpg?v=1780928468,https://cdn.shopify.com/s/files/1/0943/0738/5730/files/Plahta_za_djecji_krevetic_medo.jpg?v=1780928469	in_stock	new	28.00 EUR	25.00 EUR	Baby Natur	BN-PL-S-Heart	yes		Spavanje	60x120x10			Srca	
shopify_ZZ_15192324637058_56019081462146	15192324637058	Plahta za dječji krevetić - 60x120x10 / Šuma	Baby Natur plahte za krevetiće izrađene su od mekanog, prozračnog i 100% prirodnog pamuka koji pruža nježnost i udobnost tijekom cijele noći. Savršeno pristaju dječjem madracu, perive su na 60°C i stvaraju sigurno, čisto i ugodno okruženje za bebin miran san. Dostupne u 4 najpopularnije veličine.	https://babynatur.hr/products/plahta?variant=56019081462146	https://cdn.shopify.com/s/files/1/0943/0738/5730/files/Plahta_za_djecji_krevetic_suma.jpg?v=1780928469	https://cdn.shopify.com/s/files/1/0943/0738/5730/files/baby-natur-crib-sheet-cherry-print-cotton-a1b2c3d4_c5d9f4c5-552d-43a9-8a23-724cf3b10441.jpg?v=1780928469,https://cdn.shopify.com/s/files/1/0943/0738/5730/files/Plahta_za_djecji_krevetic_89a94cea-f81a-4a68-bc15-d59369463f5d.jpg?v=1780928469,https://cdn.shopify.com/s/files/1/0943/0738/5730/files/Plahta_za_djecji_krevetic_dc6b0277-31da-406a-8b79-1cc3e330fef6.jpg?v=1780928469,https://cdn.shopify.com/s/files/1/0943/0738/5730/files/Plahta_za_djecji_krevetic1.jpg?v=1780928469,https://cdn.shopify.com/s/files/1/0943/0738/5730/files/baby-natur-white-cherry-crib-sheet-a1b2c3d4_0a85fbee-5838-499e-acbb-c7ae7efca01a.jpg?v=1780928469,https://cdn.shopify.com/s/files/1/0943/0738/5730/files/Plahta_za_djecji_krevetic2.jpg?v=1780928469,https://cdn.shopify.com/s/files/1/0943/0738/5730/files/Plahta_za_djecji_krevetic_bijela.jpg?v=1780928469,https://cdn.shopify.com/s/files/1/0943/0738/5730/files/Plahta_za_djecji_krevetic_brundo.jpg?v=1780928469,https://cdn.shopify.com/s/files/1/0943/0738/5730/files/Plahta_za_djecji_krevetic_cvjeti_i.jpg?v=1780928468,https://cdn.shopify.com/s/files/1/0943/0738/5730/files/Plahta_za_djecji_krevetic_medo.jpg?v=1780928469	in_stock	new	28.00 EUR		Baby Natur	BN-PL-S-Forest	yes		Spavanje	60x120x10			Šuma	
shopify_ZZ_15192324637058_56696817189250	15192324637058	Plahta za dječji krevetić - 60x120x10 / Limun	Baby Natur plahte za krevetiće izrađene su od mekanog, prozračnog i 100% prirodnog pamuka koji pruža nježnost i udobnost tijekom cijele noći. Savršeno pristaju dječjem madracu, perive su na 60°C i stvaraju sigurno, čisto i ugodno okruženje za bebin miran san. Dostupne u 4 najpopularnije veličine.	https://babynatur.hr/products/plahta?variant=56696817189250	https://cdn.shopify.com/s/files/1/0943/0738/5730/files/baby-natur-lemon-crib-sheet-a1b2c3d4_cbd3db04-30f0-449d-b951-88a284b27f2f.jpg?v=1780928469	https://cdn.shopify.com/s/files/1/0943/0738/5730/files/baby-natur-crib-sheet-cherry-print-cotton-a1b2c3d4_c5d9f4c5-552d-43a9-8a23-724cf3b10441.jpg?v=1780928469,https://cdn.shopify.com/s/files/1/0943/0738/5730/files/Plahta_za_djecji_krevetic_89a94cea-f81a-4a68-bc15-d59369463f5d.jpg?v=1780928469,https://cdn.shopify.com/s/files/1/0943/0738/5730/files/Plahta_za_djecji_krevetic_dc6b0277-31da-406a-8b79-1cc3e330fef6.jpg?v=1780928469,https://cdn.shopify.com/s/files/1/0943/0738/5730/files/Plahta_za_djecji_krevetic1.jpg?v=1780928469,https://cdn.shopify.com/s/files/1/0943/0738/5730/files/baby-natur-white-cherry-crib-sheet-a1b2c3d4_0a85fbee-5838-499e-acbb-c7ae7efca01a.jpg?v=1780928469,https://cdn.shopify.com/s/files/1/0943/0738/5730/files/Plahta_za_djecji_krevetic2.jpg?v=1780928469,https://cdn.shopify.com/s/files/1/0943/0738/5730/files/Plahta_za_djecji_krevetic_bijela.jpg?v=1780928469,https://cdn.shopify.com/s/files/1/0943/0738/5730/files/Plahta_za_djecji_krevetic_brundo.jpg?v=1780928469,https://cdn.shopify.com/s/files/1/0943/0738/5730/files/Plahta_za_djecji_krevetic_cvjeti_i.jpg?v=1780928468,https://cdn.shopify.com/s/files/1/0943/0738/5730/files/Plahta_za_djecji_krevetic_medo.jpg?v=1780928469	in_stock	new	28.00 EUR		Baby Natur		no		Spavanje	60x120x10			Limun	
shopify_ZZ_15192324637058_56696817222018	15192324637058	Plahta za dječji krevetić - 60x120x10 / Trešnjice	Baby Natur plahte za krevetiće izrađene su od mekanog, prozračnog i 100% prirodnog pamuka koji pruža nježnost i udobnost tijekom cijele noći. Savršeno pristaju dječjem madracu, perive su na 60°C i stvaraju sigurno, čisto i ugodno okruženje za bebin miran san. Dostupne u 4 najpopularnije veličine.	https://babynatur.hr/products/plahta?variant=56696817222018	https://cdn.shopify.com/s/files/1/0943/0738/5730/files/baby-natur-crib-sheet-white-cherry-print-a1b2c3d4_cc6d0c87-e5cd-43e8-853b-db11cc0c19e8.jpg?v=1780928469	https://cdn.shopify.com/s/files/1/0943/0738/5730/files/baby-natur-crib-sheet-cherry-print-cotton-a1b2c3d4_c5d9f4c5-552d-43a9-8a23-724cf3b10441.jpg?v=1780928469,https://cdn.shopify.com/s/files/1/0943/0738/5730/files/Plahta_za_djecji_krevetic_89a94cea-f81a-4a68-bc15-d59369463f5d.jpg?v=1780928469,https://cdn.shopify.com/s/files/1/0943/0738/5730/files/Plahta_za_djecji_krevetic_dc6b0277-31da-406a-8b79-1cc3e330fef6.jpg?v=1780928469,https://cdn.shopify.com/s/files/1/0943/0738/5730/files/Plahta_za_djecji_krevetic1.jpg?v=1780928469,https://cdn.shopify.com/s/files/1/0943/0738/5730/files/baby-natur-white-cherry-crib-sheet-a1b2c3d4_0a85fbee-5838-499e-acbb-c7ae7efca01a.jpg?v=1780928469,https://cdn.shopify.com/s/files/1/0943/0738/5730/files/Plahta_za_djecji_krevetic2.jpg?v=1780928469,https://cdn.shopify.com/s/files/1/0943/0738/5730/files/Plahta_za_djecji_krevetic_bijela.jpg?v=1780928469,https://cdn.shopify.com/s/files/1/0943/0738/5730/files/Plahta_za_djecji_krevetic_brundo.jpg?v=1780928469,https://cdn.shopify.com/s/files/1/0943/0738/5730/files/Plahta_za_djecji_krevetic_cvjeti_i.jpg?v=1780928468,https://cdn.shopify.com/s/files/1/0943/0738/5730/files/Plahta_za_djecji_krevetic_medo.jpg?v=1780928469	in_stock	new	28.00 EUR		Baby Natur		no		Spavanje	60x120x10			Trešnjice	
shopify_ZZ_15192324637058_56019081494914	15192324637058	Plahta za dječji krevetić - 70x140x10 / Bijela	Baby Natur plahte za krevetiće izrađene su od mekanog, prozračnog i 100% prirodnog pamuka koji pruža nježnost i udobnost tijekom cijele noći. Savršeno pristaju dječjem madracu, perive su na 60°C i stvaraju sigurno, čisto i ugodno okruženje za bebin miran san. Dostupne u 4 najpopularnije veličine.	https://babynatur.hr/products/plahta?variant=56019081494914	https://cdn.shopify.com/s/files/1/0943/0738/5730/files/Plahta_za_djecji_krevetic_bijela.jpg?v=1780928469	https://cdn.shopify.com/s/files/1/0943/0738/5730/files/baby-natur-crib-sheet-cherry-print-cotton-a1b2c3d4_c5d9f4c5-552d-43a9-8a23-724cf3b10441.jpg?v=1780928469,https://cdn.shopify.com/s/files/1/0943/0738/5730/files/Plahta_za_djecji_krevetic_89a94cea-f81a-4a68-bc15-d59369463f5d.jpg?v=1780928469,https://cdn.shopify.com/s/files/1/0943/0738/5730/files/Plahta_za_djecji_krevetic_dc6b0277-31da-406a-8b79-1cc3e330fef6.jpg?v=1780928469,https://cdn.shopify.com/s/files/1/0943/0738/5730/files/Plahta_za_djecji_krevetic1.jpg?v=1780928469,https://cdn.shopify.com/s/files/1/0943/0738/5730/files/baby-natur-white-cherry-crib-sheet-a1b2c3d4_0a85fbee-5838-499e-acbb-c7ae7efca01a.jpg?v=1780928469,https://cdn.shopify.com/s/files/1/0943/0738/5730/files/Plahta_za_djecji_krevetic2.jpg?v=1780928469,https://cdn.shopify.com/s/files/1/0943/0738/5730/files/Plahta_za_djecji_krevetic_brundo.jpg?v=1780928469,https://cdn.shopify.com/s/files/1/0943/0738/5730/files/Plahta_za_djecji_krevetic_cvjeti_i.jpg?v=1780928468,https://cdn.shopify.com/s/files/1/0943/0738/5730/files/Plahta_za_djecji_krevetic_medo.jpg?v=1780928469,https://cdn.shopify.com/s/files/1/0943/0738/5730/files/Plahta_za_djecji_krevetic_srca.jpg?v=1780928469	in_stock	new	30.00 EUR		Baby Natur	BN-PL-White	yes		Spavanje	70x140x10			Bijela	
shopify_ZZ_15192324637058_56019081527682	15192324637058	Plahta za dječji krevetić - 70x140x10 / Brundo	Baby Natur plahte za krevetiće izrađene su od mekanog, prozračnog i 100% prirodnog pamuka koji pruža nježnost i udobnost tijekom cijele noći. Savršeno pristaju dječjem madracu, perive su na 60°C i stvaraju sigurno, čisto i ugodno okruženje za bebin miran san. Dostupne u 4 najpopularnije veličine.	https://babynatur.hr/products/plahta?variant=56019081527682	https://cdn.shopify.com/s/files/1/0943/0738/5730/files/Plahta_za_djecji_krevetic_brundo.jpg?v=1780928469	https://cdn.shopify.com/s/files/1/0943/0738/5730/files/baby-natur-crib-sheet-cherry-print-cotton-a1b2c3d4_c5d9f4c5-552d-43a9-8a23-724cf3b10441.jpg?v=1780928469,https://cdn.shopify.com/s/files/1/0943/0738/5730/files/Plahta_za_djecji_krevetic_89a94cea-f81a-4a68-bc15-d59369463f5d.jpg?v=1780928469,https://cdn.shopify.com/s/files/1/0943/0738/5730/files/Plahta_za_djecji_krevetic_dc6b0277-31da-406a-8b79-1cc3e330fef6.jpg?v=1780928469,https://cdn.shopify.com/s/files/1/0943/0738/5730/files/Plahta_za_djecji_krevetic1.jpg?v=1780928469,https://cdn.shopify.com/s/files/1/0943/0738/5730/files/baby-natur-white-cherry-crib-sheet-a1b2c3d4_0a85fbee-5838-499e-acbb-c7ae7efca01a.jpg?v=1780928469,https://cdn.shopify.com/s/files/1/0943/0738/5730/files/Plahta_za_djecji_krevetic2.jpg?v=1780928469,https://cdn.shopify.com/s/files/1/0943/0738/5730/files/Plahta_za_djecji_krevetic_bijela.jpg?v=1780928469,https://cdn.shopify.com/s/files/1/0943/0738/5730/files/Plahta_za_djecji_krevetic_cvjeti_i.jpg?v=1780928468,https://cdn.shopify.com/s/files/1/0943/0738/5730/files/Plahta_za_djecji_krevetic_medo.jpg?v=1780928469,https://cdn.shopify.com/s/files/1/0943/0738/5730/files/Plahta_za_djecji_krevetic_srca.jpg?v=1780928469	in_stock	new	30.00 EUR	25.00 EUR	Baby Natur	BN-PL-Teddy	yes		Spavanje	70x140x10			Brundo	
shopify_ZZ_15192324637058_56019081560450	15192324637058	Plahta za dječji krevetić - 70x140x10 / Cvjetići	Baby Natur plahte za krevetiće izrađene su od mekanog, prozračnog i 100% prirodnog pamuka koji pruža nježnost i udobnost tijekom cijele noći. Savršeno pristaju dječjem madracu, perive su na 60°C i stvaraju sigurno, čisto i ugodno okruženje za bebin miran san. Dostupne u 4 najpopularnije veličine.	https://babynatur.hr/products/plahta?variant=56019081560450	https://cdn.shopify.com/s/files/1/0943/0738/5730/files/Plahta_za_djecji_krevetic_cvjeti_i.jpg?v=1780928468	https://cdn.shopify.com/s/files/1/0943/0738/5730/files/baby-natur-crib-sheet-cherry-print-cotton-a1b2c3d4_c5d9f4c5-552d-43a9-8a23-724cf3b10441.jpg?v=1780928469,https://cdn.shopify.com/s/files/1/0943/0738/5730/files/Plahta_za_djecji_krevetic_89a94cea-f81a-4a68-bc15-d59369463f5d.jpg?v=1780928469,https://cdn.shopify.com/s/files/1/0943/0738/5730/files/Plahta_za_djecji_krevetic_dc6b0277-31da-406a-8b79-1cc3e330fef6.jpg?v=1780928469,https://cdn.shopify.com/s/files/1/0943/0738/5730/files/Plahta_za_djecji_krevetic1.jpg?v=1780928469,https://cdn.shopify.com/s/files/1/0943/0738/5730/files/baby-natur-white-cherry-crib-sheet-a1b2c3d4_0a85fbee-5838-499e-acbb-c7ae7efca01a.jpg?v=1780928469,https://cdn.shopify.com/s/files/1/0943/0738/5730/files/Plahta_za_djecji_krevetic2.jpg?v=1780928469,https://cdn.shopify.com/s/files/1/0943/0738/5730/files/Plahta_za_djecji_krevetic_bijela.jpg?v=1780928469,https://cdn.shopify.com/s/files/1/0943/0738/5730/files/Plahta_za_djecji_krevetic_brundo.jpg?v=1780928469,https://cdn.shopify.com/s/files/1/0943/0738/5730/files/Plahta_za_djecji_krevetic_medo.jpg?v=1780928469,https://cdn.shopify.com/s/files/1/0943/0738/5730/files/Plahta_za_djecji_krevetic_srca.jpg?v=1780928469	out_of_stock	new	30.00 EUR	25.00 EUR	Baby Natur	BN-PL-Flowers	yes		Spavanje	70x140x10			Cvjetići	
shopify_ZZ_15192324637058_56019081625986	15192324637058	Plahta za dječji krevetić - 70x140x10 / Medo	Baby Natur plahte za krevetiće izrađene su od mekanog, prozračnog i 100% prirodnog pamuka koji pruža nježnost i udobnost tijekom cijele noći. Savršeno pristaju dječjem madracu, perive su na 60°C i stvaraju sigurno, čisto i ugodno okruženje za bebin miran san. Dostupne u 4 najpopularnije veličine.	https://babynatur.hr/products/plahta?variant=56019081625986	https://cdn.shopify.com/s/files/1/0943/0738/5730/files/Plahta_za_djecji_krevetic_medo.jpg?v=1780928469	https://cdn.shopify.com/s/files/1/0943/0738/5730/files/baby-natur-crib-sheet-cherry-print-cotton-a1b2c3d4_c5d9f4c5-552d-43a9-8a23-724cf3b10441.jpg?v=1780928469,https://cdn.shopify.com/s/files/1/0943/0738/5730/files/Plahta_za_djecji_krevetic_89a94cea-f81a-4a68-bc15-d59369463f5d.jpg?v=1780928469,https://cdn.shopify.com/s/files/1/0943/0738/5730/files/Plahta_za_djecji_krevetic_dc6b0277-31da-406a-8b79-1cc3e330fef6.jpg?v=1780928469,https://cdn.shopify.com/s/files/1/0943/0738/5730/files/Plahta_za_djecji_krevetic1.jpg?v=1780928469,https://cdn.shopify.com/s/files/1/0943/0738/5730/files/baby-natur-white-cherry-crib-sheet-a1b2c3d4_0a85fbee-5838-499e-acbb-c7ae7efca01a.jpg?v=1780928469,https://cdn.shopify.com/s/files/1/0943/0738/5730/files/Plahta_za_djecji_krevetic2.jpg?v=1780928469,https://cdn.shopify.com/s/files/1/0943/0738/5730/files/Plahta_za_djecji_krevetic_bijela.jpg?v=1780928469,https://cdn.shopify.com/s/files/1/0943/0738/5730/files/Plahta_za_djecji_krevetic_brundo.jpg?v=1780928469,https://cdn.shopify.com/s/files/1/0943/0738/5730/files/Plahta_za_djecji_krevetic_cvjeti_i.jpg?v=1780928468,https://cdn.shopify.com/s/files/1/0943/0738/5730/files/Plahta_za_djecji_krevetic_srca.jpg?v=1780928469	in_stock	new	30.00 EUR		Baby Natur	BN-PL-Bear	yes		Spavanje	70x140x10			Medo	
shopify_ZZ_15192324637058_56019081658754	15192324637058	Plahta za dječji krevetić - 70x140x10 / Srca	Baby Natur plahte za krevetiće izrađene su od mekanog, prozračnog i 100% prirodnog pamuka koji pruža nježnost i udobnost tijekom cijele noći. Savršeno pristaju dječjem madracu, perive su na 60°C i stvaraju sigurno, čisto i ugodno okruženje za bebin miran san. Dostupne u 4 najpopularnije veličine.	https://babynatur.hr/products/plahta?variant=56019081658754	https://cdn.shopify.com/s/files/1/0943/0738/5730/files/Plahta_za_djecji_krevetic_srca.jpg?v=1780928469	https://cdn.shopify.com/s/files/1/0943/0738/5730/files/baby-natur-crib-sheet-cherry-print-cotton-a1b2c3d4_c5d9f4c5-552d-43a9-8a23-724cf3b10441.jpg?v=1780928469,https://cdn.shopify.com/s/files/1/0943/0738/5730/files/Plahta_za_djecji_krevetic_89a94cea-f81a-4a68-bc15-d59369463f5d.jpg?v=1780928469,https://cdn.shopify.com/s/files/1/0943/0738/5730/files/Plahta_za_djecji_krevetic_dc6b0277-31da-406a-8b79-1cc3e330fef6.jpg?v=1780928469,https://cdn.shopify.com/s/files/1/0943/0738/5730/files/Plahta_za_djecji_krevetic1.jpg?v=1780928469,https://cdn.shopify.com/s/files/1/0943/0738/5730/files/baby-natur-white-cherry-crib-sheet-a1b2c3d4_0a85fbee-5838-499e-acbb-c7ae7efca01a.jpg?v=1780928469,https://cdn.shopify.com/s/files/1/0943/0738/5730/files/Plahta_za_djecji_krevetic2.jpg?v=1780928469,https://cdn.shopify.com/s/files/1/0943/0738/5730/files/Plahta_za_djecji_krevetic_bijela.jpg?v=1780928469,https://cdn.shopify.com/s/files/1/0943/0738/5730/files/Plahta_za_djecji_krevetic_brundo.jpg?v=1780928469,https://cdn.shopify.com/s/files/1/0943/0738/5730/files/Plahta_za_djecji_krevetic_cvjeti_i.jpg?v=1780928468,https://cdn.shopify.com/s/files/1/0943/0738/5730/files/Plahta_za_djecji_krevetic_medo.jpg?v=1780928469	in_stock	new	30.00 EUR	25.00 EUR	Baby Natur	BN-PL-Heart	yes		Spavanje	70x140x10			Srca	
shopify_ZZ_15192324637058_56019081691522	15192324637058	Plahta za dječji krevetić - 70x140x10 / Šuma	Baby Natur plahte za krevetiće izrađene su od mekanog, prozračnog i 100% prirodnog pamuka koji pruža nježnost i udobnost tijekom cijele noći. Savršeno pristaju dječjem madracu, perive su na 60°C i stvaraju sigurno, čisto i ugodno okruženje za bebin miran san. Dostupne u 4 najpopularnije veličine.	https://babynatur.hr/products/plahta?variant=56019081691522	https://cdn.shopify.com/s/files/1/0943/0738/5730/files/Plahta_za_djecji_krevetic_suma.jpg?v=1780928469	https://cdn.shopify.com/s/files/1/0943/0738/5730/files/baby-natur-crib-sheet-cherry-print-cotton-a1b2c3d4_c5d9f4c5-552d-43a9-8a23-724cf3b10441.jpg?v=1780928469,https://cdn.shopify.com/s/files/1/0943/0738/5730/files/Plahta_za_djecji_krevetic_89a94cea-f81a-4a68-bc15-d59369463f5d.jpg?v=1780928469,https://cdn.shopify.com/s/files/1/0943/0738/5730/files/Plahta_za_djecji_krevetic_dc6b0277-31da-406a-8b79-1cc3e330fef6.jpg?v=1780928469,https://cdn.shopify.com/s/files/1/0943/0738/5730/files/Plahta_za_djecji_krevetic1.jpg?v=1780928469,https://cdn.shopify.com/s/files/1/0943/0738/5730/files/baby-natur-white-cherry-crib-sheet-a1b2c3d4_0a85fbee-5838-499e-acbb-c7ae7efca01a.jpg?v=1780928469,https://cdn.shopify.com/s/files/1/0943/0738/5730/files/Plahta_za_djecji_krevetic2.jpg?v=1780928469,https://cdn.shopify.com/s/files/1/0943/0738/5730/files/Plahta_za_djecji_krevetic_bijela.jpg?v=1780928469,https://cdn.shopify.com/s/files/1/0943/0738/5730/files/Plahta_za_djecji_krevetic_brundo.jpg?v=1780928469,https://cdn.shopify.com/s/files/1/0943/0738/5730/files/Plahta_za_djecji_krevetic_cvjeti_i.jpg?v=1780928468,https://cdn.shopify.com/s/files/1/0943/0738/5730/files/Plahta_za_djecji_krevetic_medo.jpg?v=1780928469	in_stock	new	30.00 EUR		Baby Natur	BN-PL-Forest	yes		Spavanje	70x140x10			Šuma	
shopify_ZZ_15192324637058_56696817254786	15192324637058	Plahta za dječji krevetić - 70x140x10 / Limun	Baby Natur plahte za krevetiće izrađene su od mekanog, prozračnog i 100% prirodnog pamuka koji pruža nježnost i udobnost tijekom cijele noći. Savršeno pristaju dječjem madracu, perive su na 60°C i stvaraju sigurno, čisto i ugodno okruženje za bebin miran san. Dostupne u 4 najpopularnije veličine.	https://babynatur.hr/products/plahta?variant=56696817254786	https://cdn.shopify.com/s/files/1/0943/0738/5730/files/baby-natur-lemon-crib-sheet-a1b2c3d4_cbd3db04-30f0-449d-b951-88a284b27f2f.jpg?v=1780928469	https://cdn.shopify.com/s/files/1/0943/0738/5730/files/baby-natur-crib-sheet-cherry-print-cotton-a1b2c3d4_c5d9f4c5-552d-43a9-8a23-724cf3b10441.jpg?v=1780928469,https://cdn.shopify.com/s/files/1/0943/0738/5730/files/Plahta_za_djecji_krevetic_89a94cea-f81a-4a68-bc15-d59369463f5d.jpg?v=1780928469,https://cdn.shopify.com/s/files/1/0943/0738/5730/files/Plahta_za_djecji_krevetic_dc6b0277-31da-406a-8b79-1cc3e330fef6.jpg?v=1780928469,https://cdn.shopify.com/s/files/1/0943/0738/5730/files/Plahta_za_djecji_krevetic1.jpg?v=1780928469,https://cdn.shopify.com/s/files/1/0943/0738/5730/files/baby-natur-white-cherry-crib-sheet-a1b2c3d4_0a85fbee-5838-499e-acbb-c7ae7efca01a.jpg?v=1780928469,https://cdn.shopify.com/s/files/1/0943/0738/5730/files/Plahta_za_djecji_krevetic2.jpg?v=1780928469,https://cdn.shopify.com/s/files/1/0943/0738/5730/files/Plahta_za_djecji_krevetic_bijela.jpg?v=1780928469,https://cdn.shopify.com/s/files/1/0943/0738/5730/files/Plahta_za_djecji_krevetic_brundo.jpg?v=1780928469,https://cdn.shopify.com/s/files/1/0943/0738/5730/files/Plahta_za_djecji_krevetic_cvjeti_i.jpg?v=1780928468,https://cdn.shopify.com/s/files/1/0943/0738/5730/files/Plahta_za_djecji_krevetic_medo.jpg?v=1780928469	in_stock	new	30.00 EUR		Baby Natur		no		Spavanje	70x140x10			Limun	
shopify_ZZ_15192324637058_56696817287554	15192324637058	Plahta za dječji krevetić - 70x140x10 / Trešnjice	Baby Natur plahte za krevetiće izrađene su od mekanog, prozračnog i 100% prirodnog pamuka koji pruža nježnost i udobnost tijekom cijele noći. Savršeno pristaju dječjem madracu, perive su na 60°C i stvaraju sigurno, čisto i ugodno okruženje za bebin miran san. Dostupne u 4 najpopularnije veličine.	https://babynatur.hr/products/plahta?variant=56696817287554	https://cdn.shopify.com/s/files/1/0943/0738/5730/files/baby-natur-crib-sheet-white-cherry-print-a1b2c3d4_cc6d0c87-e5cd-43e8-853b-db11cc0c19e8.jpg?v=1780928469	https://cdn.shopify.com/s/files/1/0943/0738/5730/files/baby-natur-crib-sheet-cherry-print-cotton-a1b2c3d4_c5d9f4c5-552d-43a9-8a23-724cf3b10441.jpg?v=1780928469,https://cdn.shopify.com/s/files/1/0943/0738/5730/files/Plahta_za_djecji_krevetic_89a94cea-f81a-4a68-bc15-d59369463f5d.jpg?v=1780928469,https://cdn.shopify.com/s/files/1/0943/0738/5730/files/Plahta_za_djecji_krevetic_dc6b0277-31da-406a-8b79-1cc3e330fef6.jpg?v=1780928469,https://cdn.shopify.com/s/files/1/0943/0738/5730/files/Plahta_za_djecji_krevetic1.jpg?v=1780928469,https://cdn.shopify.com/s/files/1/0943/0738/5730/files/baby-natur-white-cherry-crib-sheet-a1b2c3d4_0a85fbee-5838-499e-acbb-c7ae7efca01a.jpg?v=1780928469,https://cdn.shopify.com/s/files/1/0943/0738/5730/files/Plahta_za_djecji_krevetic2.jpg?v=1780928469,https://cdn.shopify.com/s/files/1/0943/0738/5730/files/Plahta_za_djecji_krevetic_bijela.jpg?v=1780928469,https://cdn.shopify.com/s/files/1/0943/0738/5730/files/Plahta_za_djecji_krevetic_brundo.jpg?v=1780928469,https://cdn.shopify.com/s/files/1/0943/0738/5730/files/Plahta_za_djecji_krevetic_cvjeti_i.jpg?v=1780928468,https://cdn.shopify.com/s/files/1/0943/0738/5730/files/Plahta_za_djecji_krevetic_medo.jpg?v=1780928469	in_stock	new	30.00 EUR		Baby Natur		no		Spavanje	70x140x10			Trešnjice	
shopify_ZZ_15192324637058_56019081724290	15192324637058	Plahta za dječji krevetić - Cutie baby / Bijela	Baby Natur plahte za krevetiće izrađene su od mekanog, prozračnog i 100% prirodnog pamuka koji pruža nježnost i udobnost tijekom cijele noći. Savršeno pristaju dječjem madracu, perive su na 60°C i stvaraju sigurno, čisto i ugodno okruženje za bebin miran san. Dostupne u 4 najpopularnije veličine.	https://babynatur.hr/products/plahta?variant=56019081724290	https://cdn.shopify.com/s/files/1/0943/0738/5730/files/Plahta_za_djecji_krevetic_bijela.jpg?v=1780928469	https://cdn.shopify.com/s/files/1/0943/0738/5730/files/baby-natur-crib-sheet-cherry-print-cotton-a1b2c3d4_c5d9f4c5-552d-43a9-8a23-724cf3b10441.jpg?v=1780928469,https://cdn.shopify.com/s/files/1/0943/0738/5730/files/Plahta_za_djecji_krevetic_89a94cea-f81a-4a68-bc15-d59369463f5d.jpg?v=1780928469,https://cdn.shopify.com/s/files/1/0943/0738/5730/files/Plahta_za_djecji_krevetic_dc6b0277-31da-406a-8b79-1cc3e330fef6.jpg?v=1780928469,https://cdn.shopify.com/s/files/1/0943/0738/5730/files/Plahta_za_djecji_krevetic1.jpg?v=1780928469,https://cdn.shopify.com/s/files/1/0943/0738/5730/files/baby-natur-white-cherry-crib-sheet-a1b2c3d4_0a85fbee-5838-499e-acbb-c7ae7efca01a.jpg?v=1780928469,https://cdn.shopify.com/s/files/1/0943/0738/5730/files/Plahta_za_djecji_krevetic2.jpg?v=1780928469,https://cdn.shopify.com/s/files/1/0943/0738/5730/files/Plahta_za_djecji_krevetic_brundo.jpg?v=1780928469,https://cdn.shopify.com/s/files/1/0943/0738/5730/files/Plahta_za_djecji_krevetic_cvjeti_i.jpg?v=1780928468,https://cdn.shopify.com/s/files/1/0943/0738/5730/files/Plahta_za_djecji_krevetic_medo.jpg?v=1780928469,https://cdn.shopify.com/s/files/1/0943/0738/5730/files/Plahta_za_djecji_krevetic_srca.jpg?v=1780928469	in_stock	new	25.00 EUR		Baby Natur	BN-PL-CB-White	yes		Spavanje	Cutie baby			Bijela	
shopify_ZZ_15192324637058_56019081757058	15192324637058	Plahta za dječji krevetić - Cutie baby / Brundo	Baby Natur plahte za krevetiće izrađene su od mekanog, prozračnog i 100% prirodnog pamuka koji pruža nježnost i udobnost tijekom cijele noći. Savršeno pristaju dječjem madracu, perive su na 60°C i stvaraju sigurno, čisto i ugodno okruženje za bebin miran san. Dostupne u 4 najpopularnije veličine.	https://babynatur.hr/products/plahta?variant=56019081757058	https://cdn.shopify.com/s/files/1/0943/0738/5730/files/Plahta_za_djecji_krevetic_brundo.jpg?v=1780928469	https://cdn.shopify.com/s/files/1/0943/0738/5730/files/baby-natur-crib-sheet-cherry-print-cotton-a1b2c3d4_c5d9f4c5-552d-43a9-8a23-724cf3b10441.jpg?v=1780928469,https://cdn.shopify.com/s/files/1/0943/0738/5730/files/Plahta_za_djecji_krevetic_89a94cea-f81a-4a68-bc15-d59369463f5d.jpg?v=1780928469,https://cdn.shopify.com/s/files/1/0943/0738/5730/files/Plahta_za_djecji_krevetic_dc6b0277-31da-406a-8b79-1cc3e330fef6.jpg?v=1780928469,https://cdn.shopify.com/s/files/1/0943/0738/5730/files/Plahta_za_djecji_krevetic1.jpg?v=1780928469,https://cdn.shopify.com/s/files/1/0943/0738/5730/files/baby-natur-white-cherry-crib-sheet-a1b2c3d4_0a85fbee-5838-499e-acbb-c7ae7efca01a.jpg?v=1780928469,https://cdn.shopify.com/s/files/1/0943/0738/5730/files/Plahta_za_djecji_krevetic2.jpg?v=1780928469,https://cdn.shopify.com/s/files/1/0943/0738/5730/files/Plahta_za_djecji_krevetic_bijela.jpg?v=1780928469,https://cdn.shopify.com/s/files/1/0943/0738/5730/files/Plahta_za_djecji_krevetic_cvjeti_i.jpg?v=1780928468,https://cdn.shopify.com/s/files/1/0943/0738/5730/files/Plahta_za_djecji_krevetic_medo.jpg?v=1780928469,https://cdn.shopify.com/s/files/1/0943/0738/5730/files/Plahta_za_djecji_krevetic_srca.jpg?v=1780928469	in_stock	new	25.00 EUR	22.00 EUR	Baby Natur	BN-PL-CB-Teddy	yes		Spavanje	Cutie baby			Brundo	
shopify_ZZ_15192324637058_56019081789826	15192324637058	Plahta za dječji krevetić - Cutie baby / Cvjetići	Baby Natur plahte za krevetiće izrađene su od mekanog, prozračnog i 100% prirodnog pamuka koji pruža nježnost i udobnost tijekom cijele noći. Savršeno pristaju dječjem madracu, perive su na 60°C i stvaraju sigurno, čisto i ugodno okruženje za bebin miran san. Dostupne u 4 najpopularnije veličine.	https://babynatur.hr/products/plahta?variant=56019081789826	https://cdn.shopify.com/s/files/1/0943/0738/5730/files/Plahta_za_djecji_krevetic_cvjeti_i.jpg?v=1780928468	https://cdn.shopify.com/s/files/1/0943/0738/5730/files/baby-natur-crib-sheet-cherry-print-cotton-a1b2c3d4_c5d9f4c5-552d-43a9-8a23-724cf3b10441.jpg?v=1780928469,https://cdn.shopify.com/s/files/1/0943/0738/5730/files/Plahta_za_djecji_krevetic_89a94cea-f81a-4a68-bc15-d59369463f5d.jpg?v=1780928469,https://cdn.shopify.com/s/files/1/0943/0738/5730/files/Plahta_za_djecji_krevetic_dc6b0277-31da-406a-8b79-1cc3e330fef6.jpg?v=1780928469,https://cdn.shopify.com/s/files/1/0943/0738/5730/files/Plahta_za_djecji_krevetic1.jpg?v=1780928469,https://cdn.shopify.com/s/files/1/0943/0738/5730/files/baby-natur-white-cherry-crib-sheet-a1b2c3d4_0a85fbee-5838-499e-acbb-c7ae7efca01a.jpg?v=1780928469,https://cdn.shopify.com/s/files/1/0943/0738/5730/files/Plahta_za_djecji_krevetic2.jpg?v=1780928469,https://cdn.shopify.com/s/files/1/0943/0738/5730/files/Plahta_za_djecji_krevetic_bijela.jpg?v=1780928469,https://cdn.shopify.com/s/files/1/0943/0738/5730/files/Plahta_za_djecji_krevetic_brundo.jpg?v=1780928469,https://cdn.shopify.com/s/files/1/0943/0738/5730/files/Plahta_za_djecji_krevetic_medo.jpg?v=1780928469,https://cdn.shopify.com/s/files/1/0943/0738/5730/files/Plahta_za_djecji_krevetic_srca.jpg?v=1780928469	in_stock	new	25.00 EUR	22.00 EUR	Baby Natur	BN-PL-CB-Flowers	yes		Spavanje	Cutie baby			Cvjetići	
shopify_ZZ_15192324637058_56019081855362	15192324637058	Plahta za dječji krevetić - Cutie baby / Medo	Baby Natur plahte za krevetiće izrađene su od mekanog, prozračnog i 100% prirodnog pamuka koji pruža nježnost i udobnost tijekom cijele noći. Savršeno pristaju dječjem madracu, perive su na 60°C i stvaraju sigurno, čisto i ugodno okruženje za bebin miran san. Dostupne u 4 najpopularnije veličine.	https://babynatur.hr/products/plahta?variant=56019081855362	https://cdn.shopify.com/s/files/1/0943/0738/5730/files/Plahta_za_djecji_krevetic_medo.jpg?v=1780928469	https://cdn.shopify.com/s/files/1/0943/0738/5730/files/baby-natur-crib-sheet-cherry-print-cotton-a1b2c3d4_c5d9f4c5-552d-43a9-8a23-724cf3b10441.jpg?v=1780928469,https://cdn.shopify.com/s/files/1/0943/0738/5730/files/Plahta_za_djecji_krevetic_89a94cea-f81a-4a68-bc15-d59369463f5d.jpg?v=1780928469,https://cdn.shopify.com/s/files/1/0943/0738/5730/files/Plahta_za_djecji_krevetic_dc6b0277-31da-406a-8b79-1cc3e330fef6.jpg?v=1780928469,https://cdn.shopify.com/s/files/1/0943/0738/5730/files/Plahta_za_djecji_krevetic1.jpg?v=1780928469,https://cdn.shopify.com/s/files/1/0943/0738/5730/files/baby-natur-white-cherry-crib-sheet-a1b2c3d4_0a85fbee-5838-499e-acbb-c7ae7efca01a.jpg?v=1780928469,https://cdn.shopify.com/s/files/1/0943/0738/5730/files/Plahta_za_djecji_krevetic2.jpg?v=1780928469,https://cdn.shopify.com/s/files/1/0943/0738/5730/files/Plahta_za_djecji_krevetic_bijela.jpg?v=1780928469,https://cdn.shopify.com/s/files/1/0943/0738/5730/files/Plahta_za_djecji_krevetic_brundo.jpg?v=1780928469,https://cdn.shopify.com/s/files/1/0943/0738/5730/files/Plahta_za_djecji_krevetic_cvjeti_i.jpg?v=1780928468,https://cdn.shopify.com/s/files/1/0943/0738/5730/files/Plahta_za_djecji_krevetic_srca.jpg?v=1780928469	in_stock	new	25.00 EUR		Baby Natur	BN-PL-CB-Bear	yes		Spavanje	Cutie baby			Medo	
shopify_ZZ_15192324637058_56019081888130	15192324637058	Plahta za dječji krevetić - Cutie baby / Srca	Baby Natur plahte za krevetiće izrađene su od mekanog, prozračnog i 100% prirodnog pamuka koji pruža nježnost i udobnost tijekom cijele noći. Savršeno pristaju dječjem madracu, perive su na 60°C i stvaraju sigurno, čisto i ugodno okruženje za bebin miran san. Dostupne u 4 najpopularnije veličine.	https://babynatur.hr/products/plahta?variant=56019081888130	https://cdn.shopify.com/s/files/1/0943/0738/5730/files/Plahta_za_djecji_krevetic_srca.jpg?v=1780928469	https://cdn.shopify.com/s/files/1/0943/0738/5730/files/baby-natur-crib-sheet-cherry-print-cotton-a1b2c3d4_c5d9f4c5-552d-43a9-8a23-724cf3b10441.jpg?v=1780928469,https://cdn.shopify.com/s/files/1/0943/0738/5730/files/Plahta_za_djecji_krevetic_89a94cea-f81a-4a68-bc15-d59369463f5d.jpg?v=1780928469,https://cdn.shopify.com/s/files/1/0943/0738/5730/files/Plahta_za_djecji_krevetic_dc6b0277-31da-406a-8b79-1cc3e330fef6.jpg?v=1780928469,https://cdn.shopify.com/s/files/1/0943/0738/5730/files/Plahta_za_djecji_krevetic1.jpg?v=1780928469,https://cdn.shopify.com/s/files/1/0943/0738/5730/files/baby-natur-white-cherry-crib-sheet-a1b2c3d4_0a85fbee-5838-499e-acbb-c7ae7efca01a.jpg?v=1780928469,https://cdn.shopify.com/s/files/1/0943/0738/5730/files/Plahta_za_djecji_krevetic2.jpg?v=1780928469,https://cdn.shopify.com/s/files/1/0943/0738/5730/files/Plahta_za_djecji_krevetic_bijela.jpg?v=1780928469,https://cdn.shopify.com/s/files/1/0943/0738/5730/files/Plahta_za_djecji_krevetic_brundo.jpg?v=1780928469,https://cdn.shopify.com/s/files/1/0943/0738/5730/files/Plahta_za_djecji_krevetic_cvjeti_i.jpg?v=1780928468,https://cdn.shopify.com/s/files/1/0943/0738/5730/files/Plahta_za_djecji_krevetic_medo.jpg?v=1780928469	in_stock	new	25.00 EUR	22.00 EUR	Baby Natur	BN-PL-CB-Heart	yes		Spavanje	Cutie baby			Srca	
shopify_ZZ_15192324637058_56019081920898	15192324637058	Plahta za dječji krevetić - Cutie baby / Šuma	Baby Natur plahte za krevetiće izrađene su od mekanog, prozračnog i 100% prirodnog pamuka koji pruža nježnost i udobnost tijekom cijele noći. Savršeno pristaju dječjem madracu, perive su na 60°C i stvaraju sigurno, čisto i ugodno okruženje za bebin miran san. Dostupne u 4 najpopularnije veličine.	https://babynatur.hr/products/plahta?variant=56019081920898	https://cdn.shopify.com/s/files/1/0943/0738/5730/files/Plahta_za_djecji_krevetic_suma.jpg?v=1780928469	https://cdn.shopify.com/s/files/1/0943/0738/5730/files/baby-natur-crib-sheet-cherry-print-cotton-a1b2c3d4_c5d9f4c5-552d-43a9-8a23-724cf3b10441.jpg?v=1780928469,https://cdn.shopify.com/s/files/1/0943/0738/5730/files/Plahta_za_djecji_krevetic_89a94cea-f81a-4a68-bc15-d59369463f5d.jpg?v=1780928469,https://cdn.shopify.com/s/files/1/0943/0738/5730/files/Plahta_za_djecji_krevetic_dc6b0277-31da-406a-8b79-1cc3e330fef6.jpg?v=1780928469,https://cdn.shopify.com/s/files/1/0943/0738/5730/files/Plahta_za_djecji_krevetic1.jpg?v=1780928469,https://cdn.shopify.com/s/files/1/0943/0738/5730/files/baby-natur-white-cherry-crib-sheet-a1b2c3d4_0a85fbee-5838-499e-acbb-c7ae7efca01a.jpg?v=1780928469,https://cdn.shopify.com/s/files/1/0943/0738/5730/files/Plahta_za_djecji_krevetic2.jpg?v=1780928469,https://cdn.shopify.com/s/files/1/0943/0738/5730/files/Plahta_za_djecji_krevetic_bijela.jpg?v=1780928469,https://cdn.shopify.com/s/files/1/0943/0738/5730/files/Plahta_za_djecji_krevetic_brundo.jpg?v=1780928469,https://cdn.shopify.com/s/files/1/0943/0738/5730/files/Plahta_za_djecji_krevetic_cvjeti_i.jpg?v=1780928468,https://cdn.shopify.com/s/files/1/0943/0738/5730/files/Plahta_za_djecji_krevetic_medo.jpg?v=1780928469	in_stock	new	25.00 EUR		Baby Natur	BN-PL-CB-Forest	yes		Spavanje	Cutie baby			Šuma	
shopify_ZZ_15192324637058_56696817320322	15192324637058	Plahta za dječji krevetić - Cutie baby / Limun	Baby Natur plahte za krevetiće izrađene su od mekanog, prozračnog i 100% prirodnog pamuka koji pruža nježnost i udobnost tijekom cijele noći. Savršeno pristaju dječjem madracu, perive su na 60°C i stvaraju sigurno, čisto i ugodno okruženje za bebin miran san. Dostupne u 4 najpopularnije veličine.	https://babynatur.hr/products/plahta?variant=56696817320322	https://cdn.shopify.com/s/files/1/0943/0738/5730/files/baby-natur-lemon-crib-sheet-a1b2c3d4_cbd3db04-30f0-449d-b951-88a284b27f2f.jpg?v=1780928469	https://cdn.shopify.com/s/files/1/0943/0738/5730/files/baby-natur-crib-sheet-cherry-print-cotton-a1b2c3d4_c5d9f4c5-552d-43a9-8a23-724cf3b10441.jpg?v=1780928469,https://cdn.shopify.com/s/files/1/0943/0738/5730/files/Plahta_za_djecji_krevetic_89a94cea-f81a-4a68-bc15-d59369463f5d.jpg?v=1780928469,https://cdn.shopify.com/s/files/1/0943/0738/5730/files/Plahta_za_djecji_krevetic_dc6b0277-31da-406a-8b79-1cc3e330fef6.jpg?v=1780928469,https://cdn.shopify.com/s/files/1/0943/0738/5730/files/Plahta_za_djecji_krevetic1.jpg?v=1780928469,https://cdn.shopify.com/s/files/1/0943/0738/5730/files/baby-natur-white-cherry-crib-sheet-a1b2c3d4_0a85fbee-5838-499e-acbb-c7ae7efca01a.jpg?v=1780928469,https://cdn.shopify.com/s/files/1/0943/0738/5730/files/Plahta_za_djecji_krevetic2.jpg?v=1780928469,https://cdn.shopify.com/s/files/1/0943/0738/5730/files/Plahta_za_djecji_krevetic_bijela.jpg?v=1780928469,https://cdn.shopify.com/s/files/1/0943/0738/5730/files/Plahta_za_djecji_krevetic_brundo.jpg?v=1780928469,https://cdn.shopify.com/s/files/1/0943/0738/5730/files/Plahta_za_djecji_krevetic_cvjeti_i.jpg?v=1780928468,https://cdn.shopify.com/s/files/1/0943/0738/5730/files/Plahta_za_djecji_krevetic_medo.jpg?v=1780928469	in_stock	new	25.00 EUR		Baby Natur		no		Spavanje	Cutie baby			Limun	
shopify_ZZ_15192324637058_56696817353090	15192324637058	Plahta za dječji krevetić - Cutie baby / Trešnjice	Baby Natur plahte za krevetiće izrađene su od mekanog, prozračnog i 100% prirodnog pamuka koji pruža nježnost i udobnost tijekom cijele noći. Savršeno pristaju dječjem madracu, perive su na 60°C i stvaraju sigurno, čisto i ugodno okruženje za bebin miran san. Dostupne u 4 najpopularnije veličine.	https://babynatur.hr/products/plahta?variant=56696817353090	https://cdn.shopify.com/s/files/1/0943/0738/5730/files/baby-natur-crib-sheet-white-cherry-print-a1b2c3d4_cc6d0c87-e5cd-43e8-853b-db11cc0c19e8.jpg?v=1780928469	https://cdn.shopify.com/s/files/1/0943/0738/5730/files/baby-natur-crib-sheet-cherry-print-cotton-a1b2c3d4_c5d9f4c5-552d-43a9-8a23-724cf3b10441.jpg?v=1780928469,https://cdn.shopify.com/s/files/1/0943/0738/5730/files/Plahta_za_djecji_krevetic_89a94cea-f81a-4a68-bc15-d59369463f5d.jpg?v=1780928469,https://cdn.shopify.com/s/files/1/0943/0738/5730/files/Plahta_za_djecji_krevetic_dc6b0277-31da-406a-8b79-1cc3e330fef6.jpg?v=1780928469,https://cdn.shopify.com/s/files/1/0943/0738/5730/files/Plahta_za_djecji_krevetic1.jpg?v=1780928469,https://cdn.shopify.com/s/files/1/0943/0738/5730/files/baby-natur-white-cherry-crib-sheet-a1b2c3d4_0a85fbee-5838-499e-acbb-c7ae7efca01a.jpg?v=1780928469,https://cdn.shopify.com/s/files/1/0943/0738/5730/files/Plahta_za_djecji_krevetic2.jpg?v=1780928469,https://cdn.shopify.com/s/files/1/0943/0738/5730/files/Plahta_za_djecji_krevetic_bijela.jpg?v=1780928469,https://cdn.shopify.com/s/files/1/0943/0738/5730/files/Plahta_za_djecji_krevetic_brundo.jpg?v=1780928469,https://cdn.shopify.com/s/files/1/0943/0738/5730/files/Plahta_za_djecji_krevetic_cvjeti_i.jpg?v=1780928468,https://cdn.shopify.com/s/files/1/0943/0738/5730/files/Plahta_za_djecji_krevetic_medo.jpg?v=1780928469	in_stock	new	25.00 EUR		Baby Natur		no		Spavanje	Cutie baby			Trešnjice	
shopify_ZZ_15192324637058_56019081953666	15192324637058	Plahta za dječji krevetić - Cutie mini / Bijela	Baby Natur plahte za krevetiće izrađene su od mekanog, prozračnog i 100% prirodnog pamuka koji pruža nježnost i udobnost tijekom cijele noći. Savršeno pristaju dječjem madracu, perive su na 60°C i stvaraju sigurno, čisto i ugodno okruženje za bebin miran san. Dostupne u 4 najpopularnije veličine.	https://babynatur.hr/products/plahta?variant=56019081953666	https://cdn.shopify.com/s/files/1/0943/0738/5730/files/Plahta_za_djecji_krevetic_bijela.jpg?v=1780928469	https://cdn.shopify.com/s/files/1/0943/0738/5730/files/baby-natur-crib-sheet-cherry-print-cotton-a1b2c3d4_c5d9f4c5-552d-43a9-8a23-724cf3b10441.jpg?v=1780928469,https://cdn.shopify.com/s/files/1/0943/0738/5730/files/Plahta_za_djecji_krevetic_89a94cea-f81a-4a68-bc15-d59369463f5d.jpg?v=1780928469,https://cdn.shopify.com/s/files/1/0943/0738/5730/files/Plahta_za_djecji_krevetic_dc6b0277-31da-406a-8b79-1cc3e330fef6.jpg?v=1780928469,https://cdn.shopify.com/s/files/1/0943/0738/5730/files/Plahta_za_djecji_krevetic1.jpg?v=1780928469,https://cdn.shopify.com/s/files/1/0943/0738/5730/files/baby-natur-white-cherry-crib-sheet-a1b2c3d4_0a85fbee-5838-499e-acbb-c7ae7efca01a.jpg?v=1780928469,https://cdn.shopify.com/s/files/1/0943/0738/5730/files/Plahta_za_djecji_krevetic2.jpg?v=1780928469,https://cdn.shopify.com/s/files/1/0943/0738/5730/files/Plahta_za_djecji_krevetic_brundo.jpg?v=1780928469,https://cdn.shopify.com/s/files/1/0943/0738/5730/files/Plahta_za_djecji_krevetic_cvjeti_i.jpg?v=1780928468,https://cdn.shopify.com/s/files/1/0943/0738/5730/files/Plahta_za_djecji_krevetic_medo.jpg?v=1780928469,https://cdn.shopify.com/s/files/1/0943/0738/5730/files/Plahta_za_djecji_krevetic_srca.jpg?v=1780928469	in_stock	new	25.00 EUR		Baby Natur	BN-PL-CM-White	yes		Spavanje	Cutie mini			Bijela	
shopify_ZZ_15192324637058_56019081986434	15192324637058	Plahta za dječji krevetić - Cutie mini / Brundo	Baby Natur plahte za krevetiće izrađene su od mekanog, prozračnog i 100% prirodnog pamuka koji pruža nježnost i udobnost tijekom cijele noći. Savršeno pristaju dječjem madracu, perive su na 60°C i stvaraju sigurno, čisto i ugodno okruženje za bebin miran san. Dostupne u 4 najpopularnije veličine.	https://babynatur.hr/products/plahta?variant=56019081986434	https://cdn.shopify.com/s/files/1/0943/0738/5730/files/Plahta_za_djecji_krevetic_brundo.jpg?v=1780928469	https://cdn.shopify.com/s/files/1/0943/0738/5730/files/baby-natur-crib-sheet-cherry-print-cotton-a1b2c3d4_c5d9f4c5-552d-43a9-8a23-724cf3b10441.jpg?v=1780928469,https://cdn.shopify.com/s/files/1/0943/0738/5730/files/Plahta_za_djecji_krevetic_89a94cea-f81a-4a68-bc15-d59369463f5d.jpg?v=1780928469,https://cdn.shopify.com/s/files/1/0943/0738/5730/files/Plahta_za_djecji_krevetic_dc6b0277-31da-406a-8b79-1cc3e330fef6.jpg?v=1780928469,https://cdn.shopify.com/s/files/1/0943/0738/5730/files/Plahta_za_djecji_krevetic1.jpg?v=1780928469,https://cdn.shopify.com/s/files/1/0943/0738/5730/files/baby-natur-white-cherry-crib-sheet-a1b2c3d4_0a85fbee-5838-499e-acbb-c7ae7efca01a.jpg?v=1780928469,https://cdn.shopify.com/s/files/1/0943/0738/5730/files/Plahta_za_djecji_krevetic2.jpg?v=1780928469,https://cdn.shopify.com/s/files/1/0943/0738/5730/files/Plahta_za_djecji_krevetic_bijela.jpg?v=1780928469,https://cdn.shopify.com/s/files/1/0943/0738/5730/files/Plahta_za_djecji_krevetic_cvjeti_i.jpg?v=1780928468,https://cdn.shopify.com/s/files/1/0943/0738/5730/files/Plahta_za_djecji_krevetic_medo.jpg?v=1780928469,https://cdn.shopify.com/s/files/1/0943/0738/5730/files/Plahta_za_djecji_krevetic_srca.jpg?v=1780928469	in_stock	new	28.00 EUR	25.00 EUR	Baby Natur	BN-PL-CM-Teddy	yes		Spavanje	Cutie mini			Brundo	
shopify_ZZ_15192324637058_56019082019202	15192324637058	Plahta za dječji krevetić - Cutie mini / Cvjetići	Baby Natur plahte za krevetiće izrađene su od mekanog, prozračnog i 100% prirodnog pamuka koji pruža nježnost i udobnost tijekom cijele noći. Savršeno pristaju dječjem madracu, perive su na 60°C i stvaraju sigurno, čisto i ugodno okruženje za bebin miran san. Dostupne u 4 najpopularnije veličine.	https://babynatur.hr/products/plahta?variant=56019082019202	https://cdn.shopify.com/s/files/1/0943/0738/5730/files/Plahta_za_djecji_krevetic_cvjeti_i.jpg?v=1780928468	https://cdn.shopify.com/s/files/1/0943/0738/5730/files/baby-natur-crib-sheet-cherry-print-cotton-a1b2c3d4_c5d9f4c5-552d-43a9-8a23-724cf3b10441.jpg?v=1780928469,https://cdn.shopify.com/s/files/1/0943/0738/5730/files/Plahta_za_djecji_krevetic_89a94cea-f81a-4a68-bc15-d59369463f5d.jpg?v=1780928469,https://cdn.shopify.com/s/files/1/0943/0738/5730/files/Plahta_za_djecji_krevetic_dc6b0277-31da-406a-8b79-1cc3e330fef6.jpg?v=1780928469,https://cdn.shopify.com/s/files/1/0943/0738/5730/files/Plahta_za_djecji_krevetic1.jpg?v=1780928469,https://cdn.shopify.com/s/files/1/0943/0738/5730/files/baby-natur-white-cherry-crib-sheet-a1b2c3d4_0a85fbee-5838-499e-acbb-c7ae7efca01a.jpg?v=1780928469,https://cdn.shopify.com/s/files/1/0943/0738/5730/files/Plahta_za_djecji_krevetic2.jpg?v=1780928469,https://cdn.shopify.com/s/files/1/0943/0738/5730/files/Plahta_za_djecji_krevetic_bijela.jpg?v=1780928469,https://cdn.shopify.com/s/files/1/0943/0738/5730/files/Plahta_za_djecji_krevetic_brundo.jpg?v=1780928469,https://cdn.shopify.com/s/files/1/0943/0738/5730/files/Plahta_za_djecji_krevetic_medo.jpg?v=1780928469,https://cdn.shopify.com/s/files/1/0943/0738/5730/files/Plahta_za_djecji_krevetic_srca.jpg?v=1780928469	out_of_stock	new	28.00 EUR	25.00 EUR	Baby Natur	BN-PL-CM-Flowers	yes		Spavanje	Cutie mini			Cvjetići	
shopify_ZZ_15192324637058_56019082084738	15192324637058	Plahta za dječji krevetić - Cutie mini / Medo	Baby Natur plahte za krevetiće izrađene su od mekanog, prozračnog i 100% prirodnog pamuka koji pruža nježnost i udobnost tijekom cijele noći. Savršeno pristaju dječjem madracu, perive su na 60°C i stvaraju sigurno, čisto i ugodno okruženje za bebin miran san. Dostupne u 4 najpopularnije veličine.	https://babynatur.hr/products/plahta?variant=56019082084738	https://cdn.shopify.com/s/files/1/0943/0738/5730/files/Plahta_za_djecji_krevetic_medo.jpg?v=1780928469	https://cdn.shopify.com/s/files/1/0943/0738/5730/files/baby-natur-crib-sheet-cherry-print-cotton-a1b2c3d4_c5d9f4c5-552d-43a9-8a23-724cf3b10441.jpg?v=1780928469,https://cdn.shopify.com/s/files/1/0943/0738/5730/files/Plahta_za_djecji_krevetic_89a94cea-f81a-4a68-bc15-d59369463f5d.jpg?v=1780928469,https://cdn.shopify.com/s/files/1/0943/0738/5730/files/Plahta_za_djecji_krevetic_dc6b0277-31da-406a-8b79-1cc3e330fef6.jpg?v=1780928469,https://cdn.shopify.com/s/files/1/0943/0738/5730/files/Plahta_za_djecji_krevetic1.jpg?v=1780928469,https://cdn.shopify.com/s/files/1/0943/0738/5730/files/baby-natur-white-cherry-crib-sheet-a1b2c3d4_0a85fbee-5838-499e-acbb-c7ae7efca01a.jpg?v=1780928469,https://cdn.shopify.com/s/files/1/0943/0738/5730/files/Plahta_za_djecji_krevetic2.jpg?v=1780928469,https://cdn.shopify.com/s/files/1/0943/0738/5730/files/Plahta_za_djecji_krevetic_bijela.jpg?v=1780928469,https://cdn.shopify.com/s/files/1/0943/0738/5730/files/Plahta_za_djecji_krevetic_brundo.jpg?v=1780928469,https://cdn.shopify.com/s/files/1/0943/0738/5730/files/Plahta_za_djecji_krevetic_cvjeti_i.jpg?v=1780928468,https://cdn.shopify.com/s/files/1/0943/0738/5730/files/Plahta_za_djecji_krevetic_srca.jpg?v=1780928469	in_stock	new	28.00 EUR		Baby Natur	BN-PL-CM-Bear	yes		Spavanje	Cutie mini			Medo	
shopify_ZZ_15192324637058_56019082117506	15192324637058	Plahta za dječji krevetić - Cutie mini / Srca	Baby Natur plahte za krevetiće izrađene su od mekanog, prozračnog i 100% prirodnog pamuka koji pruža nježnost i udobnost tijekom cijele noći. Savršeno pristaju dječjem madracu, perive su na 60°C i stvaraju sigurno, čisto i ugodno okruženje za bebin miran san. Dostupne u 4 najpopularnije veličine.	https://babynatur.hr/products/plahta?variant=56019082117506	https://cdn.shopify.com/s/files/1/0943/0738/5730/files/Plahta_za_djecji_krevetic_srca.jpg?v=1780928469	https://cdn.shopify.com/s/files/1/0943/0738/5730/files/baby-natur-crib-sheet-cherry-print-cotton-a1b2c3d4_c5d9f4c5-552d-43a9-8a23-724cf3b10441.jpg?v=1780928469,https://cdn.shopify.com/s/files/1/0943/0738/5730/files/Plahta_za_djecji_krevetic_89a94cea-f81a-4a68-bc15-d59369463f5d.jpg?v=1780928469,https://cdn.shopify.com/s/files/1/0943/0738/5730/files/Plahta_za_djecji_krevetic_dc6b0277-31da-406a-8b79-1cc3e330fef6.jpg?v=1780928469,https://cdn.shopify.com/s/files/1/0943/0738/5730/files/Plahta_za_djecji_krevetic1.jpg?v=1780928469,https://cdn.shopify.com/s/files/1/0943/0738/5730/files/baby-natur-white-cherry-crib-sheet-a1b2c3d4_0a85fbee-5838-499e-acbb-c7ae7efca01a.jpg?v=1780928469,https://cdn.shopify.com/s/files/1/0943/0738/5730/files/Plahta_za_djecji_krevetic2.jpg?v=1780928469,https://cdn.shopify.com/s/files/1/0943/0738/5730/files/Plahta_za_djecji_krevetic_bijela.jpg?v=1780928469,https://cdn.shopify.com/s/files/1/0943/0738/5730/files/Plahta_za_djecji_krevetic_brundo.jpg?v=1780928469,https://cdn.shopify.com/s/files/1/0943/0738/5730/files/Plahta_za_djecji_krevetic_cvjeti_i.jpg?v=1780928468,https://cdn.shopify.com/s/files/1/0943/0738/5730/files/Plahta_za_djecji_krevetic_medo.jpg?v=1780928469	in_stock	new	28.00 EUR	25.00 EUR	Baby Natur	BN-PL-CM-Heart	yes		Spavanje	Cutie mini			Srca	
shopify_ZZ_15192324637058_56019082150274	15192324637058	Plahta za dječji krevetić - Cutie mini / Šuma	Baby Natur plahte za krevetiće izrađene su od mekanog, prozračnog i 100% prirodnog pamuka koji pruža nježnost i udobnost tijekom cijele noći. Savršeno pristaju dječjem madracu, perive su na 60°C i stvaraju sigurno, čisto i ugodno okruženje za bebin miran san. Dostupne u 4 najpopularnije veličine.	https://babynatur.hr/products/plahta?variant=56019082150274	https://cdn.shopify.com/s/files/1/0943/0738/5730/files/Plahta_za_djecji_krevetic_suma.jpg?v=1780928469	https://cdn.shopify.com/s/files/1/0943/0738/5730/files/baby-natur-crib-sheet-cherry-print-cotton-a1b2c3d4_c5d9f4c5-552d-43a9-8a23-724cf3b10441.jpg?v=1780928469,https://cdn.shopify.com/s/files/1/0943/0738/5730/files/Plahta_za_djecji_krevetic_89a94cea-f81a-4a68-bc15-d59369463f5d.jpg?v=1780928469,https://cdn.shopify.com/s/files/1/0943/0738/5730/files/Plahta_za_djecji_krevetic_dc6b0277-31da-406a-8b79-1cc3e330fef6.jpg?v=1780928469,https://cdn.shopify.com/s/files/1/0943/0738/5730/files/Plahta_za_djecji_krevetic1.jpg?v=1780928469,https://cdn.shopify.com/s/files/1/0943/0738/5730/files/baby-natur-white-cherry-crib-sheet-a1b2c3d4_0a85fbee-5838-499e-acbb-c7ae7efca01a.jpg?v=1780928469,https://cdn.shopify.com/s/files/1/0943/0738/5730/files/Plahta_za_djecji_krevetic2.jpg?v=1780928469,https://cdn.shopify.com/s/files/1/0943/0738/5730/files/Plahta_za_djecji_krevetic_bijela.jpg?v=1780928469,https://cdn.shopify.com/s/files/1/0943/0738/5730/files/Plahta_za_djecji_krevetic_brundo.jpg?v=1780928469,https://cdn.shopify.com/s/files/1/0943/0738/5730/files/Plahta_za_djecji_krevetic_cvjeti_i.jpg?v=1780928468,https://cdn.shopify.com/s/files/1/0943/0738/5730/files/Plahta_za_djecji_krevetic_medo.jpg?v=1780928469	in_stock	new	28.00 EUR		Baby Natur	BN-PL-CM-Forest	yes		Spavanje	Cutie mini			Šuma	
shopify_ZZ_15192324637058_56696817385858	15192324637058	Plahta za dječji krevetić - Cutie mini / Limun	Baby Natur plahte za krevetiće izrađene su od mekanog, prozračnog i 100% prirodnog pamuka koji pruža nježnost i udobnost tijekom cijele noći. Savršeno pristaju dječjem madracu, perive su na 60°C i stvaraju sigurno, čisto i ugodno okruženje za bebin miran san. Dostupne u 4 najpopularnije veličine.	https://babynatur.hr/products/plahta?variant=56696817385858	https://cdn.shopify.com/s/files/1/0943/0738/5730/files/baby-natur-lemon-crib-sheet-a1b2c3d4_cbd3db04-30f0-449d-b951-88a284b27f2f.jpg?v=1780928469	https://cdn.shopify.com/s/files/1/0943/0738/5730/files/baby-natur-crib-sheet-cherry-print-cotton-a1b2c3d4_c5d9f4c5-552d-43a9-8a23-724cf3b10441.jpg?v=1780928469,https://cdn.shopify.com/s/files/1/0943/0738/5730/files/Plahta_za_djecji_krevetic_89a94cea-f81a-4a68-bc15-d59369463f5d.jpg?v=1780928469,https://cdn.shopify.com/s/files/1/0943/0738/5730/files/Plahta_za_djecji_krevetic_dc6b0277-31da-406a-8b79-1cc3e330fef6.jpg?v=1780928469,https://cdn.shopify.com/s/files/1/0943/0738/5730/files/Plahta_za_djecji_krevetic1.jpg?v=1780928469,https://cdn.shopify.com/s/files/1/0943/0738/5730/files/baby-natur-white-cherry-crib-sheet-a1b2c3d4_0a85fbee-5838-499e-acbb-c7ae7efca01a.jpg?v=1780928469,https://cdn.shopify.com/s/files/1/0943/0738/5730/files/Plahta_za_djecji_krevetic2.jpg?v=1780928469,https://cdn.shopify.com/s/files/1/0943/0738/5730/files/Plahta_za_djecji_krevetic_bijela.jpg?v=1780928469,https://cdn.shopify.com/s/files/1/0943/0738/5730/files/Plahta_za_djecji_krevetic_brundo.jpg?v=1780928469,https://cdn.shopify.com/s/files/1/0943/0738/5730/files/Plahta_za_djecji_krevetic_cvjeti_i.jpg?v=1780928468,https://cdn.shopify.com/s/files/1/0943/0738/5730/files/Plahta_za_djecji_krevetic_medo.jpg?v=1780928469	in_stock	new	28.00 EUR		Baby Natur		no		Spavanje	Cutie mini			Limun	
shopify_ZZ_15192324637058_56696817418626	15192324637058	Plahta za dječji krevetić - Cutie mini / Trešnjice	Baby Natur plahte za krevetiće izrađene su od mekanog, prozračnog i 100% prirodnog pamuka koji pruža nježnost i udobnost tijekom cijele noći. Savršeno pristaju dječjem madracu, perive su na 60°C i stvaraju sigurno, čisto i ugodno okruženje za bebin miran san. Dostupne u 4 najpopularnije veličine.	https://babynatur.hr/products/plahta?variant=56696817418626	https://cdn.shopify.com/s/files/1/0943/0738/5730/files/baby-natur-crib-sheet-white-cherry-print-a1b2c3d4_cc6d0c87-e5cd-43e8-853b-db11cc0c19e8.jpg?v=1780928469	https://cdn.shopify.com/s/files/1/0943/0738/5730/files/baby-natur-crib-sheet-cherry-print-cotton-a1b2c3d4_c5d9f4c5-552d-43a9-8a23-724cf3b10441.jpg?v=1780928469,https://cdn.shopify.com/s/files/1/0943/0738/5730/files/Plahta_za_djecji_krevetic_89a94cea-f81a-4a68-bc15-d59369463f5d.jpg?v=1780928469,https://cdn.shopify.com/s/files/1/0943/0738/5730/files/Plahta_za_djecji_krevetic_dc6b0277-31da-406a-8b79-1cc3e330fef6.jpg?v=1780928469,https://cdn.shopify.com/s/files/1/0943/0738/5730/files/Plahta_za_djecji_krevetic1.jpg?v=1780928469,https://cdn.shopify.com/s/files/1/0943/0738/5730/files/baby-natur-white-cherry-crib-sheet-a1b2c3d4_0a85fbee-5838-499e-acbb-c7ae7efca01a.jpg?v=1780928469,https://cdn.shopify.com/s/files/1/0943/0738/5730/files/Plahta_za_djecji_krevetic2.jpg?v=1780928469,https://cdn.shopify.com/s/files/1/0943/0738/5730/files/Plahta_za_djecji_krevetic_bijela.jpg?v=1780928469,https://cdn.shopify.com/s/files/1/0943/0738/5730/files/Plahta_za_djecji_krevetic_brundo.jpg?v=1780928469,https://cdn.shopify.com/s/files/1/0943/0738/5730/files/Plahta_za_djecji_krevetic_cvjeti_i.jpg?v=1780928468,https://cdn.shopify.com/s/files/1/0943/0738/5730/files/Plahta_za_djecji_krevetic_medo.jpg?v=1780928469	in_stock	new	28.00 EUR		Baby Natur		no		Spavanje	Cutie mini			Trešnjice	
shopify_ZZ_15192324571522_56019081101698	15192324571522	Vezice za dudu - Plava	Vezice za dudu omogučju da dudice uvijek budu nadohvat ruke. Svaka vezica ima kopčicu koja se može pričvrstiti za odjeću. Vezice nisu grube te su samim time pogodne za malu djecu. 100% organski pamuk kvalitetne drvene kopče OEKO-TEX standard 100 certifikat Perive u perilici na 30 stupnjeva. Vezice za dudu omogućuju da duda uvijek bude nadohvat ruke. Svaka vezica ima kopčicu kojom se može pričvrstiti za odjeću. Vezice su mekane i nježne, što ih čini pogodnima za malu djecu. 100% organski pamuk Kvalitetne drvene kopče Certifikat OEKO-TEX Standard 100 Perivo u perilici na 30 °C	https://babynatur.hr/products/vezice-za-dudu-1?variant=56019081101698	https://cdn.shopify.com/s/files/1/0943/0738/5730/files/Plava-4_78f9c443-d202-4778-9d2b-902cffd8cc6b.webp?v=1764364199	https://cdn.shopify.com/s/files/1/0943/0738/5730/files/IMG_3283-1-scaled_8b36208a-24dc-4fce-baa9-324ed9169d99.webp?v=1764364172,https://cdn.shopify.com/s/files/1/0943/0738/5730/files/IMG_3164-1-scaled_03f29aad-bc8b-49a7-a646-da833263ceca.webp?v=1764364166,https://cdn.shopify.com/s/files/1/0943/0738/5730/files/IMG_3315-1-scaled_a9ed6544-5cd9-4531-b561-36b8cbbe4f05.webp?v=1764364178,https://cdn.shopify.com/s/files/1/0943/0738/5730/files/Medo-9_d3d1e4d3-8bed-43b6-bcf3-f31d7793d98d.webp?v=1764364193,https://cdn.shopify.com/s/files/1/0943/0738/5730/files/Roza-6_16d1fa9c-38e5-4075-b264-001039e82c60.webp?v=1764364204	out_of_stock	new	12.50 EUR		Baby Natur	BN-VD-Blue	yes		Dodaci				Plava	
shopify_ZZ_15192324571522_56019081134466	15192324571522	Vezice za dudu - Medo	Vezice za dudu omogučju da dudice uvijek budu nadohvat ruke. Svaka vezica ima kopčicu koja se može pričvrstiti za odjeću. Vezice nisu grube te su samim time pogodne za malu djecu. 100% organski pamuk kvalitetne drvene kopče OEKO-TEX standard 100 certifikat Perive u perilici na 30 stupnjeva. Vezice za dudu omogućuju da duda uvijek bude nadohvat ruke. Svaka vezica ima kopčicu kojom se može pričvrstiti za odjeću. Vezice su mekane i nježne, što ih čini pogodnima za malu djecu. 100% organski pamuk Kvalitetne drvene kopče Certifikat OEKO-TEX Standard 100 Perivo u perilici na 30 °C	https://babynatur.hr/products/vezice-za-dudu-1?variant=56019081134466	https://cdn.shopify.com/s/files/1/0943/0738/5730/files/Medo-9_d3d1e4d3-8bed-43b6-bcf3-f31d7793d98d.webp?v=1764364193	https://cdn.shopify.com/s/files/1/0943/0738/5730/files/IMG_3283-1-scaled_8b36208a-24dc-4fce-baa9-324ed9169d99.webp?v=1764364172,https://cdn.shopify.com/s/files/1/0943/0738/5730/files/IMG_3164-1-scaled_03f29aad-bc8b-49a7-a646-da833263ceca.webp?v=1764364166,https://cdn.shopify.com/s/files/1/0943/0738/5730/files/IMG_3315-1-scaled_a9ed6544-5cd9-4531-b561-36b8cbbe4f05.webp?v=1764364178,https://cdn.shopify.com/s/files/1/0943/0738/5730/files/Plava-4_78f9c443-d202-4778-9d2b-902cffd8cc6b.webp?v=1764364199,https://cdn.shopify.com/s/files/1/0943/0738/5730/files/Roza-6_16d1fa9c-38e5-4075-b264-001039e82c60.webp?v=1764364204	out_of_stock	new	12.50 EUR		Baby Natur	BN-VD-Bear	yes		Dodaci				Medo	
shopify_ZZ_15192324571522_56019081200002	15192324571522	Vezice za dudu - Roza	Vezice za dudu omogučju da dudice uvijek budu nadohvat ruke. Svaka vezica ima kopčicu koja se može pričvrstiti za odjeću. Vezice nisu grube te su samim time pogodne za malu djecu. 100% organski pamuk kvalitetne drvene kopče OEKO-TEX standard 100 certifikat Perive u perilici na 30 stupnjeva. Vezice za dudu omogućuju da duda uvijek bude nadohvat ruke. Svaka vezica ima kopčicu kojom se može pričvrstiti za odjeću. Vezice su mekane i nježne, što ih čini pogodnima za malu djecu. 100% organski pamuk Kvalitetne drvene kopče Certifikat OEKO-TEX Standard 100 Perivo u perilici na 30 °C	https://babynatur.hr/products/vezice-za-dudu-1?variant=56019081200002	https://cdn.shopify.com/s/files/1/0943/0738/5730/files/Roza-6_16d1fa9c-38e5-4075-b264-001039e82c60.webp?v=1764364204	https://cdn.shopify.com/s/files/1/0943/0738/5730/files/IMG_3283-1-scaled_8b36208a-24dc-4fce-baa9-324ed9169d99.webp?v=1764364172,https://cdn.shopify.com/s/files/1/0943/0738/5730/files/IMG_3164-1-scaled_03f29aad-bc8b-49a7-a646-da833263ceca.webp?v=1764364166,https://cdn.shopify.com/s/files/1/0943/0738/5730/files/IMG_3315-1-scaled_a9ed6544-5cd9-4531-b561-36b8cbbe4f05.webp?v=1764364178,https://cdn.shopify.com/s/files/1/0943/0738/5730/files/Medo-9_d3d1e4d3-8bed-43b6-bcf3-f31d7793d98d.webp?v=1764364193,https://cdn.shopify.com/s/files/1/0943/0738/5730/files/Plava-4_78f9c443-d202-4778-9d2b-902cffd8cc6b.webp?v=1764364199	in_stock	new	12.50 EUR		Baby Natur	BN-VD-Rose	yes		Dodaci				Roza	
shopify_ZZ_15192324374914_56019080806786	15192324374914	Waffle ručnik za bebe - Medo	Baby ručnici izrađeni su od 100% organske waffle tkanine. Izuzetno su nježni i ugodni za bebinu kožu, što im daje prednost u odnosu na klasične ručnike. Svaki ručnik ima slatku kapuljaču s ušima. Dimenzije su 70×70 cm, a dostupni su u dvije boje: MEDO i BRUNDO. 100% organski pamuk	https://babynatur.hr/products/rucnik?variant=56019080806786	https://cdn.shopify.com/s/files/1/0943/0738/5730/files/Waffle_rucnik_za_bebe2.jpg?v=1764415789	https://cdn.shopify.com/s/files/1/0943/0738/5730/files/Waffle_rucnik_za_bebe.jpg?v=1764415739,https://cdn.shopify.com/s/files/1/0943/0738/5730/files/Waffle_rucnik_za_bebe1.jpg?v=1764415765,https://cdn.shopify.com/s/files/1/0943/0738/5730/files/Waffle_rucnik_za_bebe3.webp?v=1764415808	in_stock	new	30.00 EUR		Baby Natur	BN-RU-Bear	yes		Dodaci				Medo	
shopify_ZZ_15192324374914_56019080839554	15192324374914	Waffle ručnik za bebe - Brundo	Baby ručnici izrađeni su od 100% organske waffle tkanine. Izuzetno su nježni i ugodni za bebinu kožu, što im daje prednost u odnosu na klasične ručnike. Svaki ručnik ima slatku kapuljaču s ušima. Dimenzije su 70×70 cm, a dostupni su u dvije boje: MEDO i BRUNDO. 100% organski pamuk	https://babynatur.hr/products/rucnik?variant=56019080839554	https://cdn.shopify.com/s/files/1/0943/0738/5730/files/Waffle_rucnik_za_bebe3.webp?v=1764415808	https://cdn.shopify.com/s/files/1/0943/0738/5730/files/Waffle_rucnik_za_bebe.jpg?v=1764415739,https://cdn.shopify.com/s/files/1/0943/0738/5730/files/Waffle_rucnik_za_bebe1.jpg?v=1764415765,https://cdn.shopify.com/s/files/1/0943/0738/5730/files/Waffle_rucnik_za_bebe2.jpg?v=1764415789	in_stock	new	30.00 EUR	27.00 EUR	Baby Natur	BN-RU-Teddy	yes		Dodaci				Brundo	
shopify_ZZ_15192324342146_56019080249730	15192324342146	MINI tetra pelene - Medo	Baby Natur mini tetra pelena idealna je za brisanje, umivanje i svakodnevne male nezgode. Praktična i nježna, uvijek je pri ruci kod kuće ili u pokretu. Izrađena od 100% mekanog, prozračnog pamuka i periva na 60°C, pruža sigurnost, higijenu i potpunu udobnost osjetljivoj bebinoj koži.	https://babynatur.hr/products/mini-tetra-pelene-1?variant=56019080249730	https://cdn.shopify.com/s/files/1/0943/0738/5730/files/Mini_tetra_pelena_8_9151e386-b9a2-4c8d-9997-e60420a7e932.jpg?v=1780922454	https://cdn.shopify.com/s/files/1/0943/0738/5730/files/baby-natur-muslin-cloths-prints-a1b2c3d4.jpg?v=1780515505,https://cdn.shopify.com/s/files/1/0943/0738/5730/files/baby-natur-muslin-cloths-cherry-lemon-dog-print-a1b2c3d4.jpg?v=1780515505,https://cdn.shopify.com/s/files/1/0943/0738/5730/files/Mini_tetra_pelena_2_e053fbb9-70ef-4c73-9eef-ce00b3e05030.jpg?v=1780922455,https://cdn.shopify.com/s/files/1/0943/0738/5730/files/Mini_tetra_pelena_5_bd82b4c2-5cf3-4e0c-9d21-4c1242c7c0fa.jpg?v=1780922455,https://cdn.shopify.com/s/files/1/0943/0738/5730/files/Mini_tetra_pelena_7_f30f2c80-48c7-4d3c-8023-012e1b5d17ed.jpg?v=1780922455,https://cdn.shopify.com/s/files/1/0943/0738/5730/files/Mini_tetra_pelena_9_0e5aa0f7-4875-4f4f-b7af-99b3add20d55.jpg?v=1780922456,https://cdn.shopify.com/s/files/1/0943/0738/5730/files/Mini_tetra_pelena_11_e30947f4-75f4-494c-b7db-b87338b7fe91.jpg?v=1780922455,https://cdn.shopify.com/s/files/1/0943/0738/5730/files/Mini_tetra_pelena_12_96e8d29f-04d1-4116-a9e1-19cfdb7f4292.jpg?v=1780922455,https://cdn.shopify.com/s/files/1/0943/0738/5730/files/Mini_tetra_pelena_13_cb3c49e4-16f4-4c77-9ae2-2e63219b857a.jpg?v=1780922455,https://cdn.shopify.com/s/files/1/0943/0738/5730/files/Mini_tetra_pelena_14_7c0ef284-d298-4873-97f9-2e2ca47b78d4.jpg?v=1780922455	in_stock	new	5.50 EUR		Baby Natur	BN-TP-MINI-Bear	yes		Tetra pelene				Medo	
shopify_ZZ_15192324342146_56019080315266	15192324342146	MINI tetra pelene - Brundo	Baby Natur mini tetra pelena idealna je za brisanje, umivanje i svakodnevne male nezgode. Praktična i nježna, uvijek je pri ruci kod kuće ili u pokretu. Izrađena od 100% mekanog, prozračnog pamuka i periva na 60°C, pruža sigurnost, higijenu i potpunu udobnost osjetljivoj bebinoj koži.	https://babynatur.hr/products/mini-tetra-pelene-1?variant=56019080315266	https://cdn.shopify.com/s/files/1/0943/0738/5730/files/Mini_tetra_pelena_2_e053fbb9-70ef-4c73-9eef-ce00b3e05030.jpg?v=1780922455	https://cdn.shopify.com/s/files/1/0943/0738/5730/files/baby-natur-muslin-cloths-prints-a1b2c3d4.jpg?v=1780515505,https://cdn.shopify.com/s/files/1/0943/0738/5730/files/baby-natur-muslin-cloths-cherry-lemon-dog-print-a1b2c3d4.jpg?v=1780515505,https://cdn.shopify.com/s/files/1/0943/0738/5730/files/Mini_tetra_pelena_5_bd82b4c2-5cf3-4e0c-9d21-4c1242c7c0fa.jpg?v=1780922455,https://cdn.shopify.com/s/files/1/0943/0738/5730/files/Mini_tetra_pelena_7_f30f2c80-48c7-4d3c-8023-012e1b5d17ed.jpg?v=1780922455,https://cdn.shopify.com/s/files/1/0943/0738/5730/files/Mini_tetra_pelena_8_9151e386-b9a2-4c8d-9997-e60420a7e932.jpg?v=1780922454,https://cdn.shopify.com/s/files/1/0943/0738/5730/files/Mini_tetra_pelena_9_0e5aa0f7-4875-4f4f-b7af-99b3add20d55.jpg?v=1780922456,https://cdn.shopify.com/s/files/1/0943/0738/5730/files/Mini_tetra_pelena_11_e30947f4-75f4-494c-b7db-b87338b7fe91.jpg?v=1780922455,https://cdn.shopify.com/s/files/1/0943/0738/5730/files/Mini_tetra_pelena_12_96e8d29f-04d1-4116-a9e1-19cfdb7f4292.jpg?v=1780922455,https://cdn.shopify.com/s/files/1/0943/0738/5730/files/Mini_tetra_pelena_13_cb3c49e4-16f4-4c77-9ae2-2e63219b857a.jpg?v=1780922455,https://cdn.shopify.com/s/files/1/0943/0738/5730/files/Mini_tetra_pelena_14_7c0ef284-d298-4873-97f9-2e2ca47b78d4.jpg?v=1780922455	in_stock	new	5.50 EUR	4.95 EUR	Baby Natur	BN-TP-MINI-Teddy	yes		Tetra pelene				Brundo	
shopify_ZZ_15192324342146_56019080413570	15192324342146	MINI tetra pelene - Točkice	Baby Natur mini tetra pelena idealna je za brisanje, umivanje i svakodnevne male nezgode. Praktična i nježna, uvijek je pri ruci kod kuće ili u pokretu. Izrađena od 100% mekanog, prozračnog pamuka i periva na 60°C, pruža sigurnost, higijenu i potpunu udobnost osjetljivoj bebinoj koži.	https://babynatur.hr/products/mini-tetra-pelene-1?variant=56019080413570	https://cdn.shopify.com/s/files/1/0943/0738/5730/files/Mini_tetra_pelena_14_7c0ef284-d298-4873-97f9-2e2ca47b78d4.jpg?v=1780922455	https://cdn.shopify.com/s/files/1/0943/0738/5730/files/baby-natur-muslin-cloths-prints-a1b2c3d4.jpg?v=1780515505,https://cdn.shopify.com/s/files/1/0943/0738/5730/files/baby-natur-muslin-cloths-cherry-lemon-dog-print-a1b2c3d4.jpg?v=1780515505,https://cdn.shopify.com/s/files/1/0943/0738/5730/files/Mini_tetra_pelena_2_e053fbb9-70ef-4c73-9eef-ce00b3e05030.jpg?v=1780922455,https://cdn.shopify.com/s/files/1/0943/0738/5730/files/Mini_tetra_pelena_5_bd82b4c2-5cf3-4e0c-9d21-4c1242c7c0fa.jpg?v=1780922455,https://cdn.shopify.com/s/files/1/0943/0738/5730/files/Mini_tetra_pelena_7_f30f2c80-48c7-4d3c-8023-012e1b5d17ed.jpg?v=1780922455,https://cdn.shopify.com/s/files/1/0943/0738/5730/files/Mini_tetra_pelena_8_9151e386-b9a2-4c8d-9997-e60420a7e932.jpg?v=1780922454,https://cdn.shopify.com/s/files/1/0943/0738/5730/files/Mini_tetra_pelena_9_0e5aa0f7-4875-4f4f-b7af-99b3add20d55.jpg?v=1780922456,https://cdn.shopify.com/s/files/1/0943/0738/5730/files/Mini_tetra_pelena_11_e30947f4-75f4-494c-b7db-b87338b7fe91.jpg?v=1780922455,https://cdn.shopify.com/s/files/1/0943/0738/5730/files/Mini_tetra_pelena_12_96e8d29f-04d1-4116-a9e1-19cfdb7f4292.jpg?v=1780922455,https://cdn.shopify.com/s/files/1/0943/0738/5730/files/Mini_tetra_pelena_13_cb3c49e4-16f4-4c77-9ae2-2e63219b857a.jpg?v=1780922455	in_stock	new	5.50 EUR		Baby Natur	BN-TP-MINI-Dots	yes		Tetra pelene				Točkice	
shopify_ZZ_15192324342146_56019080216962	15192324342146	MINI tetra pelene - Plava	Baby Natur mini tetra pelena idealna je za brisanje, umivanje i svakodnevne male nezgode. Praktična i nježna, uvijek je pri ruci kod kuće ili u pokretu. Izrađena od 100% mekanog, prozračnog pamuka i periva na 60°C, pruža sigurnost, higijenu i potpunu udobnost osjetljivoj bebinoj koži.	https://babynatur.hr/products/mini-tetra-pelene-1?variant=56019080216962	https://cdn.shopify.com/s/files/1/0943/0738/5730/files/Mini_tetra_pelena_9_0e5aa0f7-4875-4f4f-b7af-99b3add20d55.jpg?v=1780922456	https://cdn.shopify.com/s/files/1/0943/0738/5730/files/baby-natur-muslin-cloths-prints-a1b2c3d4.jpg?v=1780515505,https://cdn.shopify.com/s/files/1/0943/0738/5730/files/baby-natur-muslin-cloths-cherry-lemon-dog-print-a1b2c3d4.jpg?v=1780515505,https://cdn.shopify.com/s/files/1/0943/0738/5730/files/Mini_tetra_pelena_2_e053fbb9-70ef-4c73-9eef-ce00b3e05030.jpg?v=1780922455,https://cdn.shopify.com/s/files/1/0943/0738/5730/files/Mini_tetra_pelena_5_bd82b4c2-5cf3-4e0c-9d21-4c1242c7c0fa.jpg?v=1780922455,https://cdn.shopify.com/s/files/1/0943/0738/5730/files/Mini_tetra_pelena_7_f30f2c80-48c7-4d3c-8023-012e1b5d17ed.jpg?v=1780922455,https://cdn.shopify.com/s/files/1/0943/0738/5730/files/Mini_tetra_pelena_8_9151e386-b9a2-4c8d-9997-e60420a7e932.jpg?v=1780922454,https://cdn.shopify.com/s/files/1/0943/0738/5730/files/Mini_tetra_pelena_11_e30947f4-75f4-494c-b7db-b87338b7fe91.jpg?v=1780922455,https://cdn.shopify.com/s/files/1/0943/0738/5730/files/Mini_tetra_pelena_12_96e8d29f-04d1-4116-a9e1-19cfdb7f4292.jpg?v=1780922455,https://cdn.shopify.com/s/files/1/0943/0738/5730/files/Mini_tetra_pelena_13_cb3c49e4-16f4-4c77-9ae2-2e63219b857a.jpg?v=1780922455,https://cdn.shopify.com/s/files/1/0943/0738/5730/files/Mini_tetra_pelena_14_7c0ef284-d298-4873-97f9-2e2ca47b78d4.jpg?v=1780922455	in_stock	new	5.50 EUR		Baby Natur	BN-TP-MINI-Blue	yes		Tetra pelene				Plava	
shopify_ZZ_15192324342146_56019080479106	15192324342146	MINI tetra pelene - Šuma	Baby Natur mini tetra pelena idealna je za brisanje, umivanje i svakodnevne male nezgode. Praktična i nježna, uvijek je pri ruci kod kuće ili u pokretu. Izrađena od 100% mekanog, prozračnog pamuka i periva na 60°C, pruža sigurnost, higijenu i potpunu udobnost osjetljivoj bebinoj koži.	https://babynatur.hr/products/mini-tetra-pelene-1?variant=56019080479106	https://cdn.shopify.com/s/files/1/0943/0738/5730/files/Mini_tetra_pelena_13_cb3c49e4-16f4-4c77-9ae2-2e63219b857a.jpg?v=1780922455	https://cdn.shopify.com/s/files/1/0943/0738/5730/files/baby-natur-muslin-cloths-prints-a1b2c3d4.jpg?v=1780515505,https://cdn.shopify.com/s/files/1/0943/0738/5730/files/baby-natur-muslin-cloths-cherry-lemon-dog-print-a1b2c3d4.jpg?v=1780515505,https://cdn.shopify.com/s/files/1/0943/0738/5730/files/Mini_tetra_pelena_2_e053fbb9-70ef-4c73-9eef-ce00b3e05030.jpg?v=1780922455,https://cdn.shopify.com/s/files/1/0943/0738/5730/files/Mini_tetra_pelena_5_bd82b4c2-5cf3-4e0c-9d21-4c1242c7c0fa.jpg?v=1780922455,https://cdn.shopify.com/s/files/1/0943/0738/5730/files/Mini_tetra_pelena_7_f30f2c80-48c7-4d3c-8023-012e1b5d17ed.jpg?v=1780922455,https://cdn.shopify.com/s/files/1/0943/0738/5730/files/Mini_tetra_pelena_8_9151e386-b9a2-4c8d-9997-e60420a7e932.jpg?v=1780922454,https://cdn.shopify.com/s/files/1/0943/0738/5730/files/Mini_tetra_pelena_9_0e5aa0f7-4875-4f4f-b7af-99b3add20d55.jpg?v=1780922456,https://cdn.shopify.com/s/files/1/0943/0738/5730/files/Mini_tetra_pelena_11_e30947f4-75f4-494c-b7db-b87338b7fe91.jpg?v=1780922455,https://cdn.shopify.com/s/files/1/0943/0738/5730/files/Mini_tetra_pelena_12_96e8d29f-04d1-4116-a9e1-19cfdb7f4292.jpg?v=1780922455,https://cdn.shopify.com/s/files/1/0943/0738/5730/files/Mini_tetra_pelena_14_7c0ef284-d298-4873-97f9-2e2ca47b78d4.jpg?v=1780922455	in_stock	new	5.50 EUR		Baby Natur	BN-TP-MINI-Forest	yes		Tetra pelene				Šuma	
shopify_ZZ_15192324342146_56696447074690	15192324342146	MINI tetra pelene - Archi	Baby Natur mini tetra pelena idealna je za brisanje, umivanje i svakodnevne male nezgode. Praktična i nježna, uvijek je pri ruci kod kuće ili u pokretu. Izrađena od 100% mekanog, prozračnog pamuka i periva na 60°C, pruža sigurnost, higijenu i potpunu udobnost osjetljivoj bebinoj koži.	https://babynatur.hr/products/mini-tetra-pelene-1?variant=56696447074690	https://cdn.shopify.com/s/files/1/0943/0738/5730/files/baby-natur-french-bulldog-muslin-cloth-a1b2c3d4_11127df4-c83e-4392-b07f-6e4ee2de6679.jpg?v=1780922456	https://cdn.shopify.com/s/files/1/0943/0738/5730/files/baby-natur-muslin-cloths-prints-a1b2c3d4.jpg?v=1780515505,https://cdn.shopify.com/s/files/1/0943/0738/5730/files/baby-natur-muslin-cloths-cherry-lemon-dog-print-a1b2c3d4.jpg?v=1780515505,https://cdn.shopify.com/s/files/1/0943/0738/5730/files/Mini_tetra_pelena_2_e053fbb9-70ef-4c73-9eef-ce00b3e05030.jpg?v=1780922455,https://cdn.shopify.com/s/files/1/0943/0738/5730/files/Mini_tetra_pelena_5_bd82b4c2-5cf3-4e0c-9d21-4c1242c7c0fa.jpg?v=1780922455,https://cdn.shopify.com/s/files/1/0943/0738/5730/files/Mini_tetra_pelena_7_f30f2c80-48c7-4d3c-8023-012e1b5d17ed.jpg?v=1780922455,https://cdn.shopify.com/s/files/1/0943/0738/5730/files/Mini_tetra_pelena_8_9151e386-b9a2-4c8d-9997-e60420a7e932.jpg?v=1780922454,https://cdn.shopify.com/s/files/1/0943/0738/5730/files/Mini_tetra_pelena_9_0e5aa0f7-4875-4f4f-b7af-99b3add20d55.jpg?v=1780922456,https://cdn.shopify.com/s/files/1/0943/0738/5730/files/Mini_tetra_pelena_11_e30947f4-75f4-494c-b7db-b87338b7fe91.jpg?v=1780922455,https://cdn.shopify.com/s/files/1/0943/0738/5730/files/Mini_tetra_pelena_12_96e8d29f-04d1-4116-a9e1-19cfdb7f4292.jpg?v=1780922455,https://cdn.shopify.com/s/files/1/0943/0738/5730/files/Mini_tetra_pelena_13_cb3c49e4-16f4-4c77-9ae2-2e63219b857a.jpg?v=1780922455	in_stock	new	5.50 EUR		Baby Natur		no		Tetra pelene				Archi	
shopify_ZZ_15192324342146_56696447107458	15192324342146	MINI tetra pelene - Limuni	Baby Natur mini tetra pelena idealna je za brisanje, umivanje i svakodnevne male nezgode. Praktična i nježna, uvijek je pri ruci kod kuće ili u pokretu. Izrađena od 100% mekanog, prozračnog pamuka i periva na 60°C, pruža sigurnost, higijenu i potpunu udobnost osjetljivoj bebinoj koži.	https://babynatur.hr/products/mini-tetra-pelene-1?variant=56696447107458	https://cdn.shopify.com/s/files/1/0943/0738/5730/files/babynatur-lemon-muslin-cloth-a1b2c3d4_2eaf8e56-8b1a-474a-9c91-0e965d0da543.jpg?v=1780922456	https://cdn.shopify.com/s/files/1/0943/0738/5730/files/baby-natur-muslin-cloths-prints-a1b2c3d4.jpg?v=1780515505,https://cdn.shopify.com/s/files/1/0943/0738/5730/files/baby-natur-muslin-cloths-cherry-lemon-dog-print-a1b2c3d4.jpg?v=1780515505,https://cdn.shopify.com/s/files/1/0943/0738/5730/files/Mini_tetra_pelena_2_e053fbb9-70ef-4c73-9eef-ce00b3e05030.jpg?v=1780922455,https://cdn.shopify.com/s/files/1/0943/0738/5730/files/Mini_tetra_pelena_5_bd82b4c2-5cf3-4e0c-9d21-4c1242c7c0fa.jpg?v=1780922455,https://cdn.shopify.com/s/files/1/0943/0738/5730/files/Mini_tetra_pelena_7_f30f2c80-48c7-4d3c-8023-012e1b5d17ed.jpg?v=1780922455,https://cdn.shopify.com/s/files/1/0943/0738/5730/files/Mini_tetra_pelena_8_9151e386-b9a2-4c8d-9997-e60420a7e932.jpg?v=1780922454,https://cdn.shopify.com/s/files/1/0943/0738/5730/files/Mini_tetra_pelena_9_0e5aa0f7-4875-4f4f-b7af-99b3add20d55.jpg?v=1780922456,https://cdn.shopify.com/s/files/1/0943/0738/5730/files/Mini_tetra_pelena_11_e30947f4-75f4-494c-b7db-b87338b7fe91.jpg?v=1780922455,https://cdn.shopify.com/s/files/1/0943/0738/5730/files/Mini_tetra_pelena_12_96e8d29f-04d1-4116-a9e1-19cfdb7f4292.jpg?v=1780922455,https://cdn.shopify.com/s/files/1/0943/0738/5730/files/Mini_tetra_pelena_13_cb3c49e4-16f4-4c77-9ae2-2e63219b857a.jpg?v=1780922455	in_stock	new	5.50 EUR		Baby Natur		no		Tetra pelene				Limuni	
shopify_ZZ_15192324342146_56019080348034	15192324342146	MINI tetra pelene - Krem	Baby Natur mini tetra pelena idealna je za brisanje, umivanje i svakodnevne male nezgode. Praktična i nježna, uvijek je pri ruci kod kuće ili u pokretu. Izrađena od 100% mekanog, prozračnog pamuka i periva na 60°C, pruža sigurnost, higijenu i potpunu udobnost osjetljivoj bebinoj koži.	https://babynatur.hr/products/mini-tetra-pelene-1?variant=56019080348034	https://cdn.shopify.com/s/files/1/0943/0738/5730/files/Mini_tetra_pelena_7_f30f2c80-48c7-4d3c-8023-012e1b5d17ed.jpg?v=1780922455	https://cdn.shopify.com/s/files/1/0943/0738/5730/files/baby-natur-muslin-cloths-prints-a1b2c3d4.jpg?v=1780515505,https://cdn.shopify.com/s/files/1/0943/0738/5730/files/baby-natur-muslin-cloths-cherry-lemon-dog-print-a1b2c3d4.jpg?v=1780515505,https://cdn.shopify.com/s/files/1/0943/0738/5730/files/Mini_tetra_pelena_2_e053fbb9-70ef-4c73-9eef-ce00b3e05030.jpg?v=1780922455,https://cdn.shopify.com/s/files/1/0943/0738/5730/files/Mini_tetra_pelena_5_bd82b4c2-5cf3-4e0c-9d21-4c1242c7c0fa.jpg?v=1780922455,https://cdn.shopify.com/s/files/1/0943/0738/5730/files/Mini_tetra_pelena_8_9151e386-b9a2-4c8d-9997-e60420a7e932.jpg?v=1780922454,https://cdn.shopify.com/s/files/1/0943/0738/5730/files/Mini_tetra_pelena_9_0e5aa0f7-4875-4f4f-b7af-99b3add20d55.jpg?v=1780922456,https://cdn.shopify.com/s/files/1/0943/0738/5730/files/Mini_tetra_pelena_11_e30947f4-75f4-494c-b7db-b87338b7fe91.jpg?v=1780922455,https://cdn.shopify.com/s/files/1/0943/0738/5730/files/Mini_tetra_pelena_12_96e8d29f-04d1-4116-a9e1-19cfdb7f4292.jpg?v=1780922455,https://cdn.shopify.com/s/files/1/0943/0738/5730/files/Mini_tetra_pelena_13_cb3c49e4-16f4-4c77-9ae2-2e63219b857a.jpg?v=1780922455,https://cdn.shopify.com/s/files/1/0943/0738/5730/files/Mini_tetra_pelena_14_7c0ef284-d298-4873-97f9-2e2ca47b78d4.jpg?v=1780922455	in_stock	new	5.50 EUR		Baby Natur	BN-TP-MINI-Beige	yes		Tetra pelene				Krem	
shopify_ZZ_15192324342146_56019080380802	15192324342146	MINI tetra pelene - Krem s cvjetićima	Baby Natur mini tetra pelena idealna je za brisanje, umivanje i svakodnevne male nezgode. Praktična i nježna, uvijek je pri ruci kod kuće ili u pokretu. Izrađena od 100% mekanog, prozračnog pamuka i periva na 60°C, pruža sigurnost, higijenu i potpunu udobnost osjetljivoj bebinoj koži.	https://babynatur.hr/products/mini-tetra-pelene-1?variant=56019080380802	https://cdn.shopify.com/s/files/1/0943/0738/5730/files/Mini_tetra_pelena_5_bd82b4c2-5cf3-4e0c-9d21-4c1242c7c0fa.jpg?v=1780922455	https://cdn.shopify.com/s/files/1/0943/0738/5730/files/baby-natur-muslin-cloths-prints-a1b2c3d4.jpg?v=1780515505,https://cdn.shopify.com/s/files/1/0943/0738/5730/files/baby-natur-muslin-cloths-cherry-lemon-dog-print-a1b2c3d4.jpg?v=1780515505,https://cdn.shopify.com/s/files/1/0943/0738/5730/files/Mini_tetra_pelena_2_e053fbb9-70ef-4c73-9eef-ce00b3e05030.jpg?v=1780922455,https://cdn.shopify.com/s/files/1/0943/0738/5730/files/Mini_tetra_pelena_7_f30f2c80-48c7-4d3c-8023-012e1b5d17ed.jpg?v=1780922455,https://cdn.shopify.com/s/files/1/0943/0738/5730/files/Mini_tetra_pelena_8_9151e386-b9a2-4c8d-9997-e60420a7e932.jpg?v=1780922454,https://cdn.shopify.com/s/files/1/0943/0738/5730/files/Mini_tetra_pelena_9_0e5aa0f7-4875-4f4f-b7af-99b3add20d55.jpg?v=1780922456,https://cdn.shopify.com/s/files/1/0943/0738/5730/files/Mini_tetra_pelena_11_e30947f4-75f4-494c-b7db-b87338b7fe91.jpg?v=1780922455,https://cdn.shopify.com/s/files/1/0943/0738/5730/files/Mini_tetra_pelena_12_96e8d29f-04d1-4116-a9e1-19cfdb7f4292.jpg?v=1780922455,https://cdn.shopify.com/s/files/1/0943/0738/5730/files/Mini_tetra_pelena_13_cb3c49e4-16f4-4c77-9ae2-2e63219b857a.jpg?v=1780922455,https://cdn.shopify.com/s/files/1/0943/0738/5730/files/Mini_tetra_pelena_14_7c0ef284-d298-4873-97f9-2e2ca47b78d4.jpg?v=1780922455	in_stock	new	5.50 EUR		Baby Natur	BN-TP-MINI-Beige-Flower	yes		Tetra pelene				Krem s cvjetićima	
shopify_ZZ_15192324342146_56019080511874	15192324342146	MINI tetra pelene - Srca	Baby Natur mini tetra pelena idealna je za brisanje, umivanje i svakodnevne male nezgode. Praktična i nježna, uvijek je pri ruci kod kuće ili u pokretu. Izrađena od 100% mekanog, prozračnog pamuka i periva na 60°C, pruža sigurnost, higijenu i potpunu udobnost osjetljivoj bebinoj koži.	https://babynatur.hr/products/mini-tetra-pelene-1?variant=56019080511874	https://cdn.shopify.com/s/files/1/0943/0738/5730/files/Mini_tetra_pelena_12_96e8d29f-04d1-4116-a9e1-19cfdb7f4292.jpg?v=1780922455	https://cdn.shopify.com/s/files/1/0943/0738/5730/files/baby-natur-muslin-cloths-prints-a1b2c3d4.jpg?v=1780515505,https://cdn.shopify.com/s/files/1/0943/0738/5730/files/baby-natur-muslin-cloths-cherry-lemon-dog-print-a1b2c3d4.jpg?v=1780515505,https://cdn.shopify.com/s/files/1/0943/0738/5730/files/Mini_tetra_pelena_2_e053fbb9-70ef-4c73-9eef-ce00b3e05030.jpg?v=1780922455,https://cdn.shopify.com/s/files/1/0943/0738/5730/files/Mini_tetra_pelena_5_bd82b4c2-5cf3-4e0c-9d21-4c1242c7c0fa.jpg?v=1780922455,https://cdn.shopify.com/s/files/1/0943/0738/5730/files/Mini_tetra_pelena_7_f30f2c80-48c7-4d3c-8023-012e1b5d17ed.jpg?v=1780922455,https://cdn.shopify.com/s/files/1/0943/0738/5730/files/Mini_tetra_pelena_8_9151e386-b9a2-4c8d-9997-e60420a7e932.jpg?v=1780922454,https://cdn.shopify.com/s/files/1/0943/0738/5730/files/Mini_tetra_pelena_9_0e5aa0f7-4875-4f4f-b7af-99b3add20d55.jpg?v=1780922456,https://cdn.shopify.com/s/files/1/0943/0738/5730/files/Mini_tetra_pelena_11_e30947f4-75f4-494c-b7db-b87338b7fe91.jpg?v=1780922455,https://cdn.shopify.com/s/files/1/0943/0738/5730/files/Mini_tetra_pelena_13_cb3c49e4-16f4-4c77-9ae2-2e63219b857a.jpg?v=1780922455,https://cdn.shopify.com/s/files/1/0943/0738/5730/files/Mini_tetra_pelena_14_7c0ef284-d298-4873-97f9-2e2ca47b78d4.jpg?v=1780922455	in_stock	new	5.50 EUR	4.95 EUR	Baby Natur	BN-TP-MINI-Heart	yes		Tetra pelene				Srca	
shopify_ZZ_15192324342146_56019080544642	15192324342146	MINI tetra pelene - Roza	Baby Natur mini tetra pelena idealna je za brisanje, umivanje i svakodnevne male nezgode. Praktična i nježna, uvijek je pri ruci kod kuće ili u pokretu. Izrađena od 100% mekanog, prozračnog pamuka i periva na 60°C, pruža sigurnost, higijenu i potpunu udobnost osjetljivoj bebinoj koži.	https://babynatur.hr/products/mini-tetra-pelene-1?variant=56019080544642	https://cdn.shopify.com/s/files/1/0943/0738/5730/files/Mini_tetra_pelena_11_e30947f4-75f4-494c-b7db-b87338b7fe91.jpg?v=1780922455	https://cdn.shopify.com/s/files/1/0943/0738/5730/files/baby-natur-muslin-cloths-prints-a1b2c3d4.jpg?v=1780515505,https://cdn.shopify.com/s/files/1/0943/0738/5730/files/baby-natur-muslin-cloths-cherry-lemon-dog-print-a1b2c3d4.jpg?v=1780515505,https://cdn.shopify.com/s/files/1/0943/0738/5730/files/Mini_tetra_pelena_2_e053fbb9-70ef-4c73-9eef-ce00b3e05030.jpg?v=1780922455,https://cdn.shopify.com/s/files/1/0943/0738/5730/files/Mini_tetra_pelena_5_bd82b4c2-5cf3-4e0c-9d21-4c1242c7c0fa.jpg?v=1780922455,https://cdn.shopify.com/s/files/1/0943/0738/5730/files/Mini_tetra_pelena_7_f30f2c80-48c7-4d3c-8023-012e1b5d17ed.jpg?v=1780922455,https://cdn.shopify.com/s/files/1/0943/0738/5730/files/Mini_tetra_pelena_8_9151e386-b9a2-4c8d-9997-e60420a7e932.jpg?v=1780922454,https://cdn.shopify.com/s/files/1/0943/0738/5730/files/Mini_tetra_pelena_9_0e5aa0f7-4875-4f4f-b7af-99b3add20d55.jpg?v=1780922456,https://cdn.shopify.com/s/files/1/0943/0738/5730/files/Mini_tetra_pelena_12_96e8d29f-04d1-4116-a9e1-19cfdb7f4292.jpg?v=1780922455,https://cdn.shopify.com/s/files/1/0943/0738/5730/files/Mini_tetra_pelena_13_cb3c49e4-16f4-4c77-9ae2-2e63219b857a.jpg?v=1780922455,https://cdn.shopify.com/s/files/1/0943/0738/5730/files/Mini_tetra_pelena_14_7c0ef284-d298-4873-97f9-2e2ca47b78d4.jpg?v=1780922455	in_stock	new	5.50 EUR		Baby Natur	BN-TP-MINI-Rose	yes		Tetra pelene				Roza	
shopify_ZZ_15192324342146_56696447140226	15192324342146	MINI tetra pelene - Cvjetići	Baby Natur mini tetra pelena idealna je za brisanje, umivanje i svakodnevne male nezgode. Praktična i nježna, uvijek je pri ruci kod kuće ili u pokretu. Izrađena od 100% mekanog, prozračnog pamuka i periva na 60°C, pruža sigurnost, higijenu i potpunu udobnost osjetljivoj bebinoj koži.	https://babynatur.hr/products/mini-tetra-pelene-1?variant=56696447140226	https://cdn.shopify.com/s/files/1/0943/0738/5730/files/baby-natur-floral-muslin-swaddle-blanket-a1b2c3d4_814c4e1e-4195-4153-9450-9d28bb80e048.jpg?v=1780922456	https://cdn.shopify.com/s/files/1/0943/0738/5730/files/baby-natur-muslin-cloths-prints-a1b2c3d4.jpg?v=1780515505,https://cdn.shopify.com/s/files/1/0943/0738/5730/files/baby-natur-muslin-cloths-cherry-lemon-dog-print-a1b2c3d4.jpg?v=1780515505,https://cdn.shopify.com/s/files/1/0943/0738/5730/files/Mini_tetra_pelena_2_e053fbb9-70ef-4c73-9eef-ce00b3e05030.jpg?v=1780922455,https://cdn.shopify.com/s/files/1/0943/0738/5730/files/Mini_tetra_pelena_5_bd82b4c2-5cf3-4e0c-9d21-4c1242c7c0fa.jpg?v=1780922455,https://cdn.shopify.com/s/files/1/0943/0738/5730/files/Mini_tetra_pelena_7_f30f2c80-48c7-4d3c-8023-012e1b5d17ed.jpg?v=1780922455,https://cdn.shopify.com/s/files/1/0943/0738/5730/files/Mini_tetra_pelena_8_9151e386-b9a2-4c8d-9997-e60420a7e932.jpg?v=1780922454,https://cdn.shopify.com/s/files/1/0943/0738/5730/files/Mini_tetra_pelena_9_0e5aa0f7-4875-4f4f-b7af-99b3add20d55.jpg?v=1780922456,https://cdn.shopify.com/s/files/1/0943/0738/5730/files/Mini_tetra_pelena_11_e30947f4-75f4-494c-b7db-b87338b7fe91.jpg?v=1780922455,https://cdn.shopify.com/s/files/1/0943/0738/5730/files/Mini_tetra_pelena_12_96e8d29f-04d1-4116-a9e1-19cfdb7f4292.jpg?v=1780922455,https://cdn.shopify.com/s/files/1/0943/0738/5730/files/Mini_tetra_pelena_13_cb3c49e4-16f4-4c77-9ae2-2e63219b857a.jpg?v=1780922455	in_stock	new	5.50 EUR		Baby Natur		no		Tetra pelene				Cvjetići	
shopify_ZZ_15192324342146_56696447172994	15192324342146	MINI tetra pelene - Trešnjice	Baby Natur mini tetra pelena idealna je za brisanje, umivanje i svakodnevne male nezgode. Praktična i nježna, uvijek je pri ruci kod kuće ili u pokretu. Izrađena od 100% mekanog, prozračnog pamuka i periva na 60°C, pruža sigurnost, higijenu i potpunu udobnost osjetljivoj bebinoj koži.	https://babynatur.hr/products/mini-tetra-pelene-1?variant=56696447172994	https://cdn.shopify.com/s/files/1/0943/0738/5730/files/baby-natur-cherry-muslin-cloth-a1b2c3d4_f77a1f96-c671-40a9-9e19-b7ae62afc21f.jpg?v=1780922456	https://cdn.shopify.com/s/files/1/0943/0738/5730/files/baby-natur-muslin-cloths-prints-a1b2c3d4.jpg?v=1780515505,https://cdn.shopify.com/s/files/1/0943/0738/5730/files/baby-natur-muslin-cloths-cherry-lemon-dog-print-a1b2c3d4.jpg?v=1780515505,https://cdn.shopify.com/s/files/1/0943/0738/5730/files/Mini_tetra_pelena_2_e053fbb9-70ef-4c73-9eef-ce00b3e05030.jpg?v=1780922455,https://cdn.shopify.com/s/files/1/0943/0738/5730/files/Mini_tetra_pelena_5_bd82b4c2-5cf3-4e0c-9d21-4c1242c7c0fa.jpg?v=1780922455,https://cdn.shopify.com/s/files/1/0943/0738/5730/files/Mini_tetra_pelena_7_f30f2c80-48c7-4d3c-8023-012e1b5d17ed.jpg?v=1780922455,https://cdn.shopify.com/s/files/1/0943/0738/5730/files/Mini_tetra_pelena_8_9151e386-b9a2-4c8d-9997-e60420a7e932.jpg?v=1780922454,https://cdn.shopify.com/s/files/1/0943/0738/5730/files/Mini_tetra_pelena_9_0e5aa0f7-4875-4f4f-b7af-99b3add20d55.jpg?v=1780922456,https://cdn.shopify.com/s/files/1/0943/0738/5730/files/Mini_tetra_pelena_11_e30947f4-75f4-494c-b7db-b87338b7fe91.jpg?v=1780922455,https://cdn.shopify.com/s/files/1/0943/0738/5730/files/Mini_tetra_pelena_12_96e8d29f-04d1-4116-a9e1-19cfdb7f4292.jpg?v=1780922455,https://cdn.shopify.com/s/files/1/0943/0738/5730/files/Mini_tetra_pelena_13_cb3c49e4-16f4-4c77-9ae2-2e63219b857a.jpg?v=1780922455	in_stock	new	5.50 EUR		Baby Natur		no		Tetra pelene				Trešnjice	
shopify_ZZ_15192324276610_56019079463298	15192324276610	MAXI tetra pelene - Medo	Velika muslin pelena može služiti kao lagana dekica, prekrivač, podloga za igru ili umatanje bebe. Prozračna i nježna, pruža bebi udobnost tijekom odmora, dojenja ili vožnje u kolicima. Izrađena od 100% prozračnog pamuka i periva na 60°C, ova tkanina ostaje izdržljiva, mekana i sigurna za svakodnevnu upotrebu.	https://babynatur.hr/products/maxi-tetra-pelene?variant=56019079463298	https://cdn.shopify.com/s/files/1/0943/0738/5730/files/Maxi_tetra_pelena10_d7622cd2-23e0-403e-bf27-96b2e2d9982a.jpg?v=1780923048	https://cdn.shopify.com/s/files/1/0943/0738/5730/files/Maxi_tetra_pelena_f45ebef2-57e8-4946-8efd-c5544df1cd1c.jpg?v=1780923049,https://cdn.shopify.com/s/files/1/0943/0738/5730/files/Maxi_tetra_pelena_3_7fb7bf54-99f9-467f-b090-8ea8c3546115.jpg?v=1780923049,https://cdn.shopify.com/s/files/1/0943/0738/5730/files/Maxi_tetra_pelena222_becb7b1a-b1f1-4a36-9ead-0fc043c956ea.jpg?v=1780923048,https://cdn.shopify.com/s/files/1/0943/0738/5730/files/Maxi_tetra_pelena121_bc79e26a-c4d9-47d0-b172-1841150c3dfa.jpg?v=1780923049,https://cdn.shopify.com/s/files/1/0943/0738/5730/files/Maxi_tetra_pelena_2131_a3e9fe13-a5ca-45f4-b544-ccf83b7a8f47.jpg?v=1780923048,https://cdn.shopify.com/s/files/1/0943/0738/5730/files/Maxi_tetra_pelena_9_41bf5bc7-1db9-4f03-a840-aad5ab18169d.jpg?v=1780923048,https://cdn.shopify.com/s/files/1/0943/0738/5730/files/Maxi_tetra_pelena_543_017daf96-cff9-4dc7-87c7-62e94c700687.jpg?v=1780923048,https://cdn.shopify.com/s/files/1/0943/0738/5730/files/Maxi_tetra_pelena333_a3e7c3ac-62ae-46a1-acc6-f21f7822be6c.jpg?v=1780923048,https://cdn.shopify.com/s/files/1/0943/0738/5730/files/Maxi_tetra_pelena_432_79cf0f15-219e-45d4-860b-cd741d8693b6.jpg?v=1780923048,https://cdn.shopify.com/s/files/1/0943/0738/5730/files/Maxi_tetra_pelena_321_f56e9b95-37c7-4317-aa91-8411379c31b3.jpg?v=1780923048	in_stock	new	23.00 EUR		Baby Natur	BN-TP-MAXI-Bear	yes		Tetra pelene				Medo	
shopify_ZZ_15192324276610_56696459493762	15192324276610	MAXI tetra pelene - Archi	Velika muslin pelena može služiti kao lagana dekica, prekrivač, podloga za igru ili umatanje bebe. Prozračna i nježna, pruža bebi udobnost tijekom odmora, dojenja ili vožnje u kolicima. Izrađena od 100% prozračnog pamuka i periva na 60°C, ova tkanina ostaje izdržljiva, mekana i sigurna za svakodnevnu upotrebu.	https://babynatur.hr/products/maxi-tetra-pelene?variant=56696459493762	https://cdn.shopify.com/s/files/1/0943/0738/5730/files/Maxi_tetra_pelena333_a3e7c3ac-62ae-46a1-acc6-f21f7822be6c.jpg?v=1780923048	https://cdn.shopify.com/s/files/1/0943/0738/5730/files/Maxi_tetra_pelena_f45ebef2-57e8-4946-8efd-c5544df1cd1c.jpg?v=1780923049,https://cdn.shopify.com/s/files/1/0943/0738/5730/files/Maxi_tetra_pelena_3_7fb7bf54-99f9-467f-b090-8ea8c3546115.jpg?v=1780923049,https://cdn.shopify.com/s/files/1/0943/0738/5730/files/Maxi_tetra_pelena222_becb7b1a-b1f1-4a36-9ead-0fc043c956ea.jpg?v=1780923048,https://cdn.shopify.com/s/files/1/0943/0738/5730/files/Maxi_tetra_pelena121_bc79e26a-c4d9-47d0-b172-1841150c3dfa.jpg?v=1780923049,https://cdn.shopify.com/s/files/1/0943/0738/5730/files/Maxi_tetra_pelena_2131_a3e9fe13-a5ca-45f4-b544-ccf83b7a8f47.jpg?v=1780923048,https://cdn.shopify.com/s/files/1/0943/0738/5730/files/Maxi_tetra_pelena_9_41bf5bc7-1db9-4f03-a840-aad5ab18169d.jpg?v=1780923048,https://cdn.shopify.com/s/files/1/0943/0738/5730/files/Maxi_tetra_pelena10_d7622cd2-23e0-403e-bf27-96b2e2d9982a.jpg?v=1780923048,https://cdn.shopify.com/s/files/1/0943/0738/5730/files/Maxi_tetra_pelena_543_017daf96-cff9-4dc7-87c7-62e94c700687.jpg?v=1780923048,https://cdn.shopify.com/s/files/1/0943/0738/5730/files/Maxi_tetra_pelena_432_79cf0f15-219e-45d4-860b-cd741d8693b6.jpg?v=1780923048,https://cdn.shopify.com/s/files/1/0943/0738/5730/files/Maxi_tetra_pelena_321_f56e9b95-37c7-4317-aa91-8411379c31b3.jpg?v=1780923048	in_stock	new	23.00 EUR		Baby Natur		no		Tetra pelene				Archi	
shopify_ZZ_15192324276610_56696459526530	15192324276610	MAXI tetra pelene - Limuni	Velika muslin pelena može služiti kao lagana dekica, prekrivač, podloga za igru ili umatanje bebe. Prozračna i nježna, pruža bebi udobnost tijekom odmora, dojenja ili vožnje u kolicima. Izrađena od 100% prozračnog pamuka i periva na 60°C, ova tkanina ostaje izdržljiva, mekana i sigurna za svakodnevnu upotrebu.	https://babynatur.hr/products/maxi-tetra-pelene?variant=56696459526530	https://cdn.shopify.com/s/files/1/0943/0738/5730/files/Maxi_tetra_pelena_432_79cf0f15-219e-45d4-860b-cd741d8693b6.jpg?v=1780923048	https://cdn.shopify.com/s/files/1/0943/0738/5730/files/Maxi_tetra_pelena_f45ebef2-57e8-4946-8efd-c5544df1cd1c.jpg?v=1780923049,https://cdn.shopify.com/s/files/1/0943/0738/5730/files/Maxi_tetra_pelena_3_7fb7bf54-99f9-467f-b090-8ea8c3546115.jpg?v=1780923049,https://cdn.shopify.com/s/files/1/0943/0738/5730/files/Maxi_tetra_pelena222_becb7b1a-b1f1-4a36-9ead-0fc043c956ea.jpg?v=1780923048,https://cdn.shopify.com/s/files/1/0943/0738/5730/files/Maxi_tetra_pelena121_bc79e26a-c4d9-47d0-b172-1841150c3dfa.jpg?v=1780923049,https://cdn.shopify.com/s/files/1/0943/0738/5730/files/Maxi_tetra_pelena_2131_a3e9fe13-a5ca-45f4-b544-ccf83b7a8f47.jpg?v=1780923048,https://cdn.shopify.com/s/files/1/0943/0738/5730/files/Maxi_tetra_pelena_9_41bf5bc7-1db9-4f03-a840-aad5ab18169d.jpg?v=1780923048,https://cdn.shopify.com/s/files/1/0943/0738/5730/files/Maxi_tetra_pelena10_d7622cd2-23e0-403e-bf27-96b2e2d9982a.jpg?v=1780923048,https://cdn.shopify.com/s/files/1/0943/0738/5730/files/Maxi_tetra_pelena_543_017daf96-cff9-4dc7-87c7-62e94c700687.jpg?v=1780923048,https://cdn.shopify.com/s/files/1/0943/0738/5730/files/Maxi_tetra_pelena333_a3e7c3ac-62ae-46a1-acc6-f21f7822be6c.jpg?v=1780923048,https://cdn.shopify.com/s/files/1/0943/0738/5730/files/Maxi_tetra_pelena_321_f56e9b95-37c7-4317-aa91-8411379c31b3.jpg?v=1780923048	in_stock	new	23.00 EUR		Baby Natur		no		Tetra pelene				Limuni	
shopify_ZZ_15192324276610_56019079594370	15192324276610	MAXI tetra pelene - Krem s cvjetićima	Velika muslin pelena može služiti kao lagana dekica, prekrivač, podloga za igru ili umatanje bebe. Prozračna i nježna, pruža bebi udobnost tijekom odmora, dojenja ili vožnje u kolicima. Izrađena od 100% prozračnog pamuka i periva na 60°C, ova tkanina ostaje izdržljiva, mekana i sigurna za svakodnevnu upotrebu.	https://babynatur.hr/products/maxi-tetra-pelene?variant=56019079594370	https://cdn.shopify.com/s/files/1/0943/0738/5730/files/Maxi_tetra_pelena_9_41bf5bc7-1db9-4f03-a840-aad5ab18169d.jpg?v=1780923048	https://cdn.shopify.com/s/files/1/0943/0738/5730/files/Maxi_tetra_pelena_f45ebef2-57e8-4946-8efd-c5544df1cd1c.jpg?v=1780923049,https://cdn.shopify.com/s/files/1/0943/0738/5730/files/Maxi_tetra_pelena_3_7fb7bf54-99f9-467f-b090-8ea8c3546115.jpg?v=1780923049,https://cdn.shopify.com/s/files/1/0943/0738/5730/files/Maxi_tetra_pelena222_becb7b1a-b1f1-4a36-9ead-0fc043c956ea.jpg?v=1780923048,https://cdn.shopify.com/s/files/1/0943/0738/5730/files/Maxi_tetra_pelena121_bc79e26a-c4d9-47d0-b172-1841150c3dfa.jpg?v=1780923049,https://cdn.shopify.com/s/files/1/0943/0738/5730/files/Maxi_tetra_pelena_2131_a3e9fe13-a5ca-45f4-b544-ccf83b7a8f47.jpg?v=1780923048,https://cdn.shopify.com/s/files/1/0943/0738/5730/files/Maxi_tetra_pelena10_d7622cd2-23e0-403e-bf27-96b2e2d9982a.jpg?v=1780923048,https://cdn.shopify.com/s/files/1/0943/0738/5730/files/Maxi_tetra_pelena_543_017daf96-cff9-4dc7-87c7-62e94c700687.jpg?v=1780923048,https://cdn.shopify.com/s/files/1/0943/0738/5730/files/Maxi_tetra_pelena333_a3e7c3ac-62ae-46a1-acc6-f21f7822be6c.jpg?v=1780923048,https://cdn.shopify.com/s/files/1/0943/0738/5730/files/Maxi_tetra_pelena_432_79cf0f15-219e-45d4-860b-cd741d8693b6.jpg?v=1780923048,https://cdn.shopify.com/s/files/1/0943/0738/5730/files/Maxi_tetra_pelena_321_f56e9b95-37c7-4317-aa91-8411379c31b3.jpg?v=1780923048	in_stock	new	23.00 EUR		Baby Natur	BN-TP-MAXI-Beige-Flowers	yes		Tetra pelene				Krem s cvjetićima	
shopify_ZZ_15192324276610_56696459559298	15192324276610	MAXI tetra pelene - Trešnjice	Velika muslin pelena može služiti kao lagana dekica, prekrivač, podloga za igru ili umatanje bebe. Prozračna i nježna, pruža bebi udobnost tijekom odmora, dojenja ili vožnje u kolicima. Izrađena od 100% prozračnog pamuka i periva na 60°C, ova tkanina ostaje izdržljiva, mekana i sigurna za svakodnevnu upotrebu.	https://babynatur.hr/products/maxi-tetra-pelene?variant=56696459559298	https://cdn.shopify.com/s/files/1/0943/0738/5730/files/Maxi_tetra_pelena_543_017daf96-cff9-4dc7-87c7-62e94c700687.jpg?v=1780923048	https://cdn.shopify.com/s/files/1/0943/0738/5730/files/Maxi_tetra_pelena_f45ebef2-57e8-4946-8efd-c5544df1cd1c.jpg?v=1780923049,https://cdn.shopify.com/s/files/1/0943/0738/5730/files/Maxi_tetra_pelena_3_7fb7bf54-99f9-467f-b090-8ea8c3546115.jpg?v=1780923049,https://cdn.shopify.com/s/files/1/0943/0738/5730/files/Maxi_tetra_pelena222_becb7b1a-b1f1-4a36-9ead-0fc043c956ea.jpg?v=1780923048,https://cdn.shopify.com/s/files/1/0943/0738/5730/files/Maxi_tetra_pelena121_bc79e26a-c4d9-47d0-b172-1841150c3dfa.jpg?v=1780923049,https://cdn.shopify.com/s/files/1/0943/0738/5730/files/Maxi_tetra_pelena_2131_a3e9fe13-a5ca-45f4-b544-ccf83b7a8f47.jpg?v=1780923048,https://cdn.shopify.com/s/files/1/0943/0738/5730/files/Maxi_tetra_pelena_9_41bf5bc7-1db9-4f03-a840-aad5ab18169d.jpg?v=1780923048,https://cdn.shopify.com/s/files/1/0943/0738/5730/files/Maxi_tetra_pelena10_d7622cd2-23e0-403e-bf27-96b2e2d9982a.jpg?v=1780923048,https://cdn.shopify.com/s/files/1/0943/0738/5730/files/Maxi_tetra_pelena333_a3e7c3ac-62ae-46a1-acc6-f21f7822be6c.jpg?v=1780923048,https://cdn.shopify.com/s/files/1/0943/0738/5730/files/Maxi_tetra_pelena_432_79cf0f15-219e-45d4-860b-cd741d8693b6.jpg?v=1780923048,https://cdn.shopify.com/s/files/1/0943/0738/5730/files/Maxi_tetra_pelena_321_f56e9b95-37c7-4317-aa91-8411379c31b3.jpg?v=1780923048	in_stock	new	23.00 EUR		Baby Natur		no		Tetra pelene				Trešnjice	
shopify_ZZ_15192324276610_56696459592066	15192324276610	MAXI tetra pelene - Cvjetići	Velika muslin pelena može služiti kao lagana dekica, prekrivač, podloga za igru ili umatanje bebe. Prozračna i nježna, pruža bebi udobnost tijekom odmora, dojenja ili vožnje u kolicima. Izrađena od 100% prozračnog pamuka i periva na 60°C, ova tkanina ostaje izdržljiva, mekana i sigurna za svakodnevnu upotrebu.	https://babynatur.hr/products/maxi-tetra-pelene?variant=56696459592066	https://cdn.shopify.com/s/files/1/0943/0738/5730/files/Maxi_tetra_pelena_321_f56e9b95-37c7-4317-aa91-8411379c31b3.jpg?v=1780923048	https://cdn.shopify.com/s/files/1/0943/0738/5730/files/Maxi_tetra_pelena_f45ebef2-57e8-4946-8efd-c5544df1cd1c.jpg?v=1780923049,https://cdn.shopify.com/s/files/1/0943/0738/5730/files/Maxi_tetra_pelena_3_7fb7bf54-99f9-467f-b090-8ea8c3546115.jpg?v=1780923049,https://cdn.shopify.com/s/files/1/0943/0738/5730/files/Maxi_tetra_pelena222_becb7b1a-b1f1-4a36-9ead-0fc043c956ea.jpg?v=1780923048,https://cdn.shopify.com/s/files/1/0943/0738/5730/files/Maxi_tetra_pelena121_bc79e26a-c4d9-47d0-b172-1841150c3dfa.jpg?v=1780923049,https://cdn.shopify.com/s/files/1/0943/0738/5730/files/Maxi_tetra_pelena_2131_a3e9fe13-a5ca-45f4-b544-ccf83b7a8f47.jpg?v=1780923048,https://cdn.shopify.com/s/files/1/0943/0738/5730/files/Maxi_tetra_pelena_9_41bf5bc7-1db9-4f03-a840-aad5ab18169d.jpg?v=1780923048,https://cdn.shopify.com/s/files/1/0943/0738/5730/files/Maxi_tetra_pelena10_d7622cd2-23e0-403e-bf27-96b2e2d9982a.jpg?v=1780923048,https://cdn.shopify.com/s/files/1/0943/0738/5730/files/Maxi_tetra_pelena_543_017daf96-cff9-4dc7-87c7-62e94c700687.jpg?v=1780923048,https://cdn.shopify.com/s/files/1/0943/0738/5730/files/Maxi_tetra_pelena333_a3e7c3ac-62ae-46a1-acc6-f21f7822be6c.jpg?v=1780923048,https://cdn.shopify.com/s/files/1/0943/0738/5730/files/Maxi_tetra_pelena_432_79cf0f15-219e-45d4-860b-cd741d8693b6.jpg?v=1780923048	in_stock	new	23.00 EUR		Baby Natur		no		Tetra pelene				Cvjetići	
shopify_ZZ_15192324047234_56019078480258	15192324047234	Vreće za spavanje bez nogavica - Medo / 0-6 mjeseci / Jednoslojno – LJETO	Baby Natur vreće za spavanje bez nogavica pružaju bebi sigurno, udobno i prozračno okruženje tijekom cijele noći, bez opasnosti od otkrivanja. Izrađene od mekanih i prirodnih materijala, perive na 60°C, osiguravaju toplinu, udobnost i miran san u svim godišnjim dobima.	https://babynatur.hr/products/vrece-za-spavanje-bez-nogavica?variant=56019078480258	https://cdn.shopify.com/s/files/1/0943/0738/5730/files/baby-natur-bear-print-sleeping-bag-cream-a1b2c3d4_84ce5d23-90e5-4547-ba9b-358873e2f463.jpg?v=1780917736	https://cdn.shopify.com/s/files/1/0943/0738/5730/files/baby-natur-sleeveless-sleeping-bag-floral-print-a1b2c3d4.jpg?v=1780917736,https://cdn.shopify.com/s/files/1/0943/0738/5730/files/baby-natur-sleeveless-sleeping-bag-lemon-print-a1b2c3.jpg?v=1780917736,https://cdn.shopify.com/s/files/1/0943/0738/5730/files/baby-natur-cherry-print-sleeping-bag-a1b2c3d4_05578f3e-82fe-4c4e-a543-ce14f0dce4c8.jpg?v=1780917736,https://cdn.shopify.com/s/files/1/0943/0738/5730/files/baby-natur-sleeveless-sleeping-bag-cream-dog-print-a1b2c3d4.jpg?v=1780917737,https://cdn.shopify.com/s/files/1/0943/0738/5730/files/baby-natur-beige-braided-crib-bumper-baby-sleep-sack-a1b2c3d4.jpg?v=1780917736,https://cdn.shopify.com/s/files/1/0943/0738/5730/files/baby-natur-sleeveless-sleeping-bag-bear-print-a1b2c3d4.jpg?v=1780917737,https://cdn.shopify.com/s/files/1/0943/0738/5730/files/baby-natur-sleeveless-sleeping-bag-polka-dot-white-a1b2c3.jpg?v=1780917737,https://cdn.shopify.com/s/files/1/0943/0738/5730/files/baby-natur-sleeveless-sleeping-bag-lemon-print-cotton-a1b2c3d4.jpg?v=1780917737,https://cdn.shopify.com/s/files/1/0943/0738/5730/files/baby-natur-sleeping-bag-teddy-bear-cream-a1b2c3d4.jpg?v=1780917737,https://cdn.shopify.com/s/files/1/0943/0738/5730/files/baby-natur-sleeveless-sleeping-bag-lemon-print-a1b2c3d4.jpg?v=1780917736	out_of_stock	new	40.00 EUR		Baby Natur	BN-VR-NOG-1-Bear-S	yes		Vreća za spavanje		0-6 mjeseci	Jednoslojno – LJETO	Medo	
shopify_ZZ_15192324047234_56019078513026	15192324047234	Vreće za spavanje bez nogavica - Medo / 0-6 mjeseci / Dvoslojno – PROLJEĆE I JESEN	Baby Natur vreće za spavanje bez nogavica pružaju bebi sigurno, udobno i prozračno okruženje tijekom cijele noći, bez opasnosti od otkrivanja. Izrađene od mekanih i prirodnih materijala, perive na 60°C, osiguravaju toplinu, udobnost i miran san u svim godišnjim dobima.	https://babynatur.hr/products/vrece-za-spavanje-bez-nogavica?variant=56019078513026	https://cdn.shopify.com/s/files/1/0943/0738/5730/files/baby-natur-bear-print-sleeping-bag-cream-a1b2c3d4_84ce5d23-90e5-4547-ba9b-358873e2f463.jpg?v=1780917736	https://cdn.shopify.com/s/files/1/0943/0738/5730/files/baby-natur-sleeveless-sleeping-bag-floral-print-a1b2c3d4.jpg?v=1780917736,https://cdn.shopify.com/s/files/1/0943/0738/5730/files/baby-natur-sleeveless-sleeping-bag-lemon-print-a1b2c3.jpg?v=1780917736,https://cdn.shopify.com/s/files/1/0943/0738/5730/files/baby-natur-cherry-print-sleeping-bag-a1b2c3d4_05578f3e-82fe-4c4e-a543-ce14f0dce4c8.jpg?v=1780917736,https://cdn.shopify.com/s/files/1/0943/0738/5730/files/baby-natur-sleeveless-sleeping-bag-cream-dog-print-a1b2c3d4.jpg?v=1780917737,https://cdn.shopify.com/s/files/1/0943/0738/5730/files/baby-natur-beige-braided-crib-bumper-baby-sleep-sack-a1b2c3d4.jpg?v=1780917736,https://cdn.shopify.com/s/files/1/0943/0738/5730/files/baby-natur-sleeveless-sleeping-bag-bear-print-a1b2c3d4.jpg?v=1780917737,https://cdn.shopify.com/s/files/1/0943/0738/5730/files/baby-natur-sleeveless-sleeping-bag-polka-dot-white-a1b2c3.jpg?v=1780917737,https://cdn.shopify.com/s/files/1/0943/0738/5730/files/baby-natur-sleeveless-sleeping-bag-lemon-print-cotton-a1b2c3d4.jpg?v=1780917737,https://cdn.shopify.com/s/files/1/0943/0738/5730/files/baby-natur-sleeping-bag-teddy-bear-cream-a1b2c3d4.jpg?v=1780917737,https://cdn.shopify.com/s/files/1/0943/0738/5730/files/baby-natur-sleeveless-sleeping-bag-lemon-print-a1b2c3d4.jpg?v=1780917736	in_stock	new	45.00 EUR		Baby Natur	BN-VR-NOG-2-Bear-S	yes		Vreća za spavanje		0-6 mjeseci	Dvoslojno – PROLJEĆE I JESEN	Medo	
shopify_ZZ_15192324047234_56019078545794	15192324047234	Vreće za spavanje bez nogavica - Medo / 0-6 mjeseci / S punjenjem – ZIMA	Baby Natur vreće za spavanje bez nogavica pružaju bebi sigurno, udobno i prozračno okruženje tijekom cijele noći, bez opasnosti od otkrivanja. Izrađene od mekanih i prirodnih materijala, perive na 60°C, osiguravaju toplinu, udobnost i miran san u svim godišnjim dobima.	https://babynatur.hr/products/vrece-za-spavanje-bez-nogavica?variant=56019078545794	https://cdn.shopify.com/s/files/1/0943/0738/5730/files/baby-natur-bear-print-sleeping-bag-cream-a1b2c3d4_84ce5d23-90e5-4547-ba9b-358873e2f463.jpg?v=1780917736	https://cdn.shopify.com/s/files/1/0943/0738/5730/files/baby-natur-sleeveless-sleeping-bag-floral-print-a1b2c3d4.jpg?v=1780917736,https://cdn.shopify.com/s/files/1/0943/0738/5730/files/baby-natur-sleeveless-sleeping-bag-lemon-print-a1b2c3.jpg?v=1780917736,https://cdn.shopify.com/s/files/1/0943/0738/5730/files/baby-natur-cherry-print-sleeping-bag-a1b2c3d4_05578f3e-82fe-4c4e-a543-ce14f0dce4c8.jpg?v=1780917736,https://cdn.shopify.com/s/files/1/0943/0738/5730/files/baby-natur-sleeveless-sleeping-bag-cream-dog-print-a1b2c3d4.jpg?v=1780917737,https://cdn.shopify.com/s/files/1/0943/0738/5730/files/baby-natur-beige-braided-crib-bumper-baby-sleep-sack-a1b2c3d4.jpg?v=1780917736,https://cdn.shopify.com/s/files/1/0943/0738/5730/files/baby-natur-sleeveless-sleeping-bag-bear-print-a1b2c3d4.jpg?v=1780917737,https://cdn.shopify.com/s/files/1/0943/0738/5730/files/baby-natur-sleeveless-sleeping-bag-polka-dot-white-a1b2c3.jpg?v=1780917737,https://cdn.shopify.com/s/files/1/0943/0738/5730/files/baby-natur-sleeveless-sleeping-bag-lemon-print-cotton-a1b2c3d4.jpg?v=1780917737,https://cdn.shopify.com/s/files/1/0943/0738/5730/files/baby-natur-sleeping-bag-teddy-bear-cream-a1b2c3d4.jpg?v=1780917737,https://cdn.shopify.com/s/files/1/0943/0738/5730/files/baby-natur-sleeveless-sleeping-bag-lemon-print-a1b2c3d4.jpg?v=1780917736	in_stock	new	50.00 EUR		Baby Natur	BN-VR-NOG-3-Bear-S	yes		Vreća za spavanje		0-6 mjeseci	S punjenjem – ZIMA	Medo	
shopify_ZZ_15192324047234_56019078578562	15192324047234	Vreće za spavanje bez nogavica - Medo / 6-12/18 mjeseci / Jednoslojno – LJETO	Baby Natur vreće za spavanje bez nogavica pružaju bebi sigurno, udobno i prozračno okruženje tijekom cijele noći, bez opasnosti od otkrivanja. Izrađene od mekanih i prirodnih materijala, perive na 60°C, osiguravaju toplinu, udobnost i miran san u svim godišnjim dobima.	https://babynatur.hr/products/vrece-za-spavanje-bez-nogavica?variant=56019078578562	https://cdn.shopify.com/s/files/1/0943/0738/5730/files/baby-natur-bear-print-sleeping-bag-cream-a1b2c3d4_84ce5d23-90e5-4547-ba9b-358873e2f463.jpg?v=1780917736	https://cdn.shopify.com/s/files/1/0943/0738/5730/files/baby-natur-sleeveless-sleeping-bag-floral-print-a1b2c3d4.jpg?v=1780917736,https://cdn.shopify.com/s/files/1/0943/0738/5730/files/baby-natur-sleeveless-sleeping-bag-lemon-print-a1b2c3.jpg?v=1780917736,https://cdn.shopify.com/s/files/1/0943/0738/5730/files/baby-natur-cherry-print-sleeping-bag-a1b2c3d4_05578f3e-82fe-4c4e-a543-ce14f0dce4c8.jpg?v=1780917736,https://cdn.shopify.com/s/files/1/0943/0738/5730/files/baby-natur-sleeveless-sleeping-bag-cream-dog-print-a1b2c3d4.jpg?v=1780917737,https://cdn.shopify.com/s/files/1/0943/0738/5730/files/baby-natur-beige-braided-crib-bumper-baby-sleep-sack-a1b2c3d4.jpg?v=1780917736,https://cdn.shopify.com/s/files/1/0943/0738/5730/files/baby-natur-sleeveless-sleeping-bag-bear-print-a1b2c3d4.jpg?v=1780917737,https://cdn.shopify.com/s/files/1/0943/0738/5730/files/baby-natur-sleeveless-sleeping-bag-polka-dot-white-a1b2c3.jpg?v=1780917737,https://cdn.shopify.com/s/files/1/0943/0738/5730/files/baby-natur-sleeveless-sleeping-bag-lemon-print-cotton-a1b2c3d4.jpg?v=1780917737,https://cdn.shopify.com/s/files/1/0943/0738/5730/files/baby-natur-sleeping-bag-teddy-bear-cream-a1b2c3d4.jpg?v=1780917737,https://cdn.shopify.com/s/files/1/0943/0738/5730/files/baby-natur-sleeveless-sleeping-bag-lemon-print-a1b2c3d4.jpg?v=1780917736	out_of_stock	new	40.00 EUR		Baby Natur	BN-VR-NOG-1-Bear-M	yes		Vreća za spavanje		6-12/18 mjeseci	Jednoslojno – LJETO	Medo	
shopify_ZZ_15192324047234_56019078611330	15192324047234	Vreće za spavanje bez nogavica - Medo / 6-12/18 mjeseci / Dvoslojno – PROLJEĆE I JESEN	Baby Natur vreće za spavanje bez nogavica pružaju bebi sigurno, udobno i prozračno okruženje tijekom cijele noći, bez opasnosti od otkrivanja. Izrađene od mekanih i prirodnih materijala, perive na 60°C, osiguravaju toplinu, udobnost i miran san u svim godišnjim dobima.	https://babynatur.hr/products/vrece-za-spavanje-bez-nogavica?variant=56019078611330	https://cdn.shopify.com/s/files/1/0943/0738/5730/files/baby-natur-bear-print-sleeping-bag-cream-a1b2c3d4_84ce5d23-90e5-4547-ba9b-358873e2f463.jpg?v=1780917736	https://cdn.shopify.com/s/files/1/0943/0738/5730/files/baby-natur-sleeveless-sleeping-bag-floral-print-a1b2c3d4.jpg?v=1780917736,https://cdn.shopify.com/s/files/1/0943/0738/5730/files/baby-natur-sleeveless-sleeping-bag-lemon-print-a1b2c3.jpg?v=1780917736,https://cdn.shopify.com/s/files/1/0943/0738/5730/files/baby-natur-cherry-print-sleeping-bag-a1b2c3d4_05578f3e-82fe-4c4e-a543-ce14f0dce4c8.jpg?v=1780917736,https://cdn.shopify.com/s/files/1/0943/0738/5730/files/baby-natur-sleeveless-sleeping-bag-cream-dog-print-a1b2c3d4.jpg?v=1780917737,https://cdn.shopify.com/s/files/1/0943/0738/5730/files/baby-natur-beige-braided-crib-bumper-baby-sleep-sack-a1b2c3d4.jpg?v=1780917736,https://cdn.shopify.com/s/files/1/0943/0738/5730/files/baby-natur-sleeveless-sleeping-bag-bear-print-a1b2c3d4.jpg?v=1780917737,https://cdn.shopify.com/s/files/1/0943/0738/5730/files/baby-natur-sleeveless-sleeping-bag-polka-dot-white-a1b2c3.jpg?v=1780917737,https://cdn.shopify.com/s/files/1/0943/0738/5730/files/baby-natur-sleeveless-sleeping-bag-lemon-print-cotton-a1b2c3d4.jpg?v=1780917737,https://cdn.shopify.com/s/files/1/0943/0738/5730/files/baby-natur-sleeping-bag-teddy-bear-cream-a1b2c3d4.jpg?v=1780917737,https://cdn.shopify.com/s/files/1/0943/0738/5730/files/baby-natur-sleeveless-sleeping-bag-lemon-print-a1b2c3d4.jpg?v=1780917736	in_stock	new	45.00 EUR		Baby Natur	BN-VR-NOG-2-Bear-M	yes		Vreća za spavanje		6-12/18 mjeseci	Dvoslojno – PROLJEĆE I JESEN	Medo	
shopify_ZZ_15192324047234_56019078644098	15192324047234	Vreće za spavanje bez nogavica - Medo / 6-12/18 mjeseci / S punjenjem – ZIMA	Baby Natur vreće za spavanje bez nogavica pružaju bebi sigurno, udobno i prozračno okruženje tijekom cijele noći, bez opasnosti od otkrivanja. Izrađene od mekanih i prirodnih materijala, perive na 60°C, osiguravaju toplinu, udobnost i miran san u svim godišnjim dobima.	https://babynatur.hr/products/vrece-za-spavanje-bez-nogavica?variant=56019078644098	https://cdn.shopify.com/s/files/1/0943/0738/5730/files/baby-natur-bear-print-sleeping-bag-cream-a1b2c3d4_84ce5d23-90e5-4547-ba9b-358873e2f463.jpg?v=1780917736	https://cdn.shopify.com/s/files/1/0943/0738/5730/files/baby-natur-sleeveless-sleeping-bag-floral-print-a1b2c3d4.jpg?v=1780917736,https://cdn.shopify.com/s/files/1/0943/0738/5730/files/baby-natur-sleeveless-sleeping-bag-lemon-print-a1b2c3.jpg?v=1780917736,https://cdn.shopify.com/s/files/1/0943/0738/5730/files/baby-natur-cherry-print-sleeping-bag-a1b2c3d4_05578f3e-82fe-4c4e-a543-ce14f0dce4c8.jpg?v=1780917736,https://cdn.shopify.com/s/files/1/0943/0738/5730/files/baby-natur-sleeveless-sleeping-bag-cream-dog-print-a1b2c3d4.jpg?v=1780917737,https://cdn.shopify.com/s/files/1/0943/0738/5730/files/baby-natur-beige-braided-crib-bumper-baby-sleep-sack-a1b2c3d4.jpg?v=1780917736,https://cdn.shopify.com/s/files/1/0943/0738/5730/files/baby-natur-sleeveless-sleeping-bag-bear-print-a1b2c3d4.jpg?v=1780917737,https://cdn.shopify.com/s/files/1/0943/0738/5730/files/baby-natur-sleeveless-sleeping-bag-polka-dot-white-a1b2c3.jpg?v=1780917737,https://cdn.shopify.com/s/files/1/0943/0738/5730/files/baby-natur-sleeveless-sleeping-bag-lemon-print-cotton-a1b2c3d4.jpg?v=1780917737,https://cdn.shopify.com/s/files/1/0943/0738/5730/files/baby-natur-sleeping-bag-teddy-bear-cream-a1b2c3d4.jpg?v=1780917737,https://cdn.shopify.com/s/files/1/0943/0738/5730/files/baby-natur-sleeveless-sleeping-bag-lemon-print-a1b2c3d4.jpg?v=1780917736	in_stock	new	50.00 EUR		Baby Natur	BN-VR-NOG-3-Bear-M	yes		Vreća za spavanje		6-12/18 mjeseci	S punjenjem – ZIMA	Medo	
shopify_ZZ_15192324047234_56019078087042	15192324047234	Vreće za spavanje bez nogavica - Brundo / 0-6 mjeseci / Jednoslojno – LJETO	Baby Natur vreće za spavanje bez nogavica pružaju bebi sigurno, udobno i prozračno okruženje tijekom cijele noći, bez opasnosti od otkrivanja. Izrađene od mekanih i prirodnih materijala, perive na 60°C, osiguravaju toplinu, udobnost i miran san u svim godišnjim dobima.	https://babynatur.hr/products/vrece-za-spavanje-bez-nogavica?variant=56019078087042	https://cdn.shopify.com/s/files/1/0943/0738/5730/files/baby-natur-teddy-bear-sleeping-bag-cream-a1b2c3d4.jpg?v=1780917736	https://cdn.shopify.com/s/files/1/0943/0738/5730/files/baby-natur-sleeveless-sleeping-bag-floral-print-a1b2c3d4.jpg?v=1780917736,https://cdn.shopify.com/s/files/1/0943/0738/5730/files/baby-natur-sleeveless-sleeping-bag-lemon-print-a1b2c3.jpg?v=1780917736,https://cdn.shopify.com/s/files/1/0943/0738/5730/files/baby-natur-cherry-print-sleeping-bag-a1b2c3d4_05578f3e-82fe-4c4e-a543-ce14f0dce4c8.jpg?v=1780917736,https://cdn.shopify.com/s/files/1/0943/0738/5730/files/baby-natur-sleeveless-sleeping-bag-cream-dog-print-a1b2c3d4.jpg?v=1780917737,https://cdn.shopify.com/s/files/1/0943/0738/5730/files/baby-natur-beige-braided-crib-bumper-baby-sleep-sack-a1b2c3d4.jpg?v=1780917736,https://cdn.shopify.com/s/files/1/0943/0738/5730/files/baby-natur-sleeveless-sleeping-bag-bear-print-a1b2c3d4.jpg?v=1780917737,https://cdn.shopify.com/s/files/1/0943/0738/5730/files/baby-natur-sleeveless-sleeping-bag-polka-dot-white-a1b2c3.jpg?v=1780917737,https://cdn.shopify.com/s/files/1/0943/0738/5730/files/baby-natur-sleeveless-sleeping-bag-lemon-print-cotton-a1b2c3d4.jpg?v=1780917737,https://cdn.shopify.com/s/files/1/0943/0738/5730/files/baby-natur-sleeping-bag-teddy-bear-cream-a1b2c3d4.jpg?v=1780917737,https://cdn.shopify.com/s/files/1/0943/0738/5730/files/baby-natur-sleeveless-sleeping-bag-lemon-print-a1b2c3d4.jpg?v=1780917736	out_of_stock	new	40.00 EUR	36.00 EUR	Baby Natur	BN-VR-NOG-1-Teddy-S	yes		Vreća za spavanje		0-6 mjeseci	Jednoslojno – LJETO	Brundo	
shopify_ZZ_15192324047234_56019078119810	15192324047234	Vreće za spavanje bez nogavica - Brundo / 0-6 mjeseci / Dvoslojno – PROLJEĆE I JESEN	Baby Natur vreće za spavanje bez nogavica pružaju bebi sigurno, udobno i prozračno okruženje tijekom cijele noći, bez opasnosti od otkrivanja. Izrađene od mekanih i prirodnih materijala, perive na 60°C, osiguravaju toplinu, udobnost i miran san u svim godišnjim dobima.	https://babynatur.hr/products/vrece-za-spavanje-bez-nogavica?variant=56019078119810	https://cdn.shopify.com/s/files/1/0943/0738/5730/files/baby-natur-teddy-bear-sleeping-bag-cream-a1b2c3d4.jpg?v=1780917736	https://cdn.shopify.com/s/files/1/0943/0738/5730/files/baby-natur-sleeveless-sleeping-bag-floral-print-a1b2c3d4.jpg?v=1780917736,https://cdn.shopify.com/s/files/1/0943/0738/5730/files/baby-natur-sleeveless-sleeping-bag-lemon-print-a1b2c3.jpg?v=1780917736,https://cdn.shopify.com/s/files/1/0943/0738/5730/files/baby-natur-cherry-print-sleeping-bag-a1b2c3d4_05578f3e-82fe-4c4e-a543-ce14f0dce4c8.jpg?v=1780917736,https://cdn.shopify.com/s/files/1/0943/0738/5730/files/baby-natur-sleeveless-sleeping-bag-cream-dog-print-a1b2c3d4.jpg?v=1780917737,https://cdn.shopify.com/s/files/1/0943/0738/5730/files/baby-natur-beige-braided-crib-bumper-baby-sleep-sack-a1b2c3d4.jpg?v=1780917736,https://cdn.shopify.com/s/files/1/0943/0738/5730/files/baby-natur-sleeveless-sleeping-bag-bear-print-a1b2c3d4.jpg?v=1780917737,https://cdn.shopify.com/s/files/1/0943/0738/5730/files/baby-natur-sleeveless-sleeping-bag-polka-dot-white-a1b2c3.jpg?v=1780917737,https://cdn.shopify.com/s/files/1/0943/0738/5730/files/baby-natur-sleeveless-sleeping-bag-lemon-print-cotton-a1b2c3d4.jpg?v=1780917737,https://cdn.shopify.com/s/files/1/0943/0738/5730/files/baby-natur-sleeping-bag-teddy-bear-cream-a1b2c3d4.jpg?v=1780917737,https://cdn.shopify.com/s/files/1/0943/0738/5730/files/baby-natur-sleeveless-sleeping-bag-lemon-print-a1b2c3d4.jpg?v=1780917736	in_stock	new	45.00 EUR	39.50 EUR	Baby Natur	BN-VR-NOG-2-Teddy-S	yes		Vreća za spavanje		0-6 mjeseci	Dvoslojno – PROLJEĆE I JESEN	Brundo	
shopify_ZZ_15192324047234_56019078152578	15192324047234	Vreće za spavanje bez nogavica - Brundo / 0-6 mjeseci / S punjenjem – ZIMA	Baby Natur vreće za spavanje bez nogavica pružaju bebi sigurno, udobno i prozračno okruženje tijekom cijele noći, bez opasnosti od otkrivanja. Izrađene od mekanih i prirodnih materijala, perive na 60°C, osiguravaju toplinu, udobnost i miran san u svim godišnjim dobima.	https://babynatur.hr/products/vrece-za-spavanje-bez-nogavica?variant=56019078152578	https://cdn.shopify.com/s/files/1/0943/0738/5730/files/baby-natur-teddy-bear-sleeping-bag-cream-a1b2c3d4.jpg?v=1780917736	https://cdn.shopify.com/s/files/1/0943/0738/5730/files/baby-natur-sleeveless-sleeping-bag-floral-print-a1b2c3d4.jpg?v=1780917736,https://cdn.shopify.com/s/files/1/0943/0738/5730/files/baby-natur-sleeveless-sleeping-bag-lemon-print-a1b2c3.jpg?v=1780917736,https://cdn.shopify.com/s/files/1/0943/0738/5730/files/baby-natur-cherry-print-sleeping-bag-a1b2c3d4_05578f3e-82fe-4c4e-a543-ce14f0dce4c8.jpg?v=1780917736,https://cdn.shopify.com/s/files/1/0943/0738/5730/files/baby-natur-sleeveless-sleeping-bag-cream-dog-print-a1b2c3d4.jpg?v=1780917737,https://cdn.shopify.com/s/files/1/0943/0738/5730/files/baby-natur-beige-braided-crib-bumper-baby-sleep-sack-a1b2c3d4.jpg?v=1780917736,https://cdn.shopify.com/s/files/1/0943/0738/5730/files/baby-natur-sleeveless-sleeping-bag-bear-print-a1b2c3d4.jpg?v=1780917737,https://cdn.shopify.com/s/files/1/0943/0738/5730/files/baby-natur-sleeveless-sleeping-bag-polka-dot-white-a1b2c3.jpg?v=1780917737,https://cdn.shopify.com/s/files/1/0943/0738/5730/files/baby-natur-sleeveless-sleeping-bag-lemon-print-cotton-a1b2c3d4.jpg?v=1780917737,https://cdn.shopify.com/s/files/1/0943/0738/5730/files/baby-natur-sleeping-bag-teddy-bear-cream-a1b2c3d4.jpg?v=1780917737,https://cdn.shopify.com/s/files/1/0943/0738/5730/files/baby-natur-sleeveless-sleeping-bag-lemon-print-a1b2c3d4.jpg?v=1780917736	in_stock	new	50.00 EUR	45.00 EUR	Baby Natur	BN-VR-NOG-3-Teddy-S	yes		Vreća za spavanje		0-6 mjeseci	S punjenjem – ZIMA	Brundo	
shopify_ZZ_15192324047234_56019078185346	15192324047234	Vreće za spavanje bez nogavica - Brundo / 6-12/18 mjeseci / Jednoslojno – LJETO	Baby Natur vreće za spavanje bez nogavica pružaju bebi sigurno, udobno i prozračno okruženje tijekom cijele noći, bez opasnosti od otkrivanja. Izrađene od mekanih i prirodnih materijala, perive na 60°C, osiguravaju toplinu, udobnost i miran san u svim godišnjim dobima.	https://babynatur.hr/products/vrece-za-spavanje-bez-nogavica?variant=56019078185346	https://cdn.shopify.com/s/files/1/0943/0738/5730/files/baby-natur-teddy-bear-sleeping-bag-cream-a1b2c3d4.jpg?v=1780917736	https://cdn.shopify.com/s/files/1/0943/0738/5730/files/baby-natur-sleeveless-sleeping-bag-floral-print-a1b2c3d4.jpg?v=1780917736,https://cdn.shopify.com/s/files/1/0943/0738/5730/files/baby-natur-sleeveless-sleeping-bag-lemon-print-a1b2c3.jpg?v=1780917736,https://cdn.shopify.com/s/files/1/0943/0738/5730/files/baby-natur-cherry-print-sleeping-bag-a1b2c3d4_05578f3e-82fe-4c4e-a543-ce14f0dce4c8.jpg?v=1780917736,https://cdn.shopify.com/s/files/1/0943/0738/5730/files/baby-natur-sleeveless-sleeping-bag-cream-dog-print-a1b2c3d4.jpg?v=1780917737,https://cdn.shopify.com/s/files/1/0943/0738/5730/files/baby-natur-beige-braided-crib-bumper-baby-sleep-sack-a1b2c3d4.jpg?v=1780917736,https://cdn.shopify.com/s/files/1/0943/0738/5730/files/baby-natur-sleeveless-sleeping-bag-bear-print-a1b2c3d4.jpg?v=1780917737,https://cdn.shopify.com/s/files/1/0943/0738/5730/files/baby-natur-sleeveless-sleeping-bag-polka-dot-white-a1b2c3.jpg?v=1780917737,https://cdn.shopify.com/s/files/1/0943/0738/5730/files/baby-natur-sleeveless-sleeping-bag-lemon-print-cotton-a1b2c3d4.jpg?v=1780917737,https://cdn.shopify.com/s/files/1/0943/0738/5730/files/baby-natur-sleeping-bag-teddy-bear-cream-a1b2c3d4.jpg?v=1780917737,https://cdn.shopify.com/s/files/1/0943/0738/5730/files/baby-natur-sleeveless-sleeping-bag-lemon-print-a1b2c3d4.jpg?v=1780917736	out_of_stock	new	40.00 EUR	36.00 EUR	Baby Natur	BN-VR-NOG-1-Teddy-M	yes		Vreća za spavanje		6-12/18 mjeseci	Jednoslojno – LJETO	Brundo	
shopify_ZZ_15192324047234_56019078218114	15192324047234	Vreće za spavanje bez nogavica - Brundo / 6-12/18 mjeseci / Dvoslojno – PROLJEĆE I JESEN	Baby Natur vreće za spavanje bez nogavica pružaju bebi sigurno, udobno i prozračno okruženje tijekom cijele noći, bez opasnosti od otkrivanja. Izrađene od mekanih i prirodnih materijala, perive na 60°C, osiguravaju toplinu, udobnost i miran san u svim godišnjim dobima.	https://babynatur.hr/products/vrece-za-spavanje-bez-nogavica?variant=56019078218114	https://cdn.shopify.com/s/files/1/0943/0738/5730/files/baby-natur-teddy-bear-sleeping-bag-cream-a1b2c3d4.jpg?v=1780917736	https://cdn.shopify.com/s/files/1/0943/0738/5730/files/baby-natur-sleeveless-sleeping-bag-floral-print-a1b2c3d4.jpg?v=1780917736,https://cdn.shopify.com/s/files/1/0943/0738/5730/files/baby-natur-sleeveless-sleeping-bag-lemon-print-a1b2c3.jpg?v=1780917736,https://cdn.shopify.com/s/files/1/0943/0738/5730/files/baby-natur-cherry-print-sleeping-bag-a1b2c3d4_05578f3e-82fe-4c4e-a543-ce14f0dce4c8.jpg?v=1780917736,https://cdn.shopify.com/s/files/1/0943/0738/5730/files/baby-natur-sleeveless-sleeping-bag-cream-dog-print-a1b2c3d4.jpg?v=1780917737,https://cdn.shopify.com/s/files/1/0943/0738/5730/files/baby-natur-beige-braided-crib-bumper-baby-sleep-sack-a1b2c3d4.jpg?v=1780917736,https://cdn.shopify.com/s/files/1/0943/0738/5730/files/baby-natur-sleeveless-sleeping-bag-bear-print-a1b2c3d4.jpg?v=1780917737,https://cdn.shopify.com/s/files/1/0943/0738/5730/files/baby-natur-sleeveless-sleeping-bag-polka-dot-white-a1b2c3.jpg?v=1780917737,https://cdn.shopify.com/s/files/1/0943/0738/5730/files/baby-natur-sleeveless-sleeping-bag-lemon-print-cotton-a1b2c3d4.jpg?v=1780917737,https://cdn.shopify.com/s/files/1/0943/0738/5730/files/baby-natur-sleeping-bag-teddy-bear-cream-a1b2c3d4.jpg?v=1780917737,https://cdn.shopify.com/s/files/1/0943/0738/5730/files/baby-natur-sleeveless-sleeping-bag-lemon-print-a1b2c3d4.jpg?v=1780917736	in_stock	new	45.00 EUR	39.50 EUR	Baby Natur	BN-VR-NOG-2-Teddy-M	yes		Vreća za spavanje		6-12/18 mjeseci	Dvoslojno – PROLJEĆE I JESEN	Brundo	
shopify_ZZ_15192324047234_56019078250882	15192324047234	Vreće za spavanje bez nogavica - Brundo / 6-12/18 mjeseci / S punjenjem – ZIMA	Baby Natur vreće za spavanje bez nogavica pružaju bebi sigurno, udobno i prozračno okruženje tijekom cijele noći, bez opasnosti od otkrivanja. Izrađene od mekanih i prirodnih materijala, perive na 60°C, osiguravaju toplinu, udobnost i miran san u svim godišnjim dobima.	https://babynatur.hr/products/vrece-za-spavanje-bez-nogavica?variant=56019078250882	https://cdn.shopify.com/s/files/1/0943/0738/5730/files/baby-natur-teddy-bear-sleeping-bag-cream-a1b2c3d4.jpg?v=1780917736	https://cdn.shopify.com/s/files/1/0943/0738/5730/files/baby-natur-sleeveless-sleeping-bag-floral-print-a1b2c3d4.jpg?v=1780917736,https://cdn.shopify.com/s/files/1/0943/0738/5730/files/baby-natur-sleeveless-sleeping-bag-lemon-print-a1b2c3.jpg?v=1780917736,https://cdn.shopify.com/s/files/1/0943/0738/5730/files/baby-natur-cherry-print-sleeping-bag-a1b2c3d4_05578f3e-82fe-4c4e-a543-ce14f0dce4c8.jpg?v=1780917736,https://cdn.shopify.com/s/files/1/0943/0738/5730/files/baby-natur-sleeveless-sleeping-bag-cream-dog-print-a1b2c3d4.jpg?v=1780917737,https://cdn.shopify.com/s/files/1/0943/0738/5730/files/baby-natur-beige-braided-crib-bumper-baby-sleep-sack-a1b2c3d4.jpg?v=1780917736,https://cdn.shopify.com/s/files/1/0943/0738/5730/files/baby-natur-sleeveless-sleeping-bag-bear-print-a1b2c3d4.jpg?v=1780917737,https://cdn.shopify.com/s/files/1/0943/0738/5730/files/baby-natur-sleeveless-sleeping-bag-polka-dot-white-a1b2c3.jpg?v=1780917737,https://cdn.shopify.com/s/files/1/0943/0738/5730/files/baby-natur-sleeveless-sleeping-bag-lemon-print-cotton-a1b2c3d4.jpg?v=1780917737,https://cdn.shopify.com/s/files/1/0943/0738/5730/files/baby-natur-sleeping-bag-teddy-bear-cream-a1b2c3d4.jpg?v=1780917737,https://cdn.shopify.com/s/files/1/0943/0738/5730/files/baby-natur-sleeveless-sleeping-bag-lemon-print-a1b2c3d4.jpg?v=1780917736	in_stock	new	50.00 EUR	45.00 EUR	Baby Natur	BN-VR-NOG-3-Teddy-M	yes		Vreća za spavanje		6-12/18 mjeseci	S punjenjem – ZIMA	Brundo	
shopify_ZZ_15192324047234_56019078873474	15192324047234	Vreće za spavanje bez nogavica - Točkice / 0-6 mjeseci / Jednoslojno – LJETO	Baby Natur vreće za spavanje bez nogavica pružaju bebi sigurno, udobno i prozračno okruženje tijekom cijele noći, bez opasnosti od otkrivanja. Izrađene od mekanih i prirodnih materijala, perive na 60°C, osiguravaju toplinu, udobnost i miran san u svim godišnjim dobima.	https://babynatur.hr/products/vrece-za-spavanje-bez-nogavica?variant=56019078873474	https://cdn.shopify.com/s/files/1/0943/0738/5730/files/baby-natur-white-polka-dot-sleeping-bag-a1b2c3d4.jpg?v=1780917737	https://cdn.shopify.com/s/files/1/0943/0738/5730/files/baby-natur-sleeveless-sleeping-bag-floral-print-a1b2c3d4.jpg?v=1780917736,https://cdn.shopify.com/s/files/1/0943/0738/5730/files/baby-natur-sleeveless-sleeping-bag-lemon-print-a1b2c3.jpg?v=1780917736,https://cdn.shopify.com/s/files/1/0943/0738/5730/files/baby-natur-cherry-print-sleeping-bag-a1b2c3d4_05578f3e-82fe-4c4e-a543-ce14f0dce4c8.jpg?v=1780917736,https://cdn.shopify.com/s/files/1/0943/0738/5730/files/baby-natur-sleeveless-sleeping-bag-cream-dog-print-a1b2c3d4.jpg?v=1780917737,https://cdn.shopify.com/s/files/1/0943/0738/5730/files/baby-natur-beige-braided-crib-bumper-baby-sleep-sack-a1b2c3d4.jpg?v=1780917736,https://cdn.shopify.com/s/files/1/0943/0738/5730/files/baby-natur-sleeveless-sleeping-bag-bear-print-a1b2c3d4.jpg?v=1780917737,https://cdn.shopify.com/s/files/1/0943/0738/5730/files/baby-natur-sleeveless-sleeping-bag-polka-dot-white-a1b2c3.jpg?v=1780917737,https://cdn.shopify.com/s/files/1/0943/0738/5730/files/baby-natur-sleeveless-sleeping-bag-lemon-print-cotton-a1b2c3d4.jpg?v=1780917737,https://cdn.shopify.com/s/files/1/0943/0738/5730/files/baby-natur-sleeping-bag-teddy-bear-cream-a1b2c3d4.jpg?v=1780917737,https://cdn.shopify.com/s/files/1/0943/0738/5730/files/baby-natur-sleeveless-sleeping-bag-lemon-print-a1b2c3d4.jpg?v=1780917736	out_of_stock	new	40.00 EUR		Baby Natur	BN-VR-NOG-1-Dots-S	yes		Vreća za spavanje		0-6 mjeseci	Jednoslojno – LJETO	Točkice	
shopify_ZZ_15192324047234_56019078906242	15192324047234	Vreće za spavanje bez nogavica - Točkice / 0-6 mjeseci / Dvoslojno – PROLJEĆE I JESEN	Baby Natur vreće za spavanje bez nogavica pružaju bebi sigurno, udobno i prozračno okruženje tijekom cijele noći, bez opasnosti od otkrivanja. Izrađene od mekanih i prirodnih materijala, perive na 60°C, osiguravaju toplinu, udobnost i miran san u svim godišnjim dobima.	https://babynatur.hr/products/vrece-za-spavanje-bez-nogavica?variant=56019078906242	https://cdn.shopify.com/s/files/1/0943/0738/5730/files/baby-natur-white-polka-dot-sleeping-bag-a1b2c3d4.jpg?v=1780917737	https://cdn.shopify.com/s/files/1/0943/0738/5730/files/baby-natur-sleeveless-sleeping-bag-floral-print-a1b2c3d4.jpg?v=1780917736,https://cdn.shopify.com/s/files/1/0943/0738/5730/files/baby-natur-sleeveless-sleeping-bag-lemon-print-a1b2c3.jpg?v=1780917736,https://cdn.shopify.com/s/files/1/0943/0738/5730/files/baby-natur-cherry-print-sleeping-bag-a1b2c3d4_05578f3e-82fe-4c4e-a543-ce14f0dce4c8.jpg?v=1780917736,https://cdn.shopify.com/s/files/1/0943/0738/5730/files/baby-natur-sleeveless-sleeping-bag-cream-dog-print-a1b2c3d4.jpg?v=1780917737,https://cdn.shopify.com/s/files/1/0943/0738/5730/files/baby-natur-beige-braided-crib-bumper-baby-sleep-sack-a1b2c3d4.jpg?v=1780917736,https://cdn.shopify.com/s/files/1/0943/0738/5730/files/baby-natur-sleeveless-sleeping-bag-bear-print-a1b2c3d4.jpg?v=1780917737,https://cdn.shopify.com/s/files/1/0943/0738/5730/files/baby-natur-sleeveless-sleeping-bag-polka-dot-white-a1b2c3.jpg?v=1780917737,https://cdn.shopify.com/s/files/1/0943/0738/5730/files/baby-natur-sleeveless-sleeping-bag-lemon-print-cotton-a1b2c3d4.jpg?v=1780917737,https://cdn.shopify.com/s/files/1/0943/0738/5730/files/baby-natur-sleeping-bag-teddy-bear-cream-a1b2c3d4.jpg?v=1780917737,https://cdn.shopify.com/s/files/1/0943/0738/5730/files/baby-natur-sleeveless-sleeping-bag-lemon-print-a1b2c3d4.jpg?v=1780917736	in_stock	new	45.00 EUR		Baby Natur	BN-VR-NOG-2-Dots-S	yes		Vreća za spavanje		0-6 mjeseci	Dvoslojno – PROLJEĆE I JESEN	Točkice	
shopify_ZZ_15192324047234_56019078939010	15192324047234	Vreće za spavanje bez nogavica - Točkice / 0-6 mjeseci / S punjenjem – ZIMA	Baby Natur vreće za spavanje bez nogavica pružaju bebi sigurno, udobno i prozračno okruženje tijekom cijele noći, bez opasnosti od otkrivanja. Izrađene od mekanih i prirodnih materijala, perive na 60°C, osiguravaju toplinu, udobnost i miran san u svim godišnjim dobima.	https://babynatur.hr/products/vrece-za-spavanje-bez-nogavica?variant=56019078939010	https://cdn.shopify.com/s/files/1/0943/0738/5730/files/baby-natur-white-polka-dot-sleeping-bag-a1b2c3d4.jpg?v=1780917737	https://cdn.shopify.com/s/files/1/0943/0738/5730/files/baby-natur-sleeveless-sleeping-bag-floral-print-a1b2c3d4.jpg?v=1780917736,https://cdn.shopify.com/s/files/1/0943/0738/5730/files/baby-natur-sleeveless-sleeping-bag-lemon-print-a1b2c3.jpg?v=1780917736,https://cdn.shopify.com/s/files/1/0943/0738/5730/files/baby-natur-cherry-print-sleeping-bag-a1b2c3d4_05578f3e-82fe-4c4e-a543-ce14f0dce4c8.jpg?v=1780917736,https://cdn.shopify.com/s/files/1/0943/0738/5730/files/baby-natur-sleeveless-sleeping-bag-cream-dog-print-a1b2c3d4.jpg?v=1780917737,https://cdn.shopify.com/s/files/1/0943/0738/5730/files/baby-natur-beige-braided-crib-bumper-baby-sleep-sack-a1b2c3d4.jpg?v=1780917736,https://cdn.shopify.com/s/files/1/0943/0738/5730/files/baby-natur-sleeveless-sleeping-bag-bear-print-a1b2c3d4.jpg?v=1780917737,https://cdn.shopify.com/s/files/1/0943/0738/5730/files/baby-natur-sleeveless-sleeping-bag-polka-dot-white-a1b2c3.jpg?v=1780917737,https://cdn.shopify.com/s/files/1/0943/0738/5730/files/baby-natur-sleeveless-sleeping-bag-lemon-print-cotton-a1b2c3d4.jpg?v=1780917737,https://cdn.shopify.com/s/files/1/0943/0738/5730/files/baby-natur-sleeping-bag-teddy-bear-cream-a1b2c3d4.jpg?v=1780917737,https://cdn.shopify.com/s/files/1/0943/0738/5730/files/baby-natur-sleeveless-sleeping-bag-lemon-print-a1b2c3d4.jpg?v=1780917736	in_stock	new	50.00 EUR		Baby Natur	BN-VR-NOG-3-Dots-S	yes		Vreća za spavanje		0-6 mjeseci	S punjenjem – ZIMA	Točkice	
shopify_ZZ_15192324047234_56019078971778	15192324047234	Vreće za spavanje bez nogavica - Točkice / 6-12/18 mjeseci / Jednoslojno – LJETO	Baby Natur vreće za spavanje bez nogavica pružaju bebi sigurno, udobno i prozračno okruženje tijekom cijele noći, bez opasnosti od otkrivanja. Izrađene od mekanih i prirodnih materijala, perive na 60°C, osiguravaju toplinu, udobnost i miran san u svim godišnjim dobima.	https://babynatur.hr/products/vrece-za-spavanje-bez-nogavica?variant=56019078971778	https://cdn.shopify.com/s/files/1/0943/0738/5730/files/baby-natur-white-polka-dot-sleeping-bag-a1b2c3d4.jpg?v=1780917737	https://cdn.shopify.com/s/files/1/0943/0738/5730/files/baby-natur-sleeveless-sleeping-bag-floral-print-a1b2c3d4.jpg?v=1780917736,https://cdn.shopify.com/s/files/1/0943/0738/5730/files/baby-natur-sleeveless-sleeping-bag-lemon-print-a1b2c3.jpg?v=1780917736,https://cdn.shopify.com/s/files/1/0943/0738/5730/files/baby-natur-cherry-print-sleeping-bag-a1b2c3d4_05578f3e-82fe-4c4e-a543-ce14f0dce4c8.jpg?v=1780917736,https://cdn.shopify.com/s/files/1/0943/0738/5730/files/baby-natur-sleeveless-sleeping-bag-cream-dog-print-a1b2c3d4.jpg?v=1780917737,https://cdn.shopify.com/s/files/1/0943/0738/5730/files/baby-natur-beige-braided-crib-bumper-baby-sleep-sack-a1b2c3d4.jpg?v=1780917736,https://cdn.shopify.com/s/files/1/0943/0738/5730/files/baby-natur-sleeveless-sleeping-bag-bear-print-a1b2c3d4.jpg?v=1780917737,https://cdn.shopify.com/s/files/1/0943/0738/5730/files/baby-natur-sleeveless-sleeping-bag-polka-dot-white-a1b2c3.jpg?v=1780917737,https://cdn.shopify.com/s/files/1/0943/0738/5730/files/baby-natur-sleeveless-sleeping-bag-lemon-print-cotton-a1b2c3d4.jpg?v=1780917737,https://cdn.shopify.com/s/files/1/0943/0738/5730/files/baby-natur-sleeping-bag-teddy-bear-cream-a1b2c3d4.jpg?v=1780917737,https://cdn.shopify.com/s/files/1/0943/0738/5730/files/baby-natur-sleeveless-sleeping-bag-lemon-print-a1b2c3d4.jpg?v=1780917736	out_of_stock	new	40.00 EUR		Baby Natur	BN-VR-NOG-1-Dots-M	yes		Vreća za spavanje		6-12/18 mjeseci	Jednoslojno – LJETO	Točkice	
shopify_ZZ_15192324047234_56019079004546	15192324047234	Vreće za spavanje bez nogavica - Točkice / 6-12/18 mjeseci / Dvoslojno – PROLJEĆE I JESEN	Baby Natur vreće za spavanje bez nogavica pružaju bebi sigurno, udobno i prozračno okruženje tijekom cijele noći, bez opasnosti od otkrivanja. Izrađene od mekanih i prirodnih materijala, perive na 60°C, osiguravaju toplinu, udobnost i miran san u svim godišnjim dobima.	https://babynatur.hr/products/vrece-za-spavanje-bez-nogavica?variant=56019079004546	https://cdn.shopify.com/s/files/1/0943/0738/5730/files/baby-natur-white-polka-dot-sleeping-bag-a1b2c3d4.jpg?v=1780917737	https://cdn.shopify.com/s/files/1/0943/0738/5730/files/baby-natur-sleeveless-sleeping-bag-floral-print-a1b2c3d4.jpg?v=1780917736,https://cdn.shopify.com/s/files/1/0943/0738/5730/files/baby-natur-sleeveless-sleeping-bag-lemon-print-a1b2c3.jpg?v=1780917736,https://cdn.shopify.com/s/files/1/0943/0738/5730/files/baby-natur-cherry-print-sleeping-bag-a1b2c3d4_05578f3e-82fe-4c4e-a543-ce14f0dce4c8.jpg?v=1780917736,https://cdn.shopify.com/s/files/1/0943/0738/5730/files/baby-natur-sleeveless-sleeping-bag-cream-dog-print-a1b2c3d4.jpg?v=1780917737,https://cdn.shopify.com/s/files/1/0943/0738/5730/files/baby-natur-beige-braided-crib-bumper-baby-sleep-sack-a1b2c3d4.jpg?v=1780917736,https://cdn.shopify.com/s/files/1/0943/0738/5730/files/baby-natur-sleeveless-sleeping-bag-bear-print-a1b2c3d4.jpg?v=1780917737,https://cdn.shopify.com/s/files/1/0943/0738/5730/files/baby-natur-sleeveless-sleeping-bag-polka-dot-white-a1b2c3.jpg?v=1780917737,https://cdn.shopify.com/s/files/1/0943/0738/5730/files/baby-natur-sleeveless-sleeping-bag-lemon-print-cotton-a1b2c3d4.jpg?v=1780917737,https://cdn.shopify.com/s/files/1/0943/0738/5730/files/baby-natur-sleeping-bag-teddy-bear-cream-a1b2c3d4.jpg?v=1780917737,https://cdn.shopify.com/s/files/1/0943/0738/5730/files/baby-natur-sleeveless-sleeping-bag-lemon-print-a1b2c3d4.jpg?v=1780917736	in_stock	new	45.00 EUR		Baby Natur	BN-VR-NOG-2-Dots-M	yes		Vreća za spavanje		6-12/18 mjeseci	Dvoslojno – PROLJEĆE I JESEN	Točkice	
shopify_ZZ_15192324047234_56019079037314	15192324047234	Vreće za spavanje bez nogavica - Točkice / 6-12/18 mjeseci / S punjenjem – ZIMA	Baby Natur vreće za spavanje bez nogavica pružaju bebi sigurno, udobno i prozračno okruženje tijekom cijele noći, bez opasnosti od otkrivanja. Izrađene od mekanih i prirodnih materijala, perive na 60°C, osiguravaju toplinu, udobnost i miran san u svim godišnjim dobima.	https://babynatur.hr/products/vrece-za-spavanje-bez-nogavica?variant=56019079037314	https://cdn.shopify.com/s/files/1/0943/0738/5730/files/baby-natur-white-polka-dot-sleeping-bag-a1b2c3d4.jpg?v=1780917737	https://cdn.shopify.com/s/files/1/0943/0738/5730/files/baby-natur-sleeveless-sleeping-bag-floral-print-a1b2c3d4.jpg?v=1780917736,https://cdn.shopify.com/s/files/1/0943/0738/5730/files/baby-natur-sleeveless-sleeping-bag-lemon-print-a1b2c3.jpg?v=1780917736,https://cdn.shopify.com/s/files/1/0943/0738/5730/files/baby-natur-cherry-print-sleeping-bag-a1b2c3d4_05578f3e-82fe-4c4e-a543-ce14f0dce4c8.jpg?v=1780917736,https://cdn.shopify.com/s/files/1/0943/0738/5730/files/baby-natur-sleeveless-sleeping-bag-cream-dog-print-a1b2c3d4.jpg?v=1780917737,https://cdn.shopify.com/s/files/1/0943/0738/5730/files/baby-natur-beige-braided-crib-bumper-baby-sleep-sack-a1b2c3d4.jpg?v=1780917736,https://cdn.shopify.com/s/files/1/0943/0738/5730/files/baby-natur-sleeveless-sleeping-bag-bear-print-a1b2c3d4.jpg?v=1780917737,https://cdn.shopify.com/s/files/1/0943/0738/5730/files/baby-natur-sleeveless-sleeping-bag-polka-dot-white-a1b2c3.jpg?v=1780917737,https://cdn.shopify.com/s/files/1/0943/0738/5730/files/baby-natur-sleeveless-sleeping-bag-lemon-print-cotton-a1b2c3d4.jpg?v=1780917737,https://cdn.shopify.com/s/files/1/0943/0738/5730/files/baby-natur-sleeping-bag-teddy-bear-cream-a1b2c3d4.jpg?v=1780917737,https://cdn.shopify.com/s/files/1/0943/0738/5730/files/baby-natur-sleeveless-sleeping-bag-lemon-print-a1b2c3d4.jpg?v=1780917736	in_stock	new	50.00 EUR		Baby Natur	BN-VR-NOG-3-Dots-M	yes		Vreća za spavanje		6-12/18 mjeseci	S punjenjem – ZIMA	Točkice	
shopify_ZZ_15192324047234_56695628169602	15192324047234	Vreće za spavanje bez nogavica - Archi / 0-6 mjeseci / Jednoslojno – LJETO	Baby Natur vreće za spavanje bez nogavica pružaju bebi sigurno, udobno i prozračno okruženje tijekom cijele noći, bez opasnosti od otkrivanja. Izrađene od mekanih i prirodnih materijala, perive na 60°C, osiguravaju toplinu, udobnost i miran san u svim godišnjim dobima.	https://babynatur.hr/products/vrece-za-spavanje-bez-nogavica?variant=56695628169602	https://cdn.shopify.com/s/files/1/0943/0738/5730/files/baby-natur-sleeveless-sleeping-bag-chihuahua-print-a1b2c3d4_05a4e1c6-44f1-4e4e-87f7-388894f3873b.jpg?v=1780917737	https://cdn.shopify.com/s/files/1/0943/0738/5730/files/baby-natur-sleeveless-sleeping-bag-floral-print-a1b2c3d4.jpg?v=1780917736,https://cdn.shopify.com/s/files/1/0943/0738/5730/files/baby-natur-sleeveless-sleeping-bag-lemon-print-a1b2c3.jpg?v=1780917736,https://cdn.shopify.com/s/files/1/0943/0738/5730/files/baby-natur-cherry-print-sleeping-bag-a1b2c3d4_05578f3e-82fe-4c4e-a543-ce14f0dce4c8.jpg?v=1780917736,https://cdn.shopify.com/s/files/1/0943/0738/5730/files/baby-natur-sleeveless-sleeping-bag-cream-dog-print-a1b2c3d4.jpg?v=1780917737,https://cdn.shopify.com/s/files/1/0943/0738/5730/files/baby-natur-beige-braided-crib-bumper-baby-sleep-sack-a1b2c3d4.jpg?v=1780917736,https://cdn.shopify.com/s/files/1/0943/0738/5730/files/baby-natur-sleeveless-sleeping-bag-bear-print-a1b2c3d4.jpg?v=1780917737,https://cdn.shopify.com/s/files/1/0943/0738/5730/files/baby-natur-sleeveless-sleeping-bag-polka-dot-white-a1b2c3.jpg?v=1780917737,https://cdn.shopify.com/s/files/1/0943/0738/5730/files/baby-natur-sleeveless-sleeping-bag-lemon-print-cotton-a1b2c3d4.jpg?v=1780917737,https://cdn.shopify.com/s/files/1/0943/0738/5730/files/baby-natur-sleeping-bag-teddy-bear-cream-a1b2c3d4.jpg?v=1780917737,https://cdn.shopify.com/s/files/1/0943/0738/5730/files/baby-natur-sleeveless-sleeping-bag-lemon-print-a1b2c3d4.jpg?v=1780917736	in_stock	new	40.00 EUR		Baby Natur		no		Vreća za spavanje		0-6 mjeseci	Jednoslojno – LJETO	Archi	
shopify_ZZ_15192324047234_56695628202370	15192324047234	Vreće za spavanje bez nogavica - Archi / 0-6 mjeseci / Dvoslojno – PROLJEĆE I JESEN	Baby Natur vreće za spavanje bez nogavica pružaju bebi sigurno, udobno i prozračno okruženje tijekom cijele noći, bez opasnosti od otkrivanja. Izrađene od mekanih i prirodnih materijala, perive na 60°C, osiguravaju toplinu, udobnost i miran san u svim godišnjim dobima.	https://babynatur.hr/products/vrece-za-spavanje-bez-nogavica?variant=56695628202370	https://cdn.shopify.com/s/files/1/0943/0738/5730/files/baby-natur-sleeveless-sleeping-bag-chihuahua-print-a1b2c3d4_05a4e1c6-44f1-4e4e-87f7-388894f3873b.jpg?v=1780917737	https://cdn.shopify.com/s/files/1/0943/0738/5730/files/baby-natur-sleeveless-sleeping-bag-floral-print-a1b2c3d4.jpg?v=1780917736,https://cdn.shopify.com/s/files/1/0943/0738/5730/files/baby-natur-sleeveless-sleeping-bag-lemon-print-a1b2c3.jpg?v=1780917736,https://cdn.shopify.com/s/files/1/0943/0738/5730/files/baby-natur-cherry-print-sleeping-bag-a1b2c3d4_05578f3e-82fe-4c4e-a543-ce14f0dce4c8.jpg?v=1780917736,https://cdn.shopify.com/s/files/1/0943/0738/5730/files/baby-natur-sleeveless-sleeping-bag-cream-dog-print-a1b2c3d4.jpg?v=1780917737,https://cdn.shopify.com/s/files/1/0943/0738/5730/files/baby-natur-beige-braided-crib-bumper-baby-sleep-sack-a1b2c3d4.jpg?v=1780917736,https://cdn.shopify.com/s/files/1/0943/0738/5730/files/baby-natur-sleeveless-sleeping-bag-bear-print-a1b2c3d4.jpg?v=1780917737,https://cdn.shopify.com/s/files/1/0943/0738/5730/files/baby-natur-sleeveless-sleeping-bag-polka-dot-white-a1b2c3.jpg?v=1780917737,https://cdn.shopify.com/s/files/1/0943/0738/5730/files/baby-natur-sleeveless-sleeping-bag-lemon-print-cotton-a1b2c3d4.jpg?v=1780917737,https://cdn.shopify.com/s/files/1/0943/0738/5730/files/baby-natur-sleeping-bag-teddy-bear-cream-a1b2c3d4.jpg?v=1780917737,https://cdn.shopify.com/s/files/1/0943/0738/5730/files/baby-natur-sleeveless-sleeping-bag-lemon-print-a1b2c3d4.jpg?v=1780917736	in_stock	new	45.00 EUR		Baby Natur		no		Vreća za spavanje		0-6 mjeseci	Dvoslojno – PROLJEĆE I JESEN	Archi	
shopify_ZZ_15192324047234_56695628235138	15192324047234	Vreće za spavanje bez nogavica - Archi / 0-6 mjeseci / S punjenjem – ZIMA	Baby Natur vreće za spavanje bez nogavica pružaju bebi sigurno, udobno i prozračno okruženje tijekom cijele noći, bez opasnosti od otkrivanja. Izrađene od mekanih i prirodnih materijala, perive na 60°C, osiguravaju toplinu, udobnost i miran san u svim godišnjim dobima.	https://babynatur.hr/products/vrece-za-spavanje-bez-nogavica?variant=56695628235138	https://cdn.shopify.com/s/files/1/0943/0738/5730/files/baby-natur-sleeveless-sleeping-bag-chihuahua-print-a1b2c3d4_05a4e1c6-44f1-4e4e-87f7-388894f3873b.jpg?v=1780917737	https://cdn.shopify.com/s/files/1/0943/0738/5730/files/baby-natur-sleeveless-sleeping-bag-floral-print-a1b2c3d4.jpg?v=1780917736,https://cdn.shopify.com/s/files/1/0943/0738/5730/files/baby-natur-sleeveless-sleeping-bag-lemon-print-a1b2c3.jpg?v=1780917736,https://cdn.shopify.com/s/files/1/0943/0738/5730/files/baby-natur-cherry-print-sleeping-bag-a1b2c3d4_05578f3e-82fe-4c4e-a543-ce14f0dce4c8.jpg?v=1780917736,https://cdn.shopify.com/s/files/1/0943/0738/5730/files/baby-natur-sleeveless-sleeping-bag-cream-dog-print-a1b2c3d4.jpg?v=1780917737,https://cdn.shopify.com/s/files/1/0943/0738/5730/files/baby-natur-beige-braided-crib-bumper-baby-sleep-sack-a1b2c3d4.jpg?v=1780917736,https://cdn.shopify.com/s/files/1/0943/0738/5730/files/baby-natur-sleeveless-sleeping-bag-bear-print-a1b2c3d4.jpg?v=1780917737,https://cdn.shopify.com/s/files/1/0943/0738/5730/files/baby-natur-sleeveless-sleeping-bag-polka-dot-white-a1b2c3.jpg?v=1780917737,https://cdn.shopify.com/s/files/1/0943/0738/5730/files/baby-natur-sleeveless-sleeping-bag-lemon-print-cotton-a1b2c3d4.jpg?v=1780917737,https://cdn.shopify.com/s/files/1/0943/0738/5730/files/baby-natur-sleeping-bag-teddy-bear-cream-a1b2c3d4.jpg?v=1780917737,https://cdn.shopify.com/s/files/1/0943/0738/5730/files/baby-natur-sleeveless-sleeping-bag-lemon-print-a1b2c3d4.jpg?v=1780917736	in_stock	new	50.00 EUR		Baby Natur		no		Vreća za spavanje		0-6 mjeseci	S punjenjem – ZIMA	Archi	
shopify_ZZ_15192324047234_56695628267906	15192324047234	Vreće za spavanje bez nogavica - Archi / 6-12/18 mjeseci / Jednoslojno – LJETO	Baby Natur vreće za spavanje bez nogavica pružaju bebi sigurno, udobno i prozračno okruženje tijekom cijele noći, bez opasnosti od otkrivanja. Izrađene od mekanih i prirodnih materijala, perive na 60°C, osiguravaju toplinu, udobnost i miran san u svim godišnjim dobima.	https://babynatur.hr/products/vrece-za-spavanje-bez-nogavica?variant=56695628267906	https://cdn.shopify.com/s/files/1/0943/0738/5730/files/baby-natur-sleeveless-sleeping-bag-chihuahua-print-a1b2c3d4_05a4e1c6-44f1-4e4e-87f7-388894f3873b.jpg?v=1780917737	https://cdn.shopify.com/s/files/1/0943/0738/5730/files/baby-natur-sleeveless-sleeping-bag-floral-print-a1b2c3d4.jpg?v=1780917736,https://cdn.shopify.com/s/files/1/0943/0738/5730/files/baby-natur-sleeveless-sleeping-bag-lemon-print-a1b2c3.jpg?v=1780917736,https://cdn.shopify.com/s/files/1/0943/0738/5730/files/baby-natur-cherry-print-sleeping-bag-a1b2c3d4_05578f3e-82fe-4c4e-a543-ce14f0dce4c8.jpg?v=1780917736,https://cdn.shopify.com/s/files/1/0943/0738/5730/files/baby-natur-sleeveless-sleeping-bag-cream-dog-print-a1b2c3d4.jpg?v=1780917737,https://cdn.shopify.com/s/files/1/0943/0738/5730/files/baby-natur-beige-braided-crib-bumper-baby-sleep-sack-a1b2c3d4.jpg?v=1780917736,https://cdn.shopify.com/s/files/1/0943/0738/5730/files/baby-natur-sleeveless-sleeping-bag-bear-print-a1b2c3d4.jpg?v=1780917737,https://cdn.shopify.com/s/files/1/0943/0738/5730/files/baby-natur-sleeveless-sleeping-bag-polka-dot-white-a1b2c3.jpg?v=1780917737,https://cdn.shopify.com/s/files/1/0943/0738/5730/files/baby-natur-sleeveless-sleeping-bag-lemon-print-cotton-a1b2c3d4.jpg?v=1780917737,https://cdn.shopify.com/s/files/1/0943/0738/5730/files/baby-natur-sleeping-bag-teddy-bear-cream-a1b2c3d4.jpg?v=1780917737,https://cdn.shopify.com/s/files/1/0943/0738/5730/files/baby-natur-sleeveless-sleeping-bag-lemon-print-a1b2c3d4.jpg?v=1780917736	out_of_stock	new	40.00 EUR		Baby Natur		no		Vreća za spavanje		6-12/18 mjeseci	Jednoslojno – LJETO	Archi	
shopify_ZZ_15192324047234_56695628300674	15192324047234	Vreće za spavanje bez nogavica - Archi / 6-12/18 mjeseci / Dvoslojno – PROLJEĆE I JESEN	Baby Natur vreće za spavanje bez nogavica pružaju bebi sigurno, udobno i prozračno okruženje tijekom cijele noći, bez opasnosti od otkrivanja. Izrađene od mekanih i prirodnih materijala, perive na 60°C, osiguravaju toplinu, udobnost i miran san u svim godišnjim dobima.	https://babynatur.hr/products/vrece-za-spavanje-bez-nogavica?variant=56695628300674	https://cdn.shopify.com/s/files/1/0943/0738/5730/files/baby-natur-sleeveless-sleeping-bag-chihuahua-print-a1b2c3d4_05a4e1c6-44f1-4e4e-87f7-388894f3873b.jpg?v=1780917737	https://cdn.shopify.com/s/files/1/0943/0738/5730/files/baby-natur-sleeveless-sleeping-bag-floral-print-a1b2c3d4.jpg?v=1780917736,https://cdn.shopify.com/s/files/1/0943/0738/5730/files/baby-natur-sleeveless-sleeping-bag-lemon-print-a1b2c3.jpg?v=1780917736,https://cdn.shopify.com/s/files/1/0943/0738/5730/files/baby-natur-cherry-print-sleeping-bag-a1b2c3d4_05578f3e-82fe-4c4e-a543-ce14f0dce4c8.jpg?v=1780917736,https://cdn.shopify.com/s/files/1/0943/0738/5730/files/baby-natur-sleeveless-sleeping-bag-cream-dog-print-a1b2c3d4.jpg?v=1780917737,https://cdn.shopify.com/s/files/1/0943/0738/5730/files/baby-natur-beige-braided-crib-bumper-baby-sleep-sack-a1b2c3d4.jpg?v=1780917736,https://cdn.shopify.com/s/files/1/0943/0738/5730/files/baby-natur-sleeveless-sleeping-bag-bear-print-a1b2c3d4.jpg?v=1780917737,https://cdn.shopify.com/s/files/1/0943/0738/5730/files/baby-natur-sleeveless-sleeping-bag-polka-dot-white-a1b2c3.jpg?v=1780917737,https://cdn.shopify.com/s/files/1/0943/0738/5730/files/baby-natur-sleeveless-sleeping-bag-lemon-print-cotton-a1b2c3d4.jpg?v=1780917737,https://cdn.shopify.com/s/files/1/0943/0738/5730/files/baby-natur-sleeping-bag-teddy-bear-cream-a1b2c3d4.jpg?v=1780917737,https://cdn.shopify.com/s/files/1/0943/0738/5730/files/baby-natur-sleeveless-sleeping-bag-lemon-print-a1b2c3d4.jpg?v=1780917736	in_stock	new	45.00 EUR		Baby Natur		no		Vreća za spavanje		6-12/18 mjeseci	Dvoslojno – PROLJEĆE I JESEN	Archi	
shopify_ZZ_15192324047234_56695628333442	15192324047234	Vreće za spavanje bez nogavica - Archi / 6-12/18 mjeseci / S punjenjem – ZIMA	Baby Natur vreće za spavanje bez nogavica pružaju bebi sigurno, udobno i prozračno okruženje tijekom cijele noći, bez opasnosti od otkrivanja. Izrađene od mekanih i prirodnih materijala, perive na 60°C, osiguravaju toplinu, udobnost i miran san u svim godišnjim dobima.	https://babynatur.hr/products/vrece-za-spavanje-bez-nogavica?variant=56695628333442	https://cdn.shopify.com/s/files/1/0943/0738/5730/files/baby-natur-sleeveless-sleeping-bag-chihuahua-print-a1b2c3d4_05a4e1c6-44f1-4e4e-87f7-388894f3873b.jpg?v=1780917737	https://cdn.shopify.com/s/files/1/0943/0738/5730/files/baby-natur-sleeveless-sleeping-bag-floral-print-a1b2c3d4.jpg?v=1780917736,https://cdn.shopify.com/s/files/1/0943/0738/5730/files/baby-natur-sleeveless-sleeping-bag-lemon-print-a1b2c3.jpg?v=1780917736,https://cdn.shopify.com/s/files/1/0943/0738/5730/files/baby-natur-cherry-print-sleeping-bag-a1b2c3d4_05578f3e-82fe-4c4e-a543-ce14f0dce4c8.jpg?v=1780917736,https://cdn.shopify.com/s/files/1/0943/0738/5730/files/baby-natur-sleeveless-sleeping-bag-cream-dog-print-a1b2c3d4.jpg?v=1780917737,https://cdn.shopify.com/s/files/1/0943/0738/5730/files/baby-natur-beige-braided-crib-bumper-baby-sleep-sack-a1b2c3d4.jpg?v=1780917736,https://cdn.shopify.com/s/files/1/0943/0738/5730/files/baby-natur-sleeveless-sleeping-bag-bear-print-a1b2c3d4.jpg?v=1780917737,https://cdn.shopify.com/s/files/1/0943/0738/5730/files/baby-natur-sleeveless-sleeping-bag-polka-dot-white-a1b2c3.jpg?v=1780917737,https://cdn.shopify.com/s/files/1/0943/0738/5730/files/baby-natur-sleeveless-sleeping-bag-lemon-print-cotton-a1b2c3d4.jpg?v=1780917737,https://cdn.shopify.com/s/files/1/0943/0738/5730/files/baby-natur-sleeping-bag-teddy-bear-cream-a1b2c3d4.jpg?v=1780917737,https://cdn.shopify.com/s/files/1/0943/0738/5730/files/baby-natur-sleeveless-sleeping-bag-lemon-print-a1b2c3d4.jpg?v=1780917736	in_stock	new	50.00 EUR		Baby Natur		no		Vreća za spavanje		6-12/18 mjeseci	S punjenjem – ZIMA	Archi	
shopify_ZZ_15192324047234_56695628366210	15192324047234	Vreće za spavanje bez nogavica - Limuni / 0-6 mjeseci / Jednoslojno – LJETO	Baby Natur vreće za spavanje bez nogavica pružaju bebi sigurno, udobno i prozračno okruženje tijekom cijele noći, bez opasnosti od otkrivanja. Izrađene od mekanih i prirodnih materijala, perive na 60°C, osiguravaju toplinu, udobnost i miran san u svim godišnjim dobima.	https://babynatur.hr/products/vrece-za-spavanje-bez-nogavica?variant=56695628366210	https://cdn.shopify.com/s/files/1/0943/0738/5730/files/baby-natur-sleeveless-sleeping-bag-lemon-print-a1b2c3d4_2fbedb51-760e-4159-a9f4-4078953a1f94.jpg?v=1780917737	https://cdn.shopify.com/s/files/1/0943/0738/5730/files/baby-natur-sleeveless-sleeping-bag-floral-print-a1b2c3d4.jpg?v=1780917736,https://cdn.shopify.com/s/files/1/0943/0738/5730/files/baby-natur-sleeveless-sleeping-bag-lemon-print-a1b2c3.jpg?v=1780917736,https://cdn.shopify.com/s/files/1/0943/0738/5730/files/baby-natur-cherry-print-sleeping-bag-a1b2c3d4_05578f3e-82fe-4c4e-a543-ce14f0dce4c8.jpg?v=1780917736,https://cdn.shopify.com/s/files/1/0943/0738/5730/files/baby-natur-sleeveless-sleeping-bag-cream-dog-print-a1b2c3d4.jpg?v=1780917737,https://cdn.shopify.com/s/files/1/0943/0738/5730/files/baby-natur-beige-braided-crib-bumper-baby-sleep-sack-a1b2c3d4.jpg?v=1780917736,https://cdn.shopify.com/s/files/1/0943/0738/5730/files/baby-natur-sleeveless-sleeping-bag-bear-print-a1b2c3d4.jpg?v=1780917737,https://cdn.shopify.com/s/files/1/0943/0738/5730/files/baby-natur-sleeveless-sleeping-bag-polka-dot-white-a1b2c3.jpg?v=1780917737,https://cdn.shopify.com/s/files/1/0943/0738/5730/files/baby-natur-sleeveless-sleeping-bag-lemon-print-cotton-a1b2c3d4.jpg?v=1780917737,https://cdn.shopify.com/s/files/1/0943/0738/5730/files/baby-natur-sleeping-bag-teddy-bear-cream-a1b2c3d4.jpg?v=1780917737,https://cdn.shopify.com/s/files/1/0943/0738/5730/files/baby-natur-sleeveless-sleeping-bag-lemon-print-a1b2c3d4.jpg?v=1780917736	in_stock	new	40.00 EUR		Baby Natur		no		Vreća za spavanje		0-6 mjeseci	Jednoslojno – LJETO	Limuni	
shopify_ZZ_15192324047234_56695628398978	15192324047234	Vreće za spavanje bez nogavica - Limuni / 0-6 mjeseci / Dvoslojno – PROLJEĆE I JESEN	Baby Natur vreće za spavanje bez nogavica pružaju bebi sigurno, udobno i prozračno okruženje tijekom cijele noći, bez opasnosti od otkrivanja. Izrađene od mekanih i prirodnih materijala, perive na 60°C, osiguravaju toplinu, udobnost i miran san u svim godišnjim dobima.	https://babynatur.hr/products/vrece-za-spavanje-bez-nogavica?variant=56695628398978	https://cdn.shopify.com/s/files/1/0943/0738/5730/files/baby-natur-sleeveless-sleeping-bag-lemon-print-a1b2c3d4_2fbedb51-760e-4159-a9f4-4078953a1f94.jpg?v=1780917737	https://cdn.shopify.com/s/files/1/0943/0738/5730/files/baby-natur-sleeveless-sleeping-bag-floral-print-a1b2c3d4.jpg?v=1780917736,https://cdn.shopify.com/s/files/1/0943/0738/5730/files/baby-natur-sleeveless-sleeping-bag-lemon-print-a1b2c3.jpg?v=1780917736,https://cdn.shopify.com/s/files/1/0943/0738/5730/files/baby-natur-cherry-print-sleeping-bag-a1b2c3d4_05578f3e-82fe-4c4e-a543-ce14f0dce4c8.jpg?v=1780917736,https://cdn.shopify.com/s/files/1/0943/0738/5730/files/baby-natur-sleeveless-sleeping-bag-cream-dog-print-a1b2c3d4.jpg?v=1780917737,https://cdn.shopify.com/s/files/1/0943/0738/5730/files/baby-natur-beige-braided-crib-bumper-baby-sleep-sack-a1b2c3d4.jpg?v=1780917736,https://cdn.shopify.com/s/files/1/0943/0738/5730/files/baby-natur-sleeveless-sleeping-bag-bear-print-a1b2c3d4.jpg?v=1780917737,https://cdn.shopify.com/s/files/1/0943/0738/5730/files/baby-natur-sleeveless-sleeping-bag-polka-dot-white-a1b2c3.jpg?v=1780917737,https://cdn.shopify.com/s/files/1/0943/0738/5730/files/baby-natur-sleeveless-sleeping-bag-lemon-print-cotton-a1b2c3d4.jpg?v=1780917737,https://cdn.shopify.com/s/files/1/0943/0738/5730/files/baby-natur-sleeping-bag-teddy-bear-cream-a1b2c3d4.jpg?v=1780917737,https://cdn.shopify.com/s/files/1/0943/0738/5730/files/baby-natur-sleeveless-sleeping-bag-lemon-print-a1b2c3d4.jpg?v=1780917736	in_stock	new	45.00 EUR		Baby Natur		no		Vreća za spavanje		0-6 mjeseci	Dvoslojno – PROLJEĆE I JESEN	Limuni	
shopify_ZZ_15192324047234_56695628431746	15192324047234	Vreće za spavanje bez nogavica - Limuni / 0-6 mjeseci / S punjenjem – ZIMA	Baby Natur vreće za spavanje bez nogavica pružaju bebi sigurno, udobno i prozračno okruženje tijekom cijele noći, bez opasnosti od otkrivanja. Izrađene od mekanih i prirodnih materijala, perive na 60°C, osiguravaju toplinu, udobnost i miran san u svim godišnjim dobima.	https://babynatur.hr/products/vrece-za-spavanje-bez-nogavica?variant=56695628431746	https://cdn.shopify.com/s/files/1/0943/0738/5730/files/baby-natur-sleeveless-sleeping-bag-lemon-print-a1b2c3d4_2fbedb51-760e-4159-a9f4-4078953a1f94.jpg?v=1780917737	https://cdn.shopify.com/s/files/1/0943/0738/5730/files/baby-natur-sleeveless-sleeping-bag-floral-print-a1b2c3d4.jpg?v=1780917736,https://cdn.shopify.com/s/files/1/0943/0738/5730/files/baby-natur-sleeveless-sleeping-bag-lemon-print-a1b2c3.jpg?v=1780917736,https://cdn.shopify.com/s/files/1/0943/0738/5730/files/baby-natur-cherry-print-sleeping-bag-a1b2c3d4_05578f3e-82fe-4c4e-a543-ce14f0dce4c8.jpg?v=1780917736,https://cdn.shopify.com/s/files/1/0943/0738/5730/files/baby-natur-sleeveless-sleeping-bag-cream-dog-print-a1b2c3d4.jpg?v=1780917737,https://cdn.shopify.com/s/files/1/0943/0738/5730/files/baby-natur-beige-braided-crib-bumper-baby-sleep-sack-a1b2c3d4.jpg?v=1780917736,https://cdn.shopify.com/s/files/1/0943/0738/5730/files/baby-natur-sleeveless-sleeping-bag-bear-print-a1b2c3d4.jpg?v=1780917737,https://cdn.shopify.com/s/files/1/0943/0738/5730/files/baby-natur-sleeveless-sleeping-bag-polka-dot-white-a1b2c3.jpg?v=1780917737,https://cdn.shopify.com/s/files/1/0943/0738/5730/files/baby-natur-sleeveless-sleeping-bag-lemon-print-cotton-a1b2c3d4.jpg?v=1780917737,https://cdn.shopify.com/s/files/1/0943/0738/5730/files/baby-natur-sleeping-bag-teddy-bear-cream-a1b2c3d4.jpg?v=1780917737,https://cdn.shopify.com/s/files/1/0943/0738/5730/files/baby-natur-sleeveless-sleeping-bag-lemon-print-a1b2c3d4.jpg?v=1780917736	in_stock	new	50.00 EUR		Baby Natur		no		Vreća za spavanje		0-6 mjeseci	S punjenjem – ZIMA	Limuni	
shopify_ZZ_15192324047234_56695628464514	15192324047234	Vreće za spavanje bez nogavica - Limuni / 6-12/18 mjeseci / Jednoslojno – LJETO	Baby Natur vreće za spavanje bez nogavica pružaju bebi sigurno, udobno i prozračno okruženje tijekom cijele noći, bez opasnosti od otkrivanja. Izrađene od mekanih i prirodnih materijala, perive na 60°C, osiguravaju toplinu, udobnost i miran san u svim godišnjim dobima.	https://babynatur.hr/products/vrece-za-spavanje-bez-nogavica?variant=56695628464514	https://cdn.shopify.com/s/files/1/0943/0738/5730/files/baby-natur-sleeveless-sleeping-bag-lemon-print-a1b2c3d4_2fbedb51-760e-4159-a9f4-4078953a1f94.jpg?v=1780917737	https://cdn.shopify.com/s/files/1/0943/0738/5730/files/baby-natur-sleeveless-sleeping-bag-floral-print-a1b2c3d4.jpg?v=1780917736,https://cdn.shopify.com/s/files/1/0943/0738/5730/files/baby-natur-sleeveless-sleeping-bag-lemon-print-a1b2c3.jpg?v=1780917736,https://cdn.shopify.com/s/files/1/0943/0738/5730/files/baby-natur-cherry-print-sleeping-bag-a1b2c3d4_05578f3e-82fe-4c4e-a543-ce14f0dce4c8.jpg?v=1780917736,https://cdn.shopify.com/s/files/1/0943/0738/5730/files/baby-natur-sleeveless-sleeping-bag-cream-dog-print-a1b2c3d4.jpg?v=1780917737,https://cdn.shopify.com/s/files/1/0943/0738/5730/files/baby-natur-beige-braided-crib-bumper-baby-sleep-sack-a1b2c3d4.jpg?v=1780917736,https://cdn.shopify.com/s/files/1/0943/0738/5730/files/baby-natur-sleeveless-sleeping-bag-bear-print-a1b2c3d4.jpg?v=1780917737,https://cdn.shopify.com/s/files/1/0943/0738/5730/files/baby-natur-sleeveless-sleeping-bag-polka-dot-white-a1b2c3.jpg?v=1780917737,https://cdn.shopify.com/s/files/1/0943/0738/5730/files/baby-natur-sleeveless-sleeping-bag-lemon-print-cotton-a1b2c3d4.jpg?v=1780917737,https://cdn.shopify.com/s/files/1/0943/0738/5730/files/baby-natur-sleeping-bag-teddy-bear-cream-a1b2c3d4.jpg?v=1780917737,https://cdn.shopify.com/s/files/1/0943/0738/5730/files/baby-natur-sleeveless-sleeping-bag-lemon-print-a1b2c3d4.jpg?v=1780917736	in_stock	new	40.00 EUR		Baby Natur		no		Vreća za spavanje		6-12/18 mjeseci	Jednoslojno – LJETO	Limuni	
shopify_ZZ_15192324047234_56695628497282	15192324047234	Vreće za spavanje bez nogavica - Limuni / 6-12/18 mjeseci / Dvoslojno – PROLJEĆE I JESEN	Baby Natur vreće za spavanje bez nogavica pružaju bebi sigurno, udobno i prozračno okruženje tijekom cijele noći, bez opasnosti od otkrivanja. Izrađene od mekanih i prirodnih materijala, perive na 60°C, osiguravaju toplinu, udobnost i miran san u svim godišnjim dobima.	https://babynatur.hr/products/vrece-za-spavanje-bez-nogavica?variant=56695628497282	https://cdn.shopify.com/s/files/1/0943/0738/5730/files/baby-natur-sleeveless-sleeping-bag-lemon-print-a1b2c3d4_2fbedb51-760e-4159-a9f4-4078953a1f94.jpg?v=1780917737	https://cdn.shopify.com/s/files/1/0943/0738/5730/files/baby-natur-sleeveless-sleeping-bag-floral-print-a1b2c3d4.jpg?v=1780917736,https://cdn.shopify.com/s/files/1/0943/0738/5730/files/baby-natur-sleeveless-sleeping-bag-lemon-print-a1b2c3.jpg?v=1780917736,https://cdn.shopify.com/s/files/1/0943/0738/5730/files/baby-natur-cherry-print-sleeping-bag-a1b2c3d4_05578f3e-82fe-4c4e-a543-ce14f0dce4c8.jpg?v=1780917736,https://cdn.shopify.com/s/files/1/0943/0738/5730/files/baby-natur-sleeveless-sleeping-bag-cream-dog-print-a1b2c3d4.jpg?v=1780917737,https://cdn.shopify.com/s/files/1/0943/0738/5730/files/baby-natur-beige-braided-crib-bumper-baby-sleep-sack-a1b2c3d4.jpg?v=1780917736,https://cdn.shopify.com/s/files/1/0943/0738/5730/files/baby-natur-sleeveless-sleeping-bag-bear-print-a1b2c3d4.jpg?v=1780917737,https://cdn.shopify.com/s/files/1/0943/0738/5730/files/baby-natur-sleeveless-sleeping-bag-polka-dot-white-a1b2c3.jpg?v=1780917737,https://cdn.shopify.com/s/files/1/0943/0738/5730/files/baby-natur-sleeveless-sleeping-bag-lemon-print-cotton-a1b2c3d4.jpg?v=1780917737,https://cdn.shopify.com/s/files/1/0943/0738/5730/files/baby-natur-sleeping-bag-teddy-bear-cream-a1b2c3d4.jpg?v=1780917737,https://cdn.shopify.com/s/files/1/0943/0738/5730/files/baby-natur-sleeveless-sleeping-bag-lemon-print-a1b2c3d4.jpg?v=1780917736	in_stock	new	45.00 EUR		Baby Natur		no		Vreća za spavanje		6-12/18 mjeseci	Dvoslojno – PROLJEĆE I JESEN	Limuni	
shopify_ZZ_15192324047234_56695628530050	15192324047234	Vreće za spavanje bez nogavica - Limuni / 6-12/18 mjeseci / S punjenjem – ZIMA	Baby Natur vreće za spavanje bez nogavica pružaju bebi sigurno, udobno i prozračno okruženje tijekom cijele noći, bez opasnosti od otkrivanja. Izrađene od mekanih i prirodnih materijala, perive na 60°C, osiguravaju toplinu, udobnost i miran san u svim godišnjim dobima.	https://babynatur.hr/products/vrece-za-spavanje-bez-nogavica?variant=56695628530050	https://cdn.shopify.com/s/files/1/0943/0738/5730/files/baby-natur-sleeveless-sleeping-bag-lemon-print-a1b2c3d4_2fbedb51-760e-4159-a9f4-4078953a1f94.jpg?v=1780917737	https://cdn.shopify.com/s/files/1/0943/0738/5730/files/baby-natur-sleeveless-sleeping-bag-floral-print-a1b2c3d4.jpg?v=1780917736,https://cdn.shopify.com/s/files/1/0943/0738/5730/files/baby-natur-sleeveless-sleeping-bag-lemon-print-a1b2c3.jpg?v=1780917736,https://cdn.shopify.com/s/files/1/0943/0738/5730/files/baby-natur-cherry-print-sleeping-bag-a1b2c3d4_05578f3e-82fe-4c4e-a543-ce14f0dce4c8.jpg?v=1780917736,https://cdn.shopify.com/s/files/1/0943/0738/5730/files/baby-natur-sleeveless-sleeping-bag-cream-dog-print-a1b2c3d4.jpg?v=1780917737,https://cdn.shopify.com/s/files/1/0943/0738/5730/files/baby-natur-beige-braided-crib-bumper-baby-sleep-sack-a1b2c3d4.jpg?v=1780917736,https://cdn.shopify.com/s/files/1/0943/0738/5730/files/baby-natur-sleeveless-sleeping-bag-bear-print-a1b2c3d4.jpg?v=1780917737,https://cdn.shopify.com/s/files/1/0943/0738/5730/files/baby-natur-sleeveless-sleeping-bag-polka-dot-white-a1b2c3.jpg?v=1780917737,https://cdn.shopify.com/s/files/1/0943/0738/5730/files/baby-natur-sleeveless-sleeping-bag-lemon-print-cotton-a1b2c3d4.jpg?v=1780917737,https://cdn.shopify.com/s/files/1/0943/0738/5730/files/baby-natur-sleeping-bag-teddy-bear-cream-a1b2c3d4.jpg?v=1780917737,https://cdn.shopify.com/s/files/1/0943/0738/5730/files/baby-natur-sleeveless-sleeping-bag-lemon-print-a1b2c3d4.jpg?v=1780917736	in_stock	new	50.00 EUR		Baby Natur		no		Vreća za spavanje		6-12/18 mjeseci	S punjenjem – ZIMA	Limuni	
shopify_ZZ_15192324047234_56019078676866	15192324047234	Vreće za spavanje bez nogavica - Srca / 0-6 mjeseci / Jednoslojno – LJETO	Baby Natur vreće za spavanje bez nogavica pružaju bebi sigurno, udobno i prozračno okruženje tijekom cijele noći, bez opasnosti od otkrivanja. Izrađene od mekanih i prirodnih materijala, perive na 60°C, osiguravaju toplinu, udobnost i miran san u svim godišnjim dobima.	https://babynatur.hr/products/vrece-za-spavanje-bez-nogavica?variant=56019078676866	https://cdn.shopify.com/s/files/1/0943/0738/5730/files/baby-natur-white-heart-sleeping-bag-a1b2c3d4.jpg?v=1780917737	https://cdn.shopify.com/s/files/1/0943/0738/5730/files/baby-natur-sleeveless-sleeping-bag-floral-print-a1b2c3d4.jpg?v=1780917736,https://cdn.shopify.com/s/files/1/0943/0738/5730/files/baby-natur-sleeveless-sleeping-bag-lemon-print-a1b2c3.jpg?v=1780917736,https://cdn.shopify.com/s/files/1/0943/0738/5730/files/baby-natur-cherry-print-sleeping-bag-a1b2c3d4_05578f3e-82fe-4c4e-a543-ce14f0dce4c8.jpg?v=1780917736,https://cdn.shopify.com/s/files/1/0943/0738/5730/files/baby-natur-sleeveless-sleeping-bag-cream-dog-print-a1b2c3d4.jpg?v=1780917737,https://cdn.shopify.com/s/files/1/0943/0738/5730/files/baby-natur-beige-braided-crib-bumper-baby-sleep-sack-a1b2c3d4.jpg?v=1780917736,https://cdn.shopify.com/s/files/1/0943/0738/5730/files/baby-natur-sleeveless-sleeping-bag-bear-print-a1b2c3d4.jpg?v=1780917737,https://cdn.shopify.com/s/files/1/0943/0738/5730/files/baby-natur-sleeveless-sleeping-bag-polka-dot-white-a1b2c3.jpg?v=1780917737,https://cdn.shopify.com/s/files/1/0943/0738/5730/files/baby-natur-sleeveless-sleeping-bag-lemon-print-cotton-a1b2c3d4.jpg?v=1780917737,https://cdn.shopify.com/s/files/1/0943/0738/5730/files/baby-natur-sleeping-bag-teddy-bear-cream-a1b2c3d4.jpg?v=1780917737,https://cdn.shopify.com/s/files/1/0943/0738/5730/files/baby-natur-sleeveless-sleeping-bag-lemon-print-a1b2c3d4.jpg?v=1780917736	out_of_stock	new	40.00 EUR	36.00 EUR	Baby Natur	BN-VR-NOG-1-Hears-S	yes		Vreća za spavanje		0-6 mjeseci	Jednoslojno – LJETO	Srca	
shopify_ZZ_15192324047234_56019078709634	15192324047234	Vreće za spavanje bez nogavica - Srca / 0-6 mjeseci / Dvoslojno – PROLJEĆE I JESEN	Baby Natur vreće za spavanje bez nogavica pružaju bebi sigurno, udobno i prozračno okruženje tijekom cijele noći, bez opasnosti od otkrivanja. Izrađene od mekanih i prirodnih materijala, perive na 60°C, osiguravaju toplinu, udobnost i miran san u svim godišnjim dobima.	https://babynatur.hr/products/vrece-za-spavanje-bez-nogavica?variant=56019078709634	https://cdn.shopify.com/s/files/1/0943/0738/5730/files/baby-natur-white-heart-sleeping-bag-a1b2c3d4.jpg?v=1780917737	https://cdn.shopify.com/s/files/1/0943/0738/5730/files/baby-natur-sleeveless-sleeping-bag-floral-print-a1b2c3d4.jpg?v=1780917736,https://cdn.shopify.com/s/files/1/0943/0738/5730/files/baby-natur-sleeveless-sleeping-bag-lemon-print-a1b2c3.jpg?v=1780917736,https://cdn.shopify.com/s/files/1/0943/0738/5730/files/baby-natur-cherry-print-sleeping-bag-a1b2c3d4_05578f3e-82fe-4c4e-a543-ce14f0dce4c8.jpg?v=1780917736,https://cdn.shopify.com/s/files/1/0943/0738/5730/files/baby-natur-sleeveless-sleeping-bag-cream-dog-print-a1b2c3d4.jpg?v=1780917737,https://cdn.shopify.com/s/files/1/0943/0738/5730/files/baby-natur-beige-braided-crib-bumper-baby-sleep-sack-a1b2c3d4.jpg?v=1780917736,https://cdn.shopify.com/s/files/1/0943/0738/5730/files/baby-natur-sleeveless-sleeping-bag-bear-print-a1b2c3d4.jpg?v=1780917737,https://cdn.shopify.com/s/files/1/0943/0738/5730/files/baby-natur-sleeveless-sleeping-bag-polka-dot-white-a1b2c3.jpg?v=1780917737,https://cdn.shopify.com/s/files/1/0943/0738/5730/files/baby-natur-sleeveless-sleeping-bag-lemon-print-cotton-a1b2c3d4.jpg?v=1780917737,https://cdn.shopify.com/s/files/1/0943/0738/5730/files/baby-natur-sleeping-bag-teddy-bear-cream-a1b2c3d4.jpg?v=1780917737,https://cdn.shopify.com/s/files/1/0943/0738/5730/files/baby-natur-sleeveless-sleeping-bag-lemon-print-a1b2c3d4.jpg?v=1780917736	in_stock	new	45.00 EUR	39.50 EUR	Baby Natur	BN-VR-NOG-2-Hears-S	yes		Vreća za spavanje		0-6 mjeseci	Dvoslojno – PROLJEĆE I JESEN	Srca	
shopify_ZZ_15192324047234_56019078742402	15192324047234	Vreće za spavanje bez nogavica - Srca / 0-6 mjeseci / S punjenjem – ZIMA	Baby Natur vreće za spavanje bez nogavica pružaju bebi sigurno, udobno i prozračno okruženje tijekom cijele noći, bez opasnosti od otkrivanja. Izrađene od mekanih i prirodnih materijala, perive na 60°C, osiguravaju toplinu, udobnost i miran san u svim godišnjim dobima.	https://babynatur.hr/products/vrece-za-spavanje-bez-nogavica?variant=56019078742402	https://cdn.shopify.com/s/files/1/0943/0738/5730/files/baby-natur-white-heart-sleeping-bag-a1b2c3d4.jpg?v=1780917737	https://cdn.shopify.com/s/files/1/0943/0738/5730/files/baby-natur-sleeveless-sleeping-bag-floral-print-a1b2c3d4.jpg?v=1780917736,https://cdn.shopify.com/s/files/1/0943/0738/5730/files/baby-natur-sleeveless-sleeping-bag-lemon-print-a1b2c3.jpg?v=1780917736,https://cdn.shopify.com/s/files/1/0943/0738/5730/files/baby-natur-cherry-print-sleeping-bag-a1b2c3d4_05578f3e-82fe-4c4e-a543-ce14f0dce4c8.jpg?v=1780917736,https://cdn.shopify.com/s/files/1/0943/0738/5730/files/baby-natur-sleeveless-sleeping-bag-cream-dog-print-a1b2c3d4.jpg?v=1780917737,https://cdn.shopify.com/s/files/1/0943/0738/5730/files/baby-natur-beige-braided-crib-bumper-baby-sleep-sack-a1b2c3d4.jpg?v=1780917736,https://cdn.shopify.com/s/files/1/0943/0738/5730/files/baby-natur-sleeveless-sleeping-bag-bear-print-a1b2c3d4.jpg?v=1780917737,https://cdn.shopify.com/s/files/1/0943/0738/5730/files/baby-natur-sleeveless-sleeping-bag-polka-dot-white-a1b2c3.jpg?v=1780917737,https://cdn.shopify.com/s/files/1/0943/0738/5730/files/baby-natur-sleeveless-sleeping-bag-lemon-print-cotton-a1b2c3d4.jpg?v=1780917737,https://cdn.shopify.com/s/files/1/0943/0738/5730/files/baby-natur-sleeping-bag-teddy-bear-cream-a1b2c3d4.jpg?v=1780917737,https://cdn.shopify.com/s/files/1/0943/0738/5730/files/baby-natur-sleeveless-sleeping-bag-lemon-print-a1b2c3d4.jpg?v=1780917736	in_stock	new	50.00 EUR	45.00 EUR	Baby Natur	BN-VR-NOG-3-Hears-S	yes		Vreća za spavanje		0-6 mjeseci	S punjenjem – ZIMA	Srca	
shopify_ZZ_15192324047234_56019078775170	15192324047234	Vreće za spavanje bez nogavica - Srca / 6-12/18 mjeseci / Jednoslojno – LJETO	Baby Natur vreće za spavanje bez nogavica pružaju bebi sigurno, udobno i prozračno okruženje tijekom cijele noći, bez opasnosti od otkrivanja. Izrađene od mekanih i prirodnih materijala, perive na 60°C, osiguravaju toplinu, udobnost i miran san u svim godišnjim dobima.	https://babynatur.hr/products/vrece-za-spavanje-bez-nogavica?variant=56019078775170	https://cdn.shopify.com/s/files/1/0943/0738/5730/files/baby-natur-white-heart-sleeping-bag-a1b2c3d4.jpg?v=1780917737	https://cdn.shopify.com/s/files/1/0943/0738/5730/files/baby-natur-sleeveless-sleeping-bag-floral-print-a1b2c3d4.jpg?v=1780917736,https://cdn.shopify.com/s/files/1/0943/0738/5730/files/baby-natur-sleeveless-sleeping-bag-lemon-print-a1b2c3.jpg?v=1780917736,https://cdn.shopify.com/s/files/1/0943/0738/5730/files/baby-natur-cherry-print-sleeping-bag-a1b2c3d4_05578f3e-82fe-4c4e-a543-ce14f0dce4c8.jpg?v=1780917736,https://cdn.shopify.com/s/files/1/0943/0738/5730/files/baby-natur-sleeveless-sleeping-bag-cream-dog-print-a1b2c3d4.jpg?v=1780917737,https://cdn.shopify.com/s/files/1/0943/0738/5730/files/baby-natur-beige-braided-crib-bumper-baby-sleep-sack-a1b2c3d4.jpg?v=1780917736,https://cdn.shopify.com/s/files/1/0943/0738/5730/files/baby-natur-sleeveless-sleeping-bag-bear-print-a1b2c3d4.jpg?v=1780917737,https://cdn.shopify.com/s/files/1/0943/0738/5730/files/baby-natur-sleeveless-sleeping-bag-polka-dot-white-a1b2c3.jpg?v=1780917737,https://cdn.shopify.com/s/files/1/0943/0738/5730/files/baby-natur-sleeveless-sleeping-bag-lemon-print-cotton-a1b2c3d4.jpg?v=1780917737,https://cdn.shopify.com/s/files/1/0943/0738/5730/files/baby-natur-sleeping-bag-teddy-bear-cream-a1b2c3d4.jpg?v=1780917737,https://cdn.shopify.com/s/files/1/0943/0738/5730/files/baby-natur-sleeveless-sleeping-bag-lemon-print-a1b2c3d4.jpg?v=1780917736	out_of_stock	new	40.00 EUR	36.00 EUR	Baby Natur	BN-VR-NOG-1-Hears-M	yes		Vreća za spavanje		6-12/18 mjeseci	Jednoslojno – LJETO	Srca	
shopify_ZZ_15192324047234_56019078807938	15192324047234	Vreće za spavanje bez nogavica - Srca / 6-12/18 mjeseci / Dvoslojno – PROLJEĆE I JESEN	Baby Natur vreće za spavanje bez nogavica pružaju bebi sigurno, udobno i prozračno okruženje tijekom cijele noći, bez opasnosti od otkrivanja. Izrađene od mekanih i prirodnih materijala, perive na 60°C, osiguravaju toplinu, udobnost i miran san u svim godišnjim dobima.	https://babynatur.hr/products/vrece-za-spavanje-bez-nogavica?variant=56019078807938	https://cdn.shopify.com/s/files/1/0943/0738/5730/files/baby-natur-white-heart-sleeping-bag-a1b2c3d4.jpg?v=1780917737	https://cdn.shopify.com/s/files/1/0943/0738/5730/files/baby-natur-sleeveless-sleeping-bag-floral-print-a1b2c3d4.jpg?v=1780917736,https://cdn.shopify.com/s/files/1/0943/0738/5730/files/baby-natur-sleeveless-sleeping-bag-lemon-print-a1b2c3.jpg?v=1780917736,https://cdn.shopify.com/s/files/1/0943/0738/5730/files/baby-natur-cherry-print-sleeping-bag-a1b2c3d4_05578f3e-82fe-4c4e-a543-ce14f0dce4c8.jpg?v=1780917736,https://cdn.shopify.com/s/files/1/0943/0738/5730/files/baby-natur-sleeveless-sleeping-bag-cream-dog-print-a1b2c3d4.jpg?v=1780917737,https://cdn.shopify.com/s/files/1/0943/0738/5730/files/baby-natur-beige-braided-crib-bumper-baby-sleep-sack-a1b2c3d4.jpg?v=1780917736,https://cdn.shopify.com/s/files/1/0943/0738/5730/files/baby-natur-sleeveless-sleeping-bag-bear-print-a1b2c3d4.jpg?v=1780917737,https://cdn.shopify.com/s/files/1/0943/0738/5730/files/baby-natur-sleeveless-sleeping-bag-polka-dot-white-a1b2c3.jpg?v=1780917737,https://cdn.shopify.com/s/files/1/0943/0738/5730/files/baby-natur-sleeveless-sleeping-bag-lemon-print-cotton-a1b2c3d4.jpg?v=1780917737,https://cdn.shopify.com/s/files/1/0943/0738/5730/files/baby-natur-sleeping-bag-teddy-bear-cream-a1b2c3d4.jpg?v=1780917737,https://cdn.shopify.com/s/files/1/0943/0738/5730/files/baby-natur-sleeveless-sleeping-bag-lemon-print-a1b2c3d4.jpg?v=1780917736	in_stock	new	45.00 EUR	39.50 EUR	Baby Natur	BN-VR-NOG-2-Hears-M	yes		Vreća za spavanje		6-12/18 mjeseci	Dvoslojno – PROLJEĆE I JESEN	Srca	
shopify_ZZ_15192324047234_56019078840706	15192324047234	Vreće za spavanje bez nogavica - Srca / 6-12/18 mjeseci / S punjenjem – ZIMA	Baby Natur vreće za spavanje bez nogavica pružaju bebi sigurno, udobno i prozračno okruženje tijekom cijele noći, bez opasnosti od otkrivanja. Izrađene od mekanih i prirodnih materijala, perive na 60°C, osiguravaju toplinu, udobnost i miran san u svim godišnjim dobima.	https://babynatur.hr/products/vrece-za-spavanje-bez-nogavica?variant=56019078840706	https://cdn.shopify.com/s/files/1/0943/0738/5730/files/baby-natur-white-heart-sleeping-bag-a1b2c3d4.jpg?v=1780917737	https://cdn.shopify.com/s/files/1/0943/0738/5730/files/baby-natur-sleeveless-sleeping-bag-floral-print-a1b2c3d4.jpg?v=1780917736,https://cdn.shopify.com/s/files/1/0943/0738/5730/files/baby-natur-sleeveless-sleeping-bag-lemon-print-a1b2c3.jpg?v=1780917736,https://cdn.shopify.com/s/files/1/0943/0738/5730/files/baby-natur-cherry-print-sleeping-bag-a1b2c3d4_05578f3e-82fe-4c4e-a543-ce14f0dce4c8.jpg?v=1780917736,https://cdn.shopify.com/s/files/1/0943/0738/5730/files/baby-natur-sleeveless-sleeping-bag-cream-dog-print-a1b2c3d4.jpg?v=1780917737,https://cdn.shopify.com/s/files/1/0943/0738/5730/files/baby-natur-beige-braided-crib-bumper-baby-sleep-sack-a1b2c3d4.jpg?v=1780917736,https://cdn.shopify.com/s/files/1/0943/0738/5730/files/baby-natur-sleeveless-sleeping-bag-bear-print-a1b2c3d4.jpg?v=1780917737,https://cdn.shopify.com/s/files/1/0943/0738/5730/files/baby-natur-sleeveless-sleeping-bag-polka-dot-white-a1b2c3.jpg?v=1780917737,https://cdn.shopify.com/s/files/1/0943/0738/5730/files/baby-natur-sleeveless-sleeping-bag-lemon-print-cotton-a1b2c3d4.jpg?v=1780917737,https://cdn.shopify.com/s/files/1/0943/0738/5730/files/baby-natur-sleeping-bag-teddy-bear-cream-a1b2c3d4.jpg?v=1780917737,https://cdn.shopify.com/s/files/1/0943/0738/5730/files/baby-natur-sleeveless-sleeping-bag-lemon-print-a1b2c3d4.jpg?v=1780917736	in_stock	new	50.00 EUR	45.00 EUR	Baby Natur	BN-VR-NOG-3-Hears-M	yes		Vreća za spavanje		6-12/18 mjeseci	S punjenjem – ZIMA	Srca	
shopify_ZZ_15192324047234_56695628562818	15192324047234	Vreće za spavanje bez nogavica - Trešnjice / 0-6 mjeseci / Jednoslojno – LJETO	Baby Natur vreće za spavanje bez nogavica pružaju bebi sigurno, udobno i prozračno okruženje tijekom cijele noći, bez opasnosti od otkrivanja. Izrađene od mekanih i prirodnih materijala, perive na 60°C, osiguravaju toplinu, udobnost i miran san u svim godišnjim dobima.	https://babynatur.hr/products/vrece-za-spavanje-bez-nogavica?variant=56695628562818	https://cdn.shopify.com/s/files/1/0943/0738/5730/files/baby-natur-cherry-print-sleeveless-sleeping-bag-a1b2c3d4.jpg?v=1780917737	https://cdn.shopify.com/s/files/1/0943/0738/5730/files/baby-natur-sleeveless-sleeping-bag-floral-print-a1b2c3d4.jpg?v=1780917736,https://cdn.shopify.com/s/files/1/0943/0738/5730/files/baby-natur-sleeveless-sleeping-bag-lemon-print-a1b2c3.jpg?v=1780917736,https://cdn.shopify.com/s/files/1/0943/0738/5730/files/baby-natur-cherry-print-sleeping-bag-a1b2c3d4_05578f3e-82fe-4c4e-a543-ce14f0dce4c8.jpg?v=1780917736,https://cdn.shopify.com/s/files/1/0943/0738/5730/files/baby-natur-sleeveless-sleeping-bag-cream-dog-print-a1b2c3d4.jpg?v=1780917737,https://cdn.shopify.com/s/files/1/0943/0738/5730/files/baby-natur-beige-braided-crib-bumper-baby-sleep-sack-a1b2c3d4.jpg?v=1780917736,https://cdn.shopify.com/s/files/1/0943/0738/5730/files/baby-natur-sleeveless-sleeping-bag-bear-print-a1b2c3d4.jpg?v=1780917737,https://cdn.shopify.com/s/files/1/0943/0738/5730/files/baby-natur-sleeveless-sleeping-bag-polka-dot-white-a1b2c3.jpg?v=1780917737,https://cdn.shopify.com/s/files/1/0943/0738/5730/files/baby-natur-sleeveless-sleeping-bag-lemon-print-cotton-a1b2c3d4.jpg?v=1780917737,https://cdn.shopify.com/s/files/1/0943/0738/5730/files/baby-natur-sleeping-bag-teddy-bear-cream-a1b2c3d4.jpg?v=1780917737,https://cdn.shopify.com/s/files/1/0943/0738/5730/files/baby-natur-sleeveless-sleeping-bag-lemon-print-a1b2c3d4.jpg?v=1780917736	out_of_stock	new	40.00 EUR		Baby Natur		no		Vreća za spavanje		0-6 mjeseci	Jednoslojno – LJETO	Trešnjice	
shopify_ZZ_15192324047234_56695628595586	15192324047234	Vreće za spavanje bez nogavica - Trešnjice / 0-6 mjeseci / Dvoslojno – PROLJEĆE I JESEN	Baby Natur vreće za spavanje bez nogavica pružaju bebi sigurno, udobno i prozračno okruženje tijekom cijele noći, bez opasnosti od otkrivanja. Izrađene od mekanih i prirodnih materijala, perive na 60°C, osiguravaju toplinu, udobnost i miran san u svim godišnjim dobima.	https://babynatur.hr/products/vrece-za-spavanje-bez-nogavica?variant=56695628595586	https://cdn.shopify.com/s/files/1/0943/0738/5730/files/baby-natur-cherry-print-sleeveless-sleeping-bag-a1b2c3d4.jpg?v=1780917737	https://cdn.shopify.com/s/files/1/0943/0738/5730/files/baby-natur-sleeveless-sleeping-bag-floral-print-a1b2c3d4.jpg?v=1780917736,https://cdn.shopify.com/s/files/1/0943/0738/5730/files/baby-natur-sleeveless-sleeping-bag-lemon-print-a1b2c3.jpg?v=1780917736,https://cdn.shopify.com/s/files/1/0943/0738/5730/files/baby-natur-cherry-print-sleeping-bag-a1b2c3d4_05578f3e-82fe-4c4e-a543-ce14f0dce4c8.jpg?v=1780917736,https://cdn.shopify.com/s/files/1/0943/0738/5730/files/baby-natur-sleeveless-sleeping-bag-cream-dog-print-a1b2c3d4.jpg?v=1780917737,https://cdn.shopify.com/s/files/1/0943/0738/5730/files/baby-natur-beige-braided-crib-bumper-baby-sleep-sack-a1b2c3d4.jpg?v=1780917736,https://cdn.shopify.com/s/files/1/0943/0738/5730/files/baby-natur-sleeveless-sleeping-bag-bear-print-a1b2c3d4.jpg?v=1780917737,https://cdn.shopify.com/s/files/1/0943/0738/5730/files/baby-natur-sleeveless-sleeping-bag-polka-dot-white-a1b2c3.jpg?v=1780917737,https://cdn.shopify.com/s/files/1/0943/0738/5730/files/baby-natur-sleeveless-sleeping-bag-lemon-print-cotton-a1b2c3d4.jpg?v=1780917737,https://cdn.shopify.com/s/files/1/0943/0738/5730/files/baby-natur-sleeping-bag-teddy-bear-cream-a1b2c3d4.jpg?v=1780917737,https://cdn.shopify.com/s/files/1/0943/0738/5730/files/baby-natur-sleeveless-sleeping-bag-lemon-print-a1b2c3d4.jpg?v=1780917736	in_stock	new	45.00 EUR		Baby Natur		no		Vreća za spavanje		0-6 mjeseci	Dvoslojno – PROLJEĆE I JESEN	Trešnjice	
shopify_ZZ_15192324047234_56695628628354	15192324047234	Vreće za spavanje bez nogavica - Trešnjice / 0-6 mjeseci / S punjenjem – ZIMA	Baby Natur vreće za spavanje bez nogavica pružaju bebi sigurno, udobno i prozračno okruženje tijekom cijele noći, bez opasnosti od otkrivanja. Izrađene od mekanih i prirodnih materijala, perive na 60°C, osiguravaju toplinu, udobnost i miran san u svim godišnjim dobima.	https://babynatur.hr/products/vrece-za-spavanje-bez-nogavica?variant=56695628628354	https://cdn.shopify.com/s/files/1/0943/0738/5730/files/baby-natur-cherry-print-sleeveless-sleeping-bag-a1b2c3d4.jpg?v=1780917737	https://cdn.shopify.com/s/files/1/0943/0738/5730/files/baby-natur-sleeveless-sleeping-bag-floral-print-a1b2c3d4.jpg?v=1780917736,https://cdn.shopify.com/s/files/1/0943/0738/5730/files/baby-natur-sleeveless-sleeping-bag-lemon-print-a1b2c3.jpg?v=1780917736,https://cdn.shopify.com/s/files/1/0943/0738/5730/files/baby-natur-cherry-print-sleeping-bag-a1b2c3d4_05578f3e-82fe-4c4e-a543-ce14f0dce4c8.jpg?v=1780917736,https://cdn.shopify.com/s/files/1/0943/0738/5730/files/baby-natur-sleeveless-sleeping-bag-cream-dog-print-a1b2c3d4.jpg?v=1780917737,https://cdn.shopify.com/s/files/1/0943/0738/5730/files/baby-natur-beige-braided-crib-bumper-baby-sleep-sack-a1b2c3d4.jpg?v=1780917736,https://cdn.shopify.com/s/files/1/0943/0738/5730/files/baby-natur-sleeveless-sleeping-bag-bear-print-a1b2c3d4.jpg?v=1780917737,https://cdn.shopify.com/s/files/1/0943/0738/5730/files/baby-natur-sleeveless-sleeping-bag-polka-dot-white-a1b2c3.jpg?v=1780917737,https://cdn.shopify.com/s/files/1/0943/0738/5730/files/baby-natur-sleeveless-sleeping-bag-lemon-print-cotton-a1b2c3d4.jpg?v=1780917737,https://cdn.shopify.com/s/files/1/0943/0738/5730/files/baby-natur-sleeping-bag-teddy-bear-cream-a1b2c3d4.jpg?v=1780917737,https://cdn.shopify.com/s/files/1/0943/0738/5730/files/baby-natur-sleeveless-sleeping-bag-lemon-print-a1b2c3d4.jpg?v=1780917736	in_stock	new	50.00 EUR		Baby Natur		no		Vreća za spavanje		0-6 mjeseci	S punjenjem – ZIMA	Trešnjice	
shopify_ZZ_15192324047234_56695628661122	15192324047234	Vreće za spavanje bez nogavica - Trešnjice / 6-12/18 mjeseci / Jednoslojno – LJETO	Baby Natur vreće za spavanje bez nogavica pružaju bebi sigurno, udobno i prozračno okruženje tijekom cijele noći, bez opasnosti od otkrivanja. Izrađene od mekanih i prirodnih materijala, perive na 60°C, osiguravaju toplinu, udobnost i miran san u svim godišnjim dobima.	https://babynatur.hr/products/vrece-za-spavanje-bez-nogavica?variant=56695628661122	https://cdn.shopify.com/s/files/1/0943/0738/5730/files/baby-natur-cherry-print-sleeveless-sleeping-bag-a1b2c3d4.jpg?v=1780917737	https://cdn.shopify.com/s/files/1/0943/0738/5730/files/baby-natur-sleeveless-sleeping-bag-floral-print-a1b2c3d4.jpg?v=1780917736,https://cdn.shopify.com/s/files/1/0943/0738/5730/files/baby-natur-sleeveless-sleeping-bag-lemon-print-a1b2c3.jpg?v=1780917736,https://cdn.shopify.com/s/files/1/0943/0738/5730/files/baby-natur-cherry-print-sleeping-bag-a1b2c3d4_05578f3e-82fe-4c4e-a543-ce14f0dce4c8.jpg?v=1780917736,https://cdn.shopify.com/s/files/1/0943/0738/5730/files/baby-natur-sleeveless-sleeping-bag-cream-dog-print-a1b2c3d4.jpg?v=1780917737,https://cdn.shopify.com/s/files/1/0943/0738/5730/files/baby-natur-beige-braided-crib-bumper-baby-sleep-sack-a1b2c3d4.jpg?v=1780917736,https://cdn.shopify.com/s/files/1/0943/0738/5730/files/baby-natur-sleeveless-sleeping-bag-bear-print-a1b2c3d4.jpg?v=1780917737,https://cdn.shopify.com/s/files/1/0943/0738/5730/files/baby-natur-sleeveless-sleeping-bag-polka-dot-white-a1b2c3.jpg?v=1780917737,https://cdn.shopify.com/s/files/1/0943/0738/5730/files/baby-natur-sleeveless-sleeping-bag-lemon-print-cotton-a1b2c3d4.jpg?v=1780917737,https://cdn.shopify.com/s/files/1/0943/0738/5730/files/baby-natur-sleeping-bag-teddy-bear-cream-a1b2c3d4.jpg?v=1780917737,https://cdn.shopify.com/s/files/1/0943/0738/5730/files/baby-natur-sleeveless-sleeping-bag-lemon-print-a1b2c3d4.jpg?v=1780917736	out_of_stock	new	40.00 EUR		Baby Natur		no		Vreća za spavanje		6-12/18 mjeseci	Jednoslojno – LJETO	Trešnjice	
shopify_ZZ_15192324047234_56695628693890	15192324047234	Vreće za spavanje bez nogavica - Trešnjice / 6-12/18 mjeseci / Dvoslojno – PROLJEĆE I JESEN	Baby Natur vreće za spavanje bez nogavica pružaju bebi sigurno, udobno i prozračno okruženje tijekom cijele noći, bez opasnosti od otkrivanja. Izrađene od mekanih i prirodnih materijala, perive na 60°C, osiguravaju toplinu, udobnost i miran san u svim godišnjim dobima.	https://babynatur.hr/products/vrece-za-spavanje-bez-nogavica?variant=56695628693890	https://cdn.shopify.com/s/files/1/0943/0738/5730/files/baby-natur-cherry-print-sleeveless-sleeping-bag-a1b2c3d4.jpg?v=1780917737	https://cdn.shopify.com/s/files/1/0943/0738/5730/files/baby-natur-sleeveless-sleeping-bag-floral-print-a1b2c3d4.jpg?v=1780917736,https://cdn.shopify.com/s/files/1/0943/0738/5730/files/baby-natur-sleeveless-sleeping-bag-lemon-print-a1b2c3.jpg?v=1780917736,https://cdn.shopify.com/s/files/1/0943/0738/5730/files/baby-natur-cherry-print-sleeping-bag-a1b2c3d4_05578f3e-82fe-4c4e-a543-ce14f0dce4c8.jpg?v=1780917736,https://cdn.shopify.com/s/files/1/0943/0738/5730/files/baby-natur-sleeveless-sleeping-bag-cream-dog-print-a1b2c3d4.jpg?v=1780917737,https://cdn.shopify.com/s/files/1/0943/0738/5730/files/baby-natur-beige-braided-crib-bumper-baby-sleep-sack-a1b2c3d4.jpg?v=1780917736,https://cdn.shopify.com/s/files/1/0943/0738/5730/files/baby-natur-sleeveless-sleeping-bag-bear-print-a1b2c3d4.jpg?v=1780917737,https://cdn.shopify.com/s/files/1/0943/0738/5730/files/baby-natur-sleeveless-sleeping-bag-polka-dot-white-a1b2c3.jpg?v=1780917737,https://cdn.shopify.com/s/files/1/0943/0738/5730/files/baby-natur-sleeveless-sleeping-bag-lemon-print-cotton-a1b2c3d4.jpg?v=1780917737,https://cdn.shopify.com/s/files/1/0943/0738/5730/files/baby-natur-sleeping-bag-teddy-bear-cream-a1b2c3d4.jpg?v=1780917737,https://cdn.shopify.com/s/files/1/0943/0738/5730/files/baby-natur-sleeveless-sleeping-bag-lemon-print-a1b2c3d4.jpg?v=1780917736	in_stock	new	45.00 EUR		Baby Natur		no		Vreća za spavanje		6-12/18 mjeseci	Dvoslojno – PROLJEĆE I JESEN	Trešnjice	
shopify_ZZ_15192324047234_56695628726658	15192324047234	Vreće za spavanje bez nogavica - Trešnjice / 6-12/18 mjeseci / S punjenjem – ZIMA	Baby Natur vreće za spavanje bez nogavica pružaju bebi sigurno, udobno i prozračno okruženje tijekom cijele noći, bez opasnosti od otkrivanja. Izrađene od mekanih i prirodnih materijala, perive na 60°C, osiguravaju toplinu, udobnost i miran san u svim godišnjim dobima.	https://babynatur.hr/products/vrece-za-spavanje-bez-nogavica?variant=56695628726658	https://cdn.shopify.com/s/files/1/0943/0738/5730/files/baby-natur-cherry-print-sleeveless-sleeping-bag-a1b2c3d4.jpg?v=1780917737	https://cdn.shopify.com/s/files/1/0943/0738/5730/files/baby-natur-sleeveless-sleeping-bag-floral-print-a1b2c3d4.jpg?v=1780917736,https://cdn.shopify.com/s/files/1/0943/0738/5730/files/baby-natur-sleeveless-sleeping-bag-lemon-print-a1b2c3.jpg?v=1780917736,https://cdn.shopify.com/s/files/1/0943/0738/5730/files/baby-natur-cherry-print-sleeping-bag-a1b2c3d4_05578f3e-82fe-4c4e-a543-ce14f0dce4c8.jpg?v=1780917736,https://cdn.shopify.com/s/files/1/0943/0738/5730/files/baby-natur-sleeveless-sleeping-bag-cream-dog-print-a1b2c3d4.jpg?v=1780917737,https://cdn.shopify.com/s/files/1/0943/0738/5730/files/baby-natur-beige-braided-crib-bumper-baby-sleep-sack-a1b2c3d4.jpg?v=1780917736,https://cdn.shopify.com/s/files/1/0943/0738/5730/files/baby-natur-sleeveless-sleeping-bag-bear-print-a1b2c3d4.jpg?v=1780917737,https://cdn.shopify.com/s/files/1/0943/0738/5730/files/baby-natur-sleeveless-sleeping-bag-polka-dot-white-a1b2c3.jpg?v=1780917737,https://cdn.shopify.com/s/files/1/0943/0738/5730/files/baby-natur-sleeveless-sleeping-bag-lemon-print-cotton-a1b2c3d4.jpg?v=1780917737,https://cdn.shopify.com/s/files/1/0943/0738/5730/files/baby-natur-sleeping-bag-teddy-bear-cream-a1b2c3d4.jpg?v=1780917737,https://cdn.shopify.com/s/files/1/0943/0738/5730/files/baby-natur-sleeveless-sleeping-bag-lemon-print-a1b2c3d4.jpg?v=1780917736	in_stock	new	50.00 EUR		Baby Natur		no		Vreća za spavanje		6-12/18 mjeseci	S punjenjem – ZIMA	Trešnjice	
shopify_ZZ_15192324047234_56019078283650	15192324047234	Vreće za spavanje bez nogavica - Cvjetići / 0-6 mjeseci / Jednoslojno – LJETO	Baby Natur vreće za spavanje bez nogavica pružaju bebi sigurno, udobno i prozračno okruženje tijekom cijele noći, bez opasnosti od otkrivanja. Izrađene od mekanih i prirodnih materijala, perive na 60°C, osiguravaju toplinu, udobnost i miran san u svim godišnjim dobima.	https://babynatur.hr/products/vrece-za-spavanje-bez-nogavica?variant=56019078283650	https://cdn.shopify.com/s/files/1/0943/0738/5730/files/baby-natur-floral-sleeping-bag-a1b2c3d4.jpg?v=1780917737	https://cdn.shopify.com/s/files/1/0943/0738/5730/files/baby-natur-sleeveless-sleeping-bag-floral-print-a1b2c3d4.jpg?v=1780917736,https://cdn.shopify.com/s/files/1/0943/0738/5730/files/baby-natur-sleeveless-sleeping-bag-lemon-print-a1b2c3.jpg?v=1780917736,https://cdn.shopify.com/s/files/1/0943/0738/5730/files/baby-natur-cherry-print-sleeping-bag-a1b2c3d4_05578f3e-82fe-4c4e-a543-ce14f0dce4c8.jpg?v=1780917736,https://cdn.shopify.com/s/files/1/0943/0738/5730/files/baby-natur-sleeveless-sleeping-bag-cream-dog-print-a1b2c3d4.jpg?v=1780917737,https://cdn.shopify.com/s/files/1/0943/0738/5730/files/baby-natur-beige-braided-crib-bumper-baby-sleep-sack-a1b2c3d4.jpg?v=1780917736,https://cdn.shopify.com/s/files/1/0943/0738/5730/files/baby-natur-sleeveless-sleeping-bag-bear-print-a1b2c3d4.jpg?v=1780917737,https://cdn.shopify.com/s/files/1/0943/0738/5730/files/baby-natur-sleeveless-sleeping-bag-polka-dot-white-a1b2c3.jpg?v=1780917737,https://cdn.shopify.com/s/files/1/0943/0738/5730/files/baby-natur-sleeveless-sleeping-bag-lemon-print-cotton-a1b2c3d4.jpg?v=1780917737,https://cdn.shopify.com/s/files/1/0943/0738/5730/files/baby-natur-sleeping-bag-teddy-bear-cream-a1b2c3d4.jpg?v=1780917737,https://cdn.shopify.com/s/files/1/0943/0738/5730/files/baby-natur-sleeveless-sleeping-bag-lemon-print-a1b2c3d4.jpg?v=1780917736	out_of_stock	new	40.00 EUR		Baby Natur	BN-VR-NOG-1-Flowers-S	yes		Vreća za spavanje		0-6 mjeseci	Jednoslojno – LJETO	Cvjetići	
shopify_ZZ_15192324047234_56019078316418	15192324047234	Vreće za spavanje bez nogavica - Cvjetići / 0-6 mjeseci / Dvoslojno – PROLJEĆE I JESEN	Baby Natur vreće za spavanje bez nogavica pružaju bebi sigurno, udobno i prozračno okruženje tijekom cijele noći, bez opasnosti od otkrivanja. Izrađene od mekanih i prirodnih materijala, perive na 60°C, osiguravaju toplinu, udobnost i miran san u svim godišnjim dobima.	https://babynatur.hr/products/vrece-za-spavanje-bez-nogavica?variant=56019078316418	https://cdn.shopify.com/s/files/1/0943/0738/5730/files/baby-natur-floral-sleeping-bag-a1b2c3d4.jpg?v=1780917737	https://cdn.shopify.com/s/files/1/0943/0738/5730/files/baby-natur-sleeveless-sleeping-bag-floral-print-a1b2c3d4.jpg?v=1780917736,https://cdn.shopify.com/s/files/1/0943/0738/5730/files/baby-natur-sleeveless-sleeping-bag-lemon-print-a1b2c3.jpg?v=1780917736,https://cdn.shopify.com/s/files/1/0943/0738/5730/files/baby-natur-cherry-print-sleeping-bag-a1b2c3d4_05578f3e-82fe-4c4e-a543-ce14f0dce4c8.jpg?v=1780917736,https://cdn.shopify.com/s/files/1/0943/0738/5730/files/baby-natur-sleeveless-sleeping-bag-cream-dog-print-a1b2c3d4.jpg?v=1780917737,https://cdn.shopify.com/s/files/1/0943/0738/5730/files/baby-natur-beige-braided-crib-bumper-baby-sleep-sack-a1b2c3d4.jpg?v=1780917736,https://cdn.shopify.com/s/files/1/0943/0738/5730/files/baby-natur-sleeveless-sleeping-bag-bear-print-a1b2c3d4.jpg?v=1780917737,https://cdn.shopify.com/s/files/1/0943/0738/5730/files/baby-natur-sleeveless-sleeping-bag-polka-dot-white-a1b2c3.jpg?v=1780917737,https://cdn.shopify.com/s/files/1/0943/0738/5730/files/baby-natur-sleeveless-sleeping-bag-lemon-print-cotton-a1b2c3d4.jpg?v=1780917737,https://cdn.shopify.com/s/files/1/0943/0738/5730/files/baby-natur-sleeping-bag-teddy-bear-cream-a1b2c3d4.jpg?v=1780917737,https://cdn.shopify.com/s/files/1/0943/0738/5730/files/baby-natur-sleeveless-sleeping-bag-lemon-print-a1b2c3d4.jpg?v=1780917736	in_stock	new	45.00 EUR		Baby Natur	BN-VR-NOG-2-Flowers-S	yes		Vreća za spavanje		0-6 mjeseci	Dvoslojno – PROLJEĆE I JESEN	Cvjetići	
shopify_ZZ_15192324047234_56019078349186	15192324047234	Vreće za spavanje bez nogavica - Cvjetići / 0-6 mjeseci / S punjenjem – ZIMA	Baby Natur vreće za spavanje bez nogavica pružaju bebi sigurno, udobno i prozračno okruženje tijekom cijele noći, bez opasnosti od otkrivanja. Izrađene od mekanih i prirodnih materijala, perive na 60°C, osiguravaju toplinu, udobnost i miran san u svim godišnjim dobima.	https://babynatur.hr/products/vrece-za-spavanje-bez-nogavica?variant=56019078349186	https://cdn.shopify.com/s/files/1/0943/0738/5730/files/baby-natur-floral-sleeping-bag-a1b2c3d4.jpg?v=1780917737	https://cdn.shopify.com/s/files/1/0943/0738/5730/files/baby-natur-sleeveless-sleeping-bag-floral-print-a1b2c3d4.jpg?v=1780917736,https://cdn.shopify.com/s/files/1/0943/0738/5730/files/baby-natur-sleeveless-sleeping-bag-lemon-print-a1b2c3.jpg?v=1780917736,https://cdn.shopify.com/s/files/1/0943/0738/5730/files/baby-natur-cherry-print-sleeping-bag-a1b2c3d4_05578f3e-82fe-4c4e-a543-ce14f0dce4c8.jpg?v=1780917736,https://cdn.shopify.com/s/files/1/0943/0738/5730/files/baby-natur-sleeveless-sleeping-bag-cream-dog-print-a1b2c3d4.jpg?v=1780917737,https://cdn.shopify.com/s/files/1/0943/0738/5730/files/baby-natur-beige-braided-crib-bumper-baby-sleep-sack-a1b2c3d4.jpg?v=1780917736,https://cdn.shopify.com/s/files/1/0943/0738/5730/files/baby-natur-sleeveless-sleeping-bag-bear-print-a1b2c3d4.jpg?v=1780917737,https://cdn.shopify.com/s/files/1/0943/0738/5730/files/baby-natur-sleeveless-sleeping-bag-polka-dot-white-a1b2c3.jpg?v=1780917737,https://cdn.shopify.com/s/files/1/0943/0738/5730/files/baby-natur-sleeveless-sleeping-bag-lemon-print-cotton-a1b2c3d4.jpg?v=1780917737,https://cdn.shopify.com/s/files/1/0943/0738/5730/files/baby-natur-sleeping-bag-teddy-bear-cream-a1b2c3d4.jpg?v=1780917737,https://cdn.shopify.com/s/files/1/0943/0738/5730/files/baby-natur-sleeveless-sleeping-bag-lemon-print-a1b2c3d4.jpg?v=1780917736	in_stock	new	50.00 EUR		Baby Natur	BN-VR-NOG-3-Flowers-S	yes		Vreća za spavanje		0-6 mjeseci	S punjenjem – ZIMA	Cvjetići	
shopify_ZZ_15192324047234_56019078381954	15192324047234	Vreće za spavanje bez nogavica - Cvjetići / 6-12/18 mjeseci / Jednoslojno – LJETO	Baby Natur vreće za spavanje bez nogavica pružaju bebi sigurno, udobno i prozračno okruženje tijekom cijele noći, bez opasnosti od otkrivanja. Izrađene od mekanih i prirodnih materijala, perive na 60°C, osiguravaju toplinu, udobnost i miran san u svim godišnjim dobima.	https://babynatur.hr/products/vrece-za-spavanje-bez-nogavica?variant=56019078381954	https://cdn.shopify.com/s/files/1/0943/0738/5730/files/baby-natur-floral-sleeping-bag-a1b2c3d4.jpg?v=1780917737	https://cdn.shopify.com/s/files/1/0943/0738/5730/files/baby-natur-sleeveless-sleeping-bag-floral-print-a1b2c3d4.jpg?v=1780917736,https://cdn.shopify.com/s/files/1/0943/0738/5730/files/baby-natur-sleeveless-sleeping-bag-lemon-print-a1b2c3.jpg?v=1780917736,https://cdn.shopify.com/s/files/1/0943/0738/5730/files/baby-natur-cherry-print-sleeping-bag-a1b2c3d4_05578f3e-82fe-4c4e-a543-ce14f0dce4c8.jpg?v=1780917736,https://cdn.shopify.com/s/files/1/0943/0738/5730/files/baby-natur-sleeveless-sleeping-bag-cream-dog-print-a1b2c3d4.jpg?v=1780917737,https://cdn.shopify.com/s/files/1/0943/0738/5730/files/baby-natur-beige-braided-crib-bumper-baby-sleep-sack-a1b2c3d4.jpg?v=1780917736,https://cdn.shopify.com/s/files/1/0943/0738/5730/files/baby-natur-sleeveless-sleeping-bag-bear-print-a1b2c3d4.jpg?v=1780917737,https://cdn.shopify.com/s/files/1/0943/0738/5730/files/baby-natur-sleeveless-sleeping-bag-polka-dot-white-a1b2c3.jpg?v=1780917737,https://cdn.shopify.com/s/files/1/0943/0738/5730/files/baby-natur-sleeveless-sleeping-bag-lemon-print-cotton-a1b2c3d4.jpg?v=1780917737,https://cdn.shopify.com/s/files/1/0943/0738/5730/files/baby-natur-sleeping-bag-teddy-bear-cream-a1b2c3d4.jpg?v=1780917737,https://cdn.shopify.com/s/files/1/0943/0738/5730/files/baby-natur-sleeveless-sleeping-bag-lemon-print-a1b2c3d4.jpg?v=1780917736	out_of_stock	new	40.00 EUR		Baby Natur	BN-VR-NOG-1-Flowers-M	yes		Vreća za spavanje		6-12/18 mjeseci	Jednoslojno – LJETO	Cvjetići	
shopify_ZZ_15192324047234_56019078414722	15192324047234	Vreće za spavanje bez nogavica - Cvjetići / 6-12/18 mjeseci / Dvoslojno – PROLJEĆE I JESEN	Baby Natur vreće za spavanje bez nogavica pružaju bebi sigurno, udobno i prozračno okruženje tijekom cijele noći, bez opasnosti od otkrivanja. Izrađene od mekanih i prirodnih materijala, perive na 60°C, osiguravaju toplinu, udobnost i miran san u svim godišnjim dobima.	https://babynatur.hr/products/vrece-za-spavanje-bez-nogavica?variant=56019078414722	https://cdn.shopify.com/s/files/1/0943/0738/5730/files/baby-natur-floral-sleeping-bag-a1b2c3d4.jpg?v=1780917737	https://cdn.shopify.com/s/files/1/0943/0738/5730/files/baby-natur-sleeveless-sleeping-bag-floral-print-a1b2c3d4.jpg?v=1780917736,https://cdn.shopify.com/s/files/1/0943/0738/5730/files/baby-natur-sleeveless-sleeping-bag-lemon-print-a1b2c3.jpg?v=1780917736,https://cdn.shopify.com/s/files/1/0943/0738/5730/files/baby-natur-cherry-print-sleeping-bag-a1b2c3d4_05578f3e-82fe-4c4e-a543-ce14f0dce4c8.jpg?v=1780917736,https://cdn.shopify.com/s/files/1/0943/0738/5730/files/baby-natur-sleeveless-sleeping-bag-cream-dog-print-a1b2c3d4.jpg?v=1780917737,https://cdn.shopify.com/s/files/1/0943/0738/5730/files/baby-natur-beige-braided-crib-bumper-baby-sleep-sack-a1b2c3d4.jpg?v=1780917736,https://cdn.shopify.com/s/files/1/0943/0738/5730/files/baby-natur-sleeveless-sleeping-bag-bear-print-a1b2c3d4.jpg?v=1780917737,https://cdn.shopify.com/s/files/1/0943/0738/5730/files/baby-natur-sleeveless-sleeping-bag-polka-dot-white-a1b2c3.jpg?v=1780917737,https://cdn.shopify.com/s/files/1/0943/0738/5730/files/baby-natur-sleeveless-sleeping-bag-lemon-print-cotton-a1b2c3d4.jpg?v=1780917737,https://cdn.shopify.com/s/files/1/0943/0738/5730/files/baby-natur-sleeping-bag-teddy-bear-cream-a1b2c3d4.jpg?v=1780917737,https://cdn.shopify.com/s/files/1/0943/0738/5730/files/baby-natur-sleeveless-sleeping-bag-lemon-print-a1b2c3d4.jpg?v=1780917736	in_stock	new	45.00 EUR		Baby Natur	BN-VR-NOG-2-Flowers-M	yes		Vreća za spavanje		6-12/18 mjeseci	Dvoslojno – PROLJEĆE I JESEN	Cvjetići	
shopify_ZZ_15192324047234_56019078447490	15192324047234	Vreće za spavanje bez nogavica - Cvjetići / 6-12/18 mjeseci / S punjenjem – ZIMA	Baby Natur vreće za spavanje bez nogavica pružaju bebi sigurno, udobno i prozračno okruženje tijekom cijele noći, bez opasnosti od otkrivanja. Izrađene od mekanih i prirodnih materijala, perive na 60°C, osiguravaju toplinu, udobnost i miran san u svim godišnjim dobima.	https://babynatur.hr/products/vrece-za-spavanje-bez-nogavica?variant=56019078447490	https://cdn.shopify.com/s/files/1/0943/0738/5730/files/baby-natur-floral-sleeping-bag-a1b2c3d4.jpg?v=1780917737	https://cdn.shopify.com/s/files/1/0943/0738/5730/files/baby-natur-sleeveless-sleeping-bag-floral-print-a1b2c3d4.jpg?v=1780917736,https://cdn.shopify.com/s/files/1/0943/0738/5730/files/baby-natur-sleeveless-sleeping-bag-lemon-print-a1b2c3.jpg?v=1780917736,https://cdn.shopify.com/s/files/1/0943/0738/5730/files/baby-natur-cherry-print-sleeping-bag-a1b2c3d4_05578f3e-82fe-4c4e-a543-ce14f0dce4c8.jpg?v=1780917736,https://cdn.shopify.com/s/files/1/0943/0738/5730/files/baby-natur-sleeveless-sleeping-bag-cream-dog-print-a1b2c3d4.jpg?v=1780917737,https://cdn.shopify.com/s/files/1/0943/0738/5730/files/baby-natur-beige-braided-crib-bumper-baby-sleep-sack-a1b2c3d4.jpg?v=1780917736,https://cdn.shopify.com/s/files/1/0943/0738/5730/files/baby-natur-sleeveless-sleeping-bag-bear-print-a1b2c3d4.jpg?v=1780917737,https://cdn.shopify.com/s/files/1/0943/0738/5730/files/baby-natur-sleeveless-sleeping-bag-polka-dot-white-a1b2c3.jpg?v=1780917737,https://cdn.shopify.com/s/files/1/0943/0738/5730/files/baby-natur-sleeveless-sleeping-bag-lemon-print-cotton-a1b2c3d4.jpg?v=1780917737,https://cdn.shopify.com/s/files/1/0943/0738/5730/files/baby-natur-sleeping-bag-teddy-bear-cream-a1b2c3d4.jpg?v=1780917737,https://cdn.shopify.com/s/files/1/0943/0738/5730/files/baby-natur-sleeveless-sleeping-bag-lemon-print-a1b2c3d4.jpg?v=1780917736	in_stock	new	50.00 EUR		Baby Natur	BN-VR-NOG-3-Flowers-M	yes		Vreća za spavanje		6-12/18 mjeseci	S punjenjem – ZIMA	Cvjetići	
shopify_ZZ_15192323588482_56019075858818	15192323588482	Navlaka za prematalice - Medo	Naše navlake osiguravaju da se vaša beba tijekom prematanja uvijek osjeća mekano, toplo i udobno. Stavite navlaku na podlogu za prematanje i budite sigurni da je vaša beba u dodiru s 100% prirodnim materijalom — najboljim izborom za nježnu dječju kožu. Navlaka odgovara svim podlogama za prematanje dimenzija 45–55 x 70–80 cm. 100% organski pamuk Certifikat OEKO-TEX Standard 100 Perivo u perilici na 30 stupnjeva Celzija	https://babynatur.hr/products/navlake-za-prematalice?variant=56019075858818	https://cdn.shopify.com/s/files/1/0943/0738/5730/files/Navlaka_za_prematalicu_medo.webp?v=1764414852	https://cdn.shopify.com/s/files/1/0943/0738/5730/files/Navlaka_za_prematalicu.jpg?v=1764414686,https://cdn.shopify.com/s/files/1/0943/0738/5730/files/Navlaka_za_prematalicu_1.jpg?v=1764414670,https://cdn.shopify.com/s/files/1/0943/0738/5730/files/Navlaka_za_prematalicu_2.jpg?v=1764414712,https://cdn.shopify.com/s/files/1/0943/0738/5730/files/Navlaka_za_prematalicu_4.jpg?v=1764414735,https://cdn.shopify.com/s/files/1/0943/0738/5730/files/Navlaka_za_prematalicu_5.jpg?v=1764414759,https://cdn.shopify.com/s/files/1/0943/0738/5730/files/Navlaka_za_prematalicu_cvjetici.webp?v=1764414819,https://cdn.shopify.com/s/files/1/0943/0738/5730/files/Navlaka_za_prematalicu_krem.webp?v=1764414841	in_stock	new	22.00 EUR		Baby Natur	BN-NP-Bear	yes		Dodaci				Medo	
shopify_ZZ_15192323588482_56019075891586	15192323588482	Navlaka za prematalice - Krem	Naše navlake osiguravaju da se vaša beba tijekom prematanja uvijek osjeća mekano, toplo i udobno. Stavite navlaku na podlogu za prematanje i budite sigurni da je vaša beba u dodiru s 100% prirodnim materijalom — najboljim izborom za nježnu dječju kožu. Navlaka odgovara svim podlogama za prematanje dimenzija 45–55 x 70–80 cm. 100% organski pamuk Certifikat OEKO-TEX Standard 100 Perivo u perilici na 30 stupnjeva Celzija	https://babynatur.hr/products/navlake-za-prematalice?variant=56019075891586	https://cdn.shopify.com/s/files/1/0943/0738/5730/files/Navlaka_za_prematalicu_krem.webp?v=1764414841	https://cdn.shopify.com/s/files/1/0943/0738/5730/files/Navlaka_za_prematalicu.jpg?v=1764414686,https://cdn.shopify.com/s/files/1/0943/0738/5730/files/Navlaka_za_prematalicu_1.jpg?v=1764414670,https://cdn.shopify.com/s/files/1/0943/0738/5730/files/Navlaka_za_prematalicu_2.jpg?v=1764414712,https://cdn.shopify.com/s/files/1/0943/0738/5730/files/Navlaka_za_prematalicu_4.jpg?v=1764414735,https://cdn.shopify.com/s/files/1/0943/0738/5730/files/Navlaka_za_prematalicu_5.jpg?v=1764414759,https://cdn.shopify.com/s/files/1/0943/0738/5730/files/Navlaka_za_prematalicu_cvjetici.webp?v=1764414819,https://cdn.shopify.com/s/files/1/0943/0738/5730/files/Navlaka_za_prematalicu_medo.webp?v=1764414852	in_stock	new	22.00 EUR		Baby Natur	BN-NP-Beige	yes		Dodaci				Krem	
shopify_ZZ_15192323588482_56019075924354	15192323588482	Navlaka za prematalice - Cvjetići	Naše navlake osiguravaju da se vaša beba tijekom prematanja uvijek osjeća mekano, toplo i udobno. Stavite navlaku na podlogu za prematanje i budite sigurni da je vaša beba u dodiru s 100% prirodnim materijalom — najboljim izborom za nježnu dječju kožu. Navlaka odgovara svim podlogama za prematanje dimenzija 45–55 x 70–80 cm. 100% organski pamuk Certifikat OEKO-TEX Standard 100 Perivo u perilici na 30 stupnjeva Celzija	https://babynatur.hr/products/navlake-za-prematalice?variant=56019075924354	https://cdn.shopify.com/s/files/1/0943/0738/5730/files/Navlaka_za_prematalicu_cvjetici.webp?v=1764414819	https://cdn.shopify.com/s/files/1/0943/0738/5730/files/Navlaka_za_prematalicu.jpg?v=1764414686,https://cdn.shopify.com/s/files/1/0943/0738/5730/files/Navlaka_za_prematalicu_1.jpg?v=1764414670,https://cdn.shopify.com/s/files/1/0943/0738/5730/files/Navlaka_za_prematalicu_2.jpg?v=1764414712,https://cdn.shopify.com/s/files/1/0943/0738/5730/files/Navlaka_za_prematalicu_4.jpg?v=1764414735,https://cdn.shopify.com/s/files/1/0943/0738/5730/files/Navlaka_za_prematalicu_5.jpg?v=1764414759,https://cdn.shopify.com/s/files/1/0943/0738/5730/files/Navlaka_za_prematalicu_krem.webp?v=1764414841,https://cdn.shopify.com/s/files/1/0943/0738/5730/files/Navlaka_za_prematalicu_medo.webp?v=1764414852	out_of_stock	new	22.00 EUR	18.70 EUR	Baby Natur	BN-NP-Flowers	yes		Dodaci				Cvjetići	
shopify_ZZ_15192323326338_56019075465602	15192323326338	Tetra muslin posteljina na volane - Krem s cvjetićima	Neka vaši mališani spavaju na pamučnom posteljini kako bi im osigurali miran, kvalitetan i zdrav san. Prirodni materijali prilagođavaju se bebinoj temperaturi, omogućujući ugodan san bez znojenja. Odaberite zdravo za svoju djecu. Navlaka za pokrivač ima dimenzije 120x80 cm, a jastučnica 60x40 cm. 100% organski pamuk Certifikat OEKO-TEX Standard 100	https://babynatur.hr/products/posteljina-na-volane?variant=56019075465602	https://cdn.shopify.com/s/files/1/0943/0738/5730/files/babynatur-tetra-muslin-bedding-floral-ruffles-a1b2c3d4.jpg?v=1780928754	https://cdn.shopify.com/s/files/1/0943/0738/5730/files/babynatur-tetra-muslin-bedding-floral-ruffled-organic-cotton-a1b2c3d4.jpg?v=1780928754,https://cdn.shopify.com/s/files/1/0943/0738/5730/files/baby-natur-tetra-muslin-bedding-floral-print-f2a3b4c5.jpg?v=1780928754,https://cdn.shopify.com/s/files/1/0943/0738/5730/files/baby-natur-tetra-muslin-bedding-floral-ruffled-organic-cotton-a1b2c3d4.jpg?v=1780928754,https://cdn.shopify.com/s/files/1/0943/0738/5730/files/babynatur-tetra-muslin-bedding-floral-ruffled-organic-cotton-a1b2c3.jpg?v=1780928754	in_stock	new	48.00 EUR		Baby Natur	BN-PNV-Beige-Flowers	yes						Krem s cvjetićima	
shopify_ZZ_15192323326338_56696827511170	15192323326338	Tetra muslin posteljina na volane - Cvjetići	Neka vaši mališani spavaju na pamučnom posteljini kako bi im osigurali miran, kvalitetan i zdrav san. Prirodni materijali prilagođavaju se bebinoj temperaturi, omogućujući ugodan san bez znojenja. Odaberite zdravo za svoju djecu. Navlaka za pokrivač ima dimenzije 120x80 cm, a jastučnica 60x40 cm. 100% organski pamuk Certifikat OEKO-TEX Standard 100	https://babynatur.hr/products/posteljina-na-volane?variant=56696827511170	https://cdn.shopify.com/s/files/1/0943/0738/5730/files/babynatur-tetra-muslin-bedding-floral-ruffled-organic-cotton-a1b2c3.jpg?v=1780928754	https://cdn.shopify.com/s/files/1/0943/0738/5730/files/babynatur-tetra-muslin-bedding-floral-ruffled-organic-cotton-a1b2c3d4.jpg?v=1780928754,https://cdn.shopify.com/s/files/1/0943/0738/5730/files/baby-natur-tetra-muslin-bedding-floral-print-f2a3b4c5.jpg?v=1780928754,https://cdn.shopify.com/s/files/1/0943/0738/5730/files/baby-natur-tetra-muslin-bedding-floral-ruffled-organic-cotton-a1b2c3d4.jpg?v=1780928754,https://cdn.shopify.com/s/files/1/0943/0738/5730/files/babynatur-tetra-muslin-bedding-floral-ruffles-a1b2c3d4.jpg?v=1780928754	in_stock	new	48.00 EUR		Baby Natur		no						Cvjetići	
shopify_ZZ_15192323359106_56019074843010	15192323359106	Tetra muslin posteljina - Medo	Neka vaši mališani spavaju na pamučnom posteljini kako bi im osigurali miran, kvalitetan i zdrav san. Prirodni materijali prilagođavaju se bebinoj temperaturi, omogućujući ugodan san bez znojenja. Odaberite zdravo za svoju djecu. Navlaka za pokrivač ima dimenzije 120x80 cm, a jastučnica 60x40 cm. 100% organski pamuk Certifikat OEKO-TEX Standard 100	https://babynatur.hr/products/posteljina?variant=56019074843010	https://cdn.shopify.com/s/files/1/0943/0738/5730/files/Posteljina_za_bebe_i_djecu_medo.webp?v=1764382821	https://cdn.shopify.com/s/files/1/0943/0738/5730/files/Posteljina_za_bebe_i_djecu.jpg?v=1764382024,https://cdn.shopify.com/s/files/1/0943/0738/5730/files/Posteljina_za_bebe_i_djecu1.jpg?v=1764382075,https://cdn.shopify.com/s/files/1/0943/0738/5730/files/Posteljina_za_bebe_i_djecu2.jpg?v=1764382246,https://cdn.shopify.com/s/files/1/0943/0738/5730/files/Posteljina_za_bebe_i_djecu4.jpg?v=1764382311,https://cdn.shopify.com/s/files/1/0943/0738/5730/files/Posteljina_za_bebe_i_djecu6.jpg?v=1764382356,https://cdn.shopify.com/s/files/1/0943/0738/5730/files/Posteljina_za_bebe_i_djecu8.jpg?v=1764382429,https://cdn.shopify.com/s/files/1/0943/0738/5730/files/Posteljina_za_bebe_i_djecu9.jpg?v=1764382460,https://cdn.shopify.com/s/files/1/0943/0738/5730/files/Posteljina_za_bebe_i_djecu10.jpg?v=1764382605,https://cdn.shopify.com/s/files/1/0943/0738/5730/files/Posteljina_za_bebe_i_djecu11.jpg?v=1764382636,https://cdn.shopify.com/s/files/1/0943/0738/5730/files/Jastuk_i_poplun_Baby_Natur.webp?v=1764416707	in_stock	new	44.00 EUR		Baby Natur	BN-PO-Bear	yes		Spavanje				Medo	
shopify_ZZ_15192323359106_56019074875778	15192323359106	Tetra muslin posteljina - Brundo	Neka vaši mališani spavaju na pamučnom posteljini kako bi im osigurali miran, kvalitetan i zdrav san. Prirodni materijali prilagođavaju se bebinoj temperaturi, omogućujući ugodan san bez znojenja. Odaberite zdravo za svoju djecu. Navlaka za pokrivač ima dimenzije 120x80 cm, a jastučnica 60x40 cm. 100% organski pamuk Certifikat OEKO-TEX Standard 100	https://babynatur.hr/products/posteljina?variant=56019074875778	https://cdn.shopify.com/s/files/1/0943/0738/5730/files/Posteljina_za_bebe_i_djecu_brundo.webp?v=1764382714	https://cdn.shopify.com/s/files/1/0943/0738/5730/files/Posteljina_za_bebe_i_djecu.jpg?v=1764382024,https://cdn.shopify.com/s/files/1/0943/0738/5730/files/Posteljina_za_bebe_i_djecu1.jpg?v=1764382075,https://cdn.shopify.com/s/files/1/0943/0738/5730/files/Posteljina_za_bebe_i_djecu2.jpg?v=1764382246,https://cdn.shopify.com/s/files/1/0943/0738/5730/files/Posteljina_za_bebe_i_djecu4.jpg?v=1764382311,https://cdn.shopify.com/s/files/1/0943/0738/5730/files/Posteljina_za_bebe_i_djecu6.jpg?v=1764382356,https://cdn.shopify.com/s/files/1/0943/0738/5730/files/Posteljina_za_bebe_i_djecu8.jpg?v=1764382429,https://cdn.shopify.com/s/files/1/0943/0738/5730/files/Posteljina_za_bebe_i_djecu9.jpg?v=1764382460,https://cdn.shopify.com/s/files/1/0943/0738/5730/files/Posteljina_za_bebe_i_djecu10.jpg?v=1764382605,https://cdn.shopify.com/s/files/1/0943/0738/5730/files/Posteljina_za_bebe_i_djecu11.jpg?v=1764382636,https://cdn.shopify.com/s/files/1/0943/0738/5730/files/Jastuk_i_poplun_Baby_Natur.webp?v=1764416707	in_stock	new	44.00 EUR	39.60 EUR	Baby Natur	BN-PO-Teddy	yes		Spavanje				Brundo	
shopify_ZZ_15192323359106_56019074941314	15192323359106	Tetra muslin posteljina - Krem	Neka vaši mališani spavaju na pamučnom posteljini kako bi im osigurali miran, kvalitetan i zdrav san. Prirodni materijali prilagođavaju se bebinoj temperaturi, omogućujući ugodan san bez znojenja. Odaberite zdravo za svoju djecu. Navlaka za pokrivač ima dimenzije 120x80 cm, a jastučnica 60x40 cm. 100% organski pamuk Certifikat OEKO-TEX Standard 100	https://babynatur.hr/products/posteljina?variant=56019074941314	https://cdn.shopify.com/s/files/1/0943/0738/5730/files/Posteljina_za_bebe_i_djecu_krem.webp?v=1764382792	https://cdn.shopify.com/s/files/1/0943/0738/5730/files/Posteljina_za_bebe_i_djecu.jpg?v=1764382024,https://cdn.shopify.com/s/files/1/0943/0738/5730/files/Posteljina_za_bebe_i_djecu1.jpg?v=1764382075,https://cdn.shopify.com/s/files/1/0943/0738/5730/files/Posteljina_za_bebe_i_djecu2.jpg?v=1764382246,https://cdn.shopify.com/s/files/1/0943/0738/5730/files/Posteljina_za_bebe_i_djecu4.jpg?v=1764382311,https://cdn.shopify.com/s/files/1/0943/0738/5730/files/Posteljina_za_bebe_i_djecu6.jpg?v=1764382356,https://cdn.shopify.com/s/files/1/0943/0738/5730/files/Posteljina_za_bebe_i_djecu8.jpg?v=1764382429,https://cdn.shopify.com/s/files/1/0943/0738/5730/files/Posteljina_za_bebe_i_djecu9.jpg?v=1764382460,https://cdn.shopify.com/s/files/1/0943/0738/5730/files/Posteljina_za_bebe_i_djecu10.jpg?v=1764382605,https://cdn.shopify.com/s/files/1/0943/0738/5730/files/Posteljina_za_bebe_i_djecu11.jpg?v=1764382636,https://cdn.shopify.com/s/files/1/0943/0738/5730/files/Jastuk_i_poplun_Baby_Natur.webp?v=1764416707	in_stock	new	44.00 EUR		Baby Natur	BN-PO-Beige	yes		Spavanje				Krem	
shopify_ZZ_15192323359106_56019074974082	15192323359106	Tetra muslin posteljina - Krem s cvjetićima	Neka vaši mališani spavaju na pamučnom posteljini kako bi im osigurali miran, kvalitetan i zdrav san. Prirodni materijali prilagođavaju se bebinoj temperaturi, omogućujući ugodan san bez znojenja. Odaberite zdravo za svoju djecu. Navlaka za pokrivač ima dimenzije 120x80 cm, a jastučnica 60x40 cm. 100% organski pamuk Certifikat OEKO-TEX Standard 100	https://babynatur.hr/products/posteljina?variant=56019074974082	https://cdn.shopify.com/s/files/1/0943/0738/5730/files/Posteljina_za_bebe_i_djecu_krem_s_cvjeti_ima.webp?v=1764382764	https://cdn.shopify.com/s/files/1/0943/0738/5730/files/Posteljina_za_bebe_i_djecu.jpg?v=1764382024,https://cdn.shopify.com/s/files/1/0943/0738/5730/files/Posteljina_za_bebe_i_djecu1.jpg?v=1764382075,https://cdn.shopify.com/s/files/1/0943/0738/5730/files/Posteljina_za_bebe_i_djecu2.jpg?v=1764382246,https://cdn.shopify.com/s/files/1/0943/0738/5730/files/Posteljina_za_bebe_i_djecu4.jpg?v=1764382311,https://cdn.shopify.com/s/files/1/0943/0738/5730/files/Posteljina_za_bebe_i_djecu6.jpg?v=1764382356,https://cdn.shopify.com/s/files/1/0943/0738/5730/files/Posteljina_za_bebe_i_djecu8.jpg?v=1764382429,https://cdn.shopify.com/s/files/1/0943/0738/5730/files/Posteljina_za_bebe_i_djecu9.jpg?v=1764382460,https://cdn.shopify.com/s/files/1/0943/0738/5730/files/Posteljina_za_bebe_i_djecu10.jpg?v=1764382605,https://cdn.shopify.com/s/files/1/0943/0738/5730/files/Posteljina_za_bebe_i_djecu11.jpg?v=1764382636,https://cdn.shopify.com/s/files/1/0943/0738/5730/files/Jastuk_i_poplun_Baby_Natur.webp?v=1764416707	in_stock	new	44.00 EUR		Baby Natur	BN-PO-Beige-Flowers	yes		Spavanje				Krem s cvjetićima	
shopify_ZZ_15192323359106_56019075006850	15192323359106	Tetra muslin posteljina - Točkice	Neka vaši mališani spavaju na pamučnom posteljini kako bi im osigurali miran, kvalitetan i zdrav san. Prirodni materijali prilagođavaju se bebinoj temperaturi, omogućujući ugodan san bez znojenja. Odaberite zdravo za svoju djecu. Navlaka za pokrivač ima dimenzije 120x80 cm, a jastučnica 60x40 cm. 100% organski pamuk Certifikat OEKO-TEX Standard 100	https://babynatur.hr/products/posteljina?variant=56019075006850	https://cdn.shopify.com/s/files/1/0943/0738/5730/files/Posteljina_za_bebe_i_djecu_tockice.webp?v=1764382902	https://cdn.shopify.com/s/files/1/0943/0738/5730/files/Posteljina_za_bebe_i_djecu.jpg?v=1764382024,https://cdn.shopify.com/s/files/1/0943/0738/5730/files/Posteljina_za_bebe_i_djecu1.jpg?v=1764382075,https://cdn.shopify.com/s/files/1/0943/0738/5730/files/Posteljina_za_bebe_i_djecu2.jpg?v=1764382246,https://cdn.shopify.com/s/files/1/0943/0738/5730/files/Posteljina_za_bebe_i_djecu4.jpg?v=1764382311,https://cdn.shopify.com/s/files/1/0943/0738/5730/files/Posteljina_za_bebe_i_djecu6.jpg?v=1764382356,https://cdn.shopify.com/s/files/1/0943/0738/5730/files/Posteljina_za_bebe_i_djecu8.jpg?v=1764382429,https://cdn.shopify.com/s/files/1/0943/0738/5730/files/Posteljina_za_bebe_i_djecu9.jpg?v=1764382460,https://cdn.shopify.com/s/files/1/0943/0738/5730/files/Posteljina_za_bebe_i_djecu10.jpg?v=1764382605,https://cdn.shopify.com/s/files/1/0943/0738/5730/files/Posteljina_za_bebe_i_djecu11.jpg?v=1764382636,https://cdn.shopify.com/s/files/1/0943/0738/5730/files/Jastuk_i_poplun_Baby_Natur.webp?v=1764416707	in_stock	new	44.00 EUR		Baby Natur	BN-PO-Dots	yes		Spavanje				Točkice	
shopify_ZZ_15192323359106_56019075072386	15192323359106	Tetra muslin posteljina - Šuma	Neka vaši mališani spavaju na pamučnom posteljini kako bi im osigurali miran, kvalitetan i zdrav san. Prirodni materijali prilagođavaju se bebinoj temperaturi, omogućujući ugodan san bez znojenja. Odaberite zdravo za svoju djecu. Navlaka za pokrivač ima dimenzije 120x80 cm, a jastučnica 60x40 cm. 100% organski pamuk Certifikat OEKO-TEX Standard 100	https://babynatur.hr/products/posteljina?variant=56019075072386	https://cdn.shopify.com/s/files/1/0943/0738/5730/files/Posteljina_za_bebe_i_djecu_suma.webp?v=1764382882	https://cdn.shopify.com/s/files/1/0943/0738/5730/files/Posteljina_za_bebe_i_djecu.jpg?v=1764382024,https://cdn.shopify.com/s/files/1/0943/0738/5730/files/Posteljina_za_bebe_i_djecu1.jpg?v=1764382075,https://cdn.shopify.com/s/files/1/0943/0738/5730/files/Posteljina_za_bebe_i_djecu2.jpg?v=1764382246,https://cdn.shopify.com/s/files/1/0943/0738/5730/files/Posteljina_za_bebe_i_djecu4.jpg?v=1764382311,https://cdn.shopify.com/s/files/1/0943/0738/5730/files/Posteljina_za_bebe_i_djecu6.jpg?v=1764382356,https://cdn.shopify.com/s/files/1/0943/0738/5730/files/Posteljina_za_bebe_i_djecu8.jpg?v=1764382429,https://cdn.shopify.com/s/files/1/0943/0738/5730/files/Posteljina_za_bebe_i_djecu9.jpg?v=1764382460,https://cdn.shopify.com/s/files/1/0943/0738/5730/files/Posteljina_za_bebe_i_djecu10.jpg?v=1764382605,https://cdn.shopify.com/s/files/1/0943/0738/5730/files/Posteljina_za_bebe_i_djecu11.jpg?v=1764382636,https://cdn.shopify.com/s/files/1/0943/0738/5730/files/Jastuk_i_poplun_Baby_Natur.webp?v=1764416707	in_stock	new	44.00 EUR		Baby Natur	BN-PO-Forest	yes		Spavanje				Šuma	
shopify_ZZ_15192323359106_56019075105154	15192323359106	Tetra muslin posteljina - Srca	Neka vaši mališani spavaju na pamučnom posteljini kako bi im osigurali miran, kvalitetan i zdrav san. Prirodni materijali prilagođavaju se bebinoj temperaturi, omogućujući ugodan san bez znojenja. Odaberite zdravo za svoju djecu. Navlaka za pokrivač ima dimenzije 120x80 cm, a jastučnica 60x40 cm. 100% organski pamuk Certifikat OEKO-TEX Standard 100	https://babynatur.hr/products/posteljina?variant=56019075105154	https://cdn.shopify.com/s/files/1/0943/0738/5730/files/Posteljina_za_bebe_i_djecu_Srca.webp?v=1764382862	https://cdn.shopify.com/s/files/1/0943/0738/5730/files/Posteljina_za_bebe_i_djecu.jpg?v=1764382024,https://cdn.shopify.com/s/files/1/0943/0738/5730/files/Posteljina_za_bebe_i_djecu1.jpg?v=1764382075,https://cdn.shopify.com/s/files/1/0943/0738/5730/files/Posteljina_za_bebe_i_djecu2.jpg?v=1764382246,https://cdn.shopify.com/s/files/1/0943/0738/5730/files/Posteljina_za_bebe_i_djecu4.jpg?v=1764382311,https://cdn.shopify.com/s/files/1/0943/0738/5730/files/Posteljina_za_bebe_i_djecu6.jpg?v=1764382356,https://cdn.shopify.com/s/files/1/0943/0738/5730/files/Posteljina_za_bebe_i_djecu8.jpg?v=1764382429,https://cdn.shopify.com/s/files/1/0943/0738/5730/files/Posteljina_za_bebe_i_djecu9.jpg?v=1764382460,https://cdn.shopify.com/s/files/1/0943/0738/5730/files/Posteljina_za_bebe_i_djecu10.jpg?v=1764382605,https://cdn.shopify.com/s/files/1/0943/0738/5730/files/Posteljina_za_bebe_i_djecu11.jpg?v=1764382636,https://cdn.shopify.com/s/files/1/0943/0738/5730/files/Jastuk_i_poplun_Baby_Natur.webp?v=1764416707	in_stock	new	44.00 EUR	39.60 EUR	Baby Natur	BN-PO-Heart	yes		Spavanje				Srca	
shopify_ZZ_15192323359106_56696823579010	15192323359106	Tetra muslin posteljina - Limuni	Neka vaši mališani spavaju na pamučnom posteljini kako bi im osigurali miran, kvalitetan i zdrav san. Prirodni materijali prilagođavaju se bebinoj temperaturi, omogućujući ugodan san bez znojenja. Odaberite zdravo za svoju djecu. Navlaka za pokrivač ima dimenzije 120x80 cm, a jastučnica 60x40 cm. 100% organski pamuk Certifikat OEKO-TEX Standard 100	https://babynatur.hr/products/posteljina?variant=56696823579010	https://cdn.shopify.com/s/files/1/0943/0738/5730/files/ChatGPT_Image_3.jpg?v=1780517915	https://cdn.shopify.com/s/files/1/0943/0738/5730/files/Posteljina_za_bebe_i_djecu.jpg?v=1764382024,https://cdn.shopify.com/s/files/1/0943/0738/5730/files/Posteljina_za_bebe_i_djecu1.jpg?v=1764382075,https://cdn.shopify.com/s/files/1/0943/0738/5730/files/Posteljina_za_bebe_i_djecu2.jpg?v=1764382246,https://cdn.shopify.com/s/files/1/0943/0738/5730/files/Posteljina_za_bebe_i_djecu4.jpg?v=1764382311,https://cdn.shopify.com/s/files/1/0943/0738/5730/files/Posteljina_za_bebe_i_djecu6.jpg?v=1764382356,https://cdn.shopify.com/s/files/1/0943/0738/5730/files/Posteljina_za_bebe_i_djecu8.jpg?v=1764382429,https://cdn.shopify.com/s/files/1/0943/0738/5730/files/Posteljina_za_bebe_i_djecu9.jpg?v=1764382460,https://cdn.shopify.com/s/files/1/0943/0738/5730/files/Posteljina_za_bebe_i_djecu10.jpg?v=1764382605,https://cdn.shopify.com/s/files/1/0943/0738/5730/files/Posteljina_za_bebe_i_djecu11.jpg?v=1764382636,https://cdn.shopify.com/s/files/1/0943/0738/5730/files/Jastuk_i_poplun_Baby_Natur.webp?v=1764416707	in_stock	new	44.00 EUR		Baby Natur		no		Spavanje				Limuni	
shopify_ZZ_15192323293570_56019074515330	15192323293570	Muslin mazilica Zeko - Plava	Naše mazilice su uvijek tu za uspavljivanje, utjehu te prvi prijatelj vašeg mališana. Iznimno su mekane i slatke. Mazilice su bebin najbolji prijatelj od prvog dana. Pružaju utjehu i maženje, pomažući vašem mališanu da lakše zaspi. Izuzetno su mekane i ugodne, a bebe ih obožavaju. 100% organski pamuk Certifikat OEKO-TEX Standard 100 Perivo u perilici na 30 °C	https://babynatur.hr/products/zeko-mazilica?variant=56019074515330	https://cdn.shopify.com/s/files/1/0943/0738/5730/files/Mazilice-plava-Baby-Natur.jpg?v=1764416279	https://cdn.shopify.com/s/files/1/0943/0738/5730/files/Muslin_mazilica_zeko.jpg?v=1764416230,https://cdn.shopify.com/s/files/1/0943/0738/5730/files/Muslin_mazilica_zeko1.jpg?v=1764416244,https://cdn.shopify.com/s/files/1/0943/0738/5730/files/Mazilice-bijela-Baby-Natur.jpg?v=1764416266	out_of_stock	new	15.00 EUR		Baby Natur	BN-M-ZE-Blue	yes		Dodaci				Plava	
shopify_ZZ_15192323293570_56019074548098	15192323293570	Muslin mazilica Zeko - Krem	Naše mazilice su uvijek tu za uspavljivanje, utjehu te prvi prijatelj vašeg mališana. Iznimno su mekane i slatke. Mazilice su bebin najbolji prijatelj od prvog dana. Pružaju utjehu i maženje, pomažući vašem mališanu da lakše zaspi. Izuzetno su mekane i ugodne, a bebe ih obožavaju. 100% organski pamuk Certifikat OEKO-TEX Standard 100 Perivo u perilici na 30 °C	https://babynatur.hr/products/zeko-mazilica?variant=56019074548098	https://cdn.shopify.com/s/files/1/0943/0738/5730/files/Mazilice-bijela-Baby-Natur.jpg?v=1764416266	https://cdn.shopify.com/s/files/1/0943/0738/5730/files/Muslin_mazilica_zeko.jpg?v=1764416230,https://cdn.shopify.com/s/files/1/0943/0738/5730/files/Muslin_mazilica_zeko1.jpg?v=1764416244,https://cdn.shopify.com/s/files/1/0943/0738/5730/files/Mazilice-plava-Baby-Natur.jpg?v=1764416279	out_of_stock	new	15.00 EUR		Baby Natur	BN-M-ZE-Beige	yes		Dodaci				Krem	
shopify_ZZ_15192323293570_56019074580866	15192323293570	Muslin mazilica Zeko - Roza	Naše mazilice su uvijek tu za uspavljivanje, utjehu te prvi prijatelj vašeg mališana. Iznimno su mekane i slatke. Mazilice su bebin najbolji prijatelj od prvog dana. Pružaju utjehu i maženje, pomažući vašem mališanu da lakše zaspi. Izuzetno su mekane i ugodne, a bebe ih obožavaju. 100% organski pamuk Certifikat OEKO-TEX Standard 100 Perivo u perilici na 30 °C	https://babynatur.hr/products/zeko-mazilica?variant=56019074580866	https://cdn.shopify.com/s/files/1/0943/0738/5730/files/Muslin_mazilica_zeko1.jpg?v=1764416244	https://cdn.shopify.com/s/files/1/0943/0738/5730/files/Muslin_mazilica_zeko.jpg?v=1764416230,https://cdn.shopify.com/s/files/1/0943/0738/5730/files/Mazilice-bijela-Baby-Natur.jpg?v=1764416266,https://cdn.shopify.com/s/files/1/0943/0738/5730/files/Mazilice-plava-Baby-Natur.jpg?v=1764416279	in_stock	new	15.00 EUR		Baby Natur	BN-M-ZE-Rose	yes		Dodaci				Roza	
shopify_ZZ_15192322998658_56019073794434	15192322998658	Premium Baršun gnijezdo za bebe	Premium Baršun gnijezdo pruža mekano, sigurno i toplo okruženje u kojem se beba osjeća opušteno i zaštićeno. Izrađeno od luksuznog, nježnog baršuna i kvalitetnih materijala, ovo gnijezdo unosi dozu elegancije i udobnosti u svaki dječji kutak, savršeno za odmor, maženje i prve snove.	https://babynatur.hr/products/premium-barsun-gnijezdo-za-bebe?variant=56019073794434	https://cdn.shopify.com/s/files/1/0943/0738/5730/files/Gnijezdo_za_bebe_barsun.jpg?v=1764380551	https://cdn.shopify.com/s/files/1/0943/0738/5730/files/Gnijezdo_za_bebe_barsun1.jpg?v=1764380562,https://cdn.shopify.com/s/files/1/0943/0738/5730/files/Gnijezdo_za_bebe_barsun2.jpg?v=1764380584,https://cdn.shopify.com/s/files/1/0943/0738/5730/files/Gnijezdo_za_bebe_barsun3.jpg?v=1764380594,https://cdn.shopify.com/s/files/1/0943/0738/5730/files/Gnijezdo_za_bebe_barsun4.jpg?v=1764380603,https://cdn.shopify.com/s/files/1/0943/0738/5730/files/Gnijezdo_za_bebe_barsun5.jpg?v=1764380612	out_of_stock	new	90.00 EUR	72.00 EUR	Babyly		no		Gnijezdo za bebe					
shopify_ZZ_15192323031426_56019073859970	15192323031426	Standard tetra pelene - Plava	Standardna tetra pelena savršena je za presvlačenje, podrigivanje i kao podloga u krevetiću ili kolicima. Svestrana i lagana, pruža sigurnost i udobnost gdje god se nalazili. Napravljenа od 100% visokokvalitetnog pamuka, iznimno upijajuća i periva na 60°C, ostaje mekana i pouzdana i nakon brojnih pranja.	https://babynatur.hr/products/standard-tetra-pelene?variant=56019073859970	https://cdn.shopify.com/s/files/1/0943/0738/5730/files/babynaturhere-blue-cotton-muslin-diaper-a1b2c3d4.jpg?v=1780926650	https://cdn.shopify.com/s/files/1/0943/0738/5730/files/babynaturehere-teddy-bear-muslin-swaddle-blanket-a1b2c3d4.jpg?v=1780926650,https://cdn.shopify.com/s/files/1/0943/0738/5730/files/babynaturehere-muslin-swaddle-blankets-prints-a1b2c3d4.jpg?v=1780926652,https://cdn.shopify.com/s/files/1/0943/0738/5730/files/babynaturehere-standard-tetra-diaper-bear-print-cotton-a1b2c3.jpg?v=1780926650,https://cdn.shopify.com/s/files/1/0943/0738/5730/files/babynaturehere-blue-floral-muslin-swaddle-blanket-a1b2c3.jpg?v=1780926650,https://cdn.shopify.com/s/files/1/0943/0738/5730/files/babynatur-french-bulldog-swaddle-blanket-a1b2c3d4.jpg?v=1780926649,https://cdn.shopify.com/s/files/1/0943/0738/5730/files/babynaturehere-cream-floral-cotton-diaper-a1b2c3.jpg?v=1780926650,https://cdn.shopify.com/s/files/1/0943/0738/5730/files/babynatur-cream-cotton-muslin-diaper-a1b2c3d4.jpg?v=1780926650,https://cdn.shopify.com/s/files/1/0943/0738/5730/files/babynaturehere-cream-bear-print-cotton-diaper-a1b2c3d4.jpg?v=1780926650,https://cdn.shopify.com/s/files/1/0943/0738/5730/files/babynatur-pink-cotton-muslin-swaddle-blanket-a1b2c3d4.jpg?v=1780926652,https://cdn.shopify.com/s/files/1/0943/0738/5730/files/babynaturhere-white-heart-muslin-swaddle-blanket-a1b2c3d4.jpg?v=1780926650	in_stock	new	9.00 EUR		Baby Natur	BN-TP-STANDARD-Blue	yes		Tetra pelene				Plava	
shopify_ZZ_15192323031426_56019073892738	15192323031426	Standard tetra pelene - Medo	Standardna tetra pelena savršena je za presvlačenje, podrigivanje i kao podloga u krevetiću ili kolicima. Svestrana i lagana, pruža sigurnost i udobnost gdje god se nalazili. Napravljenа od 100% visokokvalitetnog pamuka, iznimno upijajuća i periva na 60°C, ostaje mekana i pouzdana i nakon brojnih pranja.	https://babynatur.hr/products/standard-tetra-pelene?variant=56019073892738	https://cdn.shopify.com/s/files/1/0943/0738/5730/files/babynaturehere-cream-bear-print-cotton-diaper-a1b2c3d4.jpg?v=1780926650	https://cdn.shopify.com/s/files/1/0943/0738/5730/files/babynaturehere-teddy-bear-muslin-swaddle-blanket-a1b2c3d4.jpg?v=1780926650,https://cdn.shopify.com/s/files/1/0943/0738/5730/files/babynaturehere-muslin-swaddle-blankets-prints-a1b2c3d4.jpg?v=1780926652,https://cdn.shopify.com/s/files/1/0943/0738/5730/files/babynaturehere-standard-tetra-diaper-bear-print-cotton-a1b2c3.jpg?v=1780926650,https://cdn.shopify.com/s/files/1/0943/0738/5730/files/babynaturehere-blue-floral-muslin-swaddle-blanket-a1b2c3.jpg?v=1780926650,https://cdn.shopify.com/s/files/1/0943/0738/5730/files/babynatur-french-bulldog-swaddle-blanket-a1b2c3d4.jpg?v=1780926649,https://cdn.shopify.com/s/files/1/0943/0738/5730/files/babynaturehere-cream-floral-cotton-diaper-a1b2c3.jpg?v=1780926650,https://cdn.shopify.com/s/files/1/0943/0738/5730/files/babynatur-cream-cotton-muslin-diaper-a1b2c3d4.jpg?v=1780926650,https://cdn.shopify.com/s/files/1/0943/0738/5730/files/babynaturhere-blue-cotton-muslin-diaper-a1b2c3d4.jpg?v=1780926650,https://cdn.shopify.com/s/files/1/0943/0738/5730/files/babynatur-pink-cotton-muslin-swaddle-blanket-a1b2c3d4.jpg?v=1780926652,https://cdn.shopify.com/s/files/1/0943/0738/5730/files/babynaturhere-white-heart-muslin-swaddle-blanket-a1b2c3d4.jpg?v=1780926650	in_stock	new	9.00 EUR		Baby Natur	BN-TP-STANDARD-Bear	yes		Tetra pelene				Medo	
shopify_ZZ_15192323031426_56019073925506	15192323031426	Standard tetra pelene - Brundo	Standardna tetra pelena savršena je za presvlačenje, podrigivanje i kao podloga u krevetiću ili kolicima. Svestrana i lagana, pruža sigurnost i udobnost gdje god se nalazili. Napravljenа od 100% visokokvalitetnog pamuka, iznimno upijajuća i periva na 60°C, ostaje mekana i pouzdana i nakon brojnih pranja.	https://babynatur.hr/products/standard-tetra-pelene?variant=56019073925506	https://cdn.shopify.com/s/files/1/0943/0738/5730/files/babynaturehere-tetra-diaper-teddy-bear-print-cotton-a1b2c3.jpg?v=1780926650	https://cdn.shopify.com/s/files/1/0943/0738/5730/files/babynaturehere-teddy-bear-muslin-swaddle-blanket-a1b2c3d4.jpg?v=1780926650,https://cdn.shopify.com/s/files/1/0943/0738/5730/files/babynaturehere-muslin-swaddle-blankets-prints-a1b2c3d4.jpg?v=1780926652,https://cdn.shopify.com/s/files/1/0943/0738/5730/files/babynaturehere-standard-tetra-diaper-bear-print-cotton-a1b2c3.jpg?v=1780926650,https://cdn.shopify.com/s/files/1/0943/0738/5730/files/babynaturehere-blue-floral-muslin-swaddle-blanket-a1b2c3.jpg?v=1780926650,https://cdn.shopify.com/s/files/1/0943/0738/5730/files/babynatur-french-bulldog-swaddle-blanket-a1b2c3d4.jpg?v=1780926649,https://cdn.shopify.com/s/files/1/0943/0738/5730/files/babynaturehere-cream-floral-cotton-diaper-a1b2c3.jpg?v=1780926650,https://cdn.shopify.com/s/files/1/0943/0738/5730/files/babynatur-cream-cotton-muslin-diaper-a1b2c3d4.jpg?v=1780926650,https://cdn.shopify.com/s/files/1/0943/0738/5730/files/babynaturehere-cream-bear-print-cotton-diaper-a1b2c3d4.jpg?v=1780926650,https://cdn.shopify.com/s/files/1/0943/0738/5730/files/babynaturhere-blue-cotton-muslin-diaper-a1b2c3d4.jpg?v=1780926650,https://cdn.shopify.com/s/files/1/0943/0738/5730/files/babynatur-pink-cotton-muslin-swaddle-blanket-a1b2c3d4.jpg?v=1780926652	in_stock	new	9.00 EUR	7.20 EUR	Baby Natur	BN-TP-STANDARD-Teddy	yes		Tetra pelene				Brundo	
shopify_ZZ_15192323031426_56019073991042	15192323031426	Standard tetra pelene - Krem	Standardna tetra pelena savršena je za presvlačenje, podrigivanje i kao podloga u krevetiću ili kolicima. Svestrana i lagana, pruža sigurnost i udobnost gdje god se nalazili. Napravljenа od 100% visokokvalitetnog pamuka, iznimno upijajuća i periva na 60°C, ostaje mekana i pouzdana i nakon brojnih pranja.	https://babynatur.hr/products/standard-tetra-pelene?variant=56019073991042	https://cdn.shopify.com/s/files/1/0943/0738/5730/files/babynatur-cream-cotton-muslin-diaper-a1b2c3d4.jpg?v=1780926650	https://cdn.shopify.com/s/files/1/0943/0738/5730/files/babynaturehere-teddy-bear-muslin-swaddle-blanket-a1b2c3d4.jpg?v=1780926650,https://cdn.shopify.com/s/files/1/0943/0738/5730/files/babynaturehere-muslin-swaddle-blankets-prints-a1b2c3d4.jpg?v=1780926652,https://cdn.shopify.com/s/files/1/0943/0738/5730/files/babynaturehere-standard-tetra-diaper-bear-print-cotton-a1b2c3.jpg?v=1780926650,https://cdn.shopify.com/s/files/1/0943/0738/5730/files/babynaturehere-blue-floral-muslin-swaddle-blanket-a1b2c3.jpg?v=1780926650,https://cdn.shopify.com/s/files/1/0943/0738/5730/files/babynatur-french-bulldog-swaddle-blanket-a1b2c3d4.jpg?v=1780926649,https://cdn.shopify.com/s/files/1/0943/0738/5730/files/babynaturehere-cream-floral-cotton-diaper-a1b2c3.jpg?v=1780926650,https://cdn.shopify.com/s/files/1/0943/0738/5730/files/babynaturehere-cream-bear-print-cotton-diaper-a1b2c3d4.jpg?v=1780926650,https://cdn.shopify.com/s/files/1/0943/0738/5730/files/babynaturhere-blue-cotton-muslin-diaper-a1b2c3d4.jpg?v=1780926650,https://cdn.shopify.com/s/files/1/0943/0738/5730/files/babynatur-pink-cotton-muslin-swaddle-blanket-a1b2c3d4.jpg?v=1780926652,https://cdn.shopify.com/s/files/1/0943/0738/5730/files/babynaturhere-white-heart-muslin-swaddle-blanket-a1b2c3d4.jpg?v=1780926650	in_stock	new	9.00 EUR		Baby Natur	BN-TP-STANDARD-Beige	yes		Tetra pelene				Krem	
shopify_ZZ_15192323031426_56019074023810	15192323031426	Standard tetra pelene - Krem s cvjetićima	Standardna tetra pelena savršena je za presvlačenje, podrigivanje i kao podloga u krevetiću ili kolicima. Svestrana i lagana, pruža sigurnost i udobnost gdje god se nalazili. Napravljenа od 100% visokokvalitetnog pamuka, iznimno upijajuća i periva na 60°C, ostaje mekana i pouzdana i nakon brojnih pranja.	https://babynatur.hr/products/standard-tetra-pelene?variant=56019074023810	https://cdn.shopify.com/s/files/1/0943/0738/5730/files/babynaturehere-cream-floral-cotton-diaper-a1b2c3.jpg?v=1780926650	https://cdn.shopify.com/s/files/1/0943/0738/5730/files/babynaturehere-teddy-bear-muslin-swaddle-blanket-a1b2c3d4.jpg?v=1780926650,https://cdn.shopify.com/s/files/1/0943/0738/5730/files/babynaturehere-muslin-swaddle-blankets-prints-a1b2c3d4.jpg?v=1780926652,https://cdn.shopify.com/s/files/1/0943/0738/5730/files/babynaturehere-standard-tetra-diaper-bear-print-cotton-a1b2c3.jpg?v=1780926650,https://cdn.shopify.com/s/files/1/0943/0738/5730/files/babynaturehere-blue-floral-muslin-swaddle-blanket-a1b2c3.jpg?v=1780926650,https://cdn.shopify.com/s/files/1/0943/0738/5730/files/babynatur-french-bulldog-swaddle-blanket-a1b2c3d4.jpg?v=1780926649,https://cdn.shopify.com/s/files/1/0943/0738/5730/files/babynatur-cream-cotton-muslin-diaper-a1b2c3d4.jpg?v=1780926650,https://cdn.shopify.com/s/files/1/0943/0738/5730/files/babynaturehere-cream-bear-print-cotton-diaper-a1b2c3d4.jpg?v=1780926650,https://cdn.shopify.com/s/files/1/0943/0738/5730/files/babynaturhere-blue-cotton-muslin-diaper-a1b2c3d4.jpg?v=1780926650,https://cdn.shopify.com/s/files/1/0943/0738/5730/files/babynatur-pink-cotton-muslin-swaddle-blanket-a1b2c3d4.jpg?v=1780926652,https://cdn.shopify.com/s/files/1/0943/0738/5730/files/babynaturhere-white-heart-muslin-swaddle-blanket-a1b2c3d4.jpg?v=1780926650	in_stock	new	9.00 EUR		Baby Natur	BN-TP-STANDARD-Beige-Flowers	yes		Tetra pelene				Krem s cvjetićima	
shopify_ZZ_15192323031426_56019074056578	15192323031426	Standard tetra pelene - Točkice	Standardna tetra pelena savršena je za presvlačenje, podrigivanje i kao podloga u krevetiću ili kolicima. Svestrana i lagana, pruža sigurnost i udobnost gdje god se nalazili. Napravljenа od 100% visokokvalitetnog pamuka, iznimno upijajuća i periva na 60°C, ostaje mekana i pouzdana i nakon brojnih pranja.	https://babynatur.hr/products/standard-tetra-pelene?variant=56019074056578	https://cdn.shopify.com/s/files/1/0943/0738/5730/files/babynaturehere-standard-tetra-diaper-polka-dot-cotton-baby-burp-cloth-a1b2c3d4.jpg?v=1780926650	https://cdn.shopify.com/s/files/1/0943/0738/5730/files/babynaturehere-teddy-bear-muslin-swaddle-blanket-a1b2c3d4.jpg?v=1780926650,https://cdn.shopify.com/s/files/1/0943/0738/5730/files/babynaturehere-muslin-swaddle-blankets-prints-a1b2c3d4.jpg?v=1780926652,https://cdn.shopify.com/s/files/1/0943/0738/5730/files/babynaturehere-standard-tetra-diaper-bear-print-cotton-a1b2c3.jpg?v=1780926650,https://cdn.shopify.com/s/files/1/0943/0738/5730/files/babynaturehere-blue-floral-muslin-swaddle-blanket-a1b2c3.jpg?v=1780926650,https://cdn.shopify.com/s/files/1/0943/0738/5730/files/babynatur-french-bulldog-swaddle-blanket-a1b2c3d4.jpg?v=1780926649,https://cdn.shopify.com/s/files/1/0943/0738/5730/files/babynaturehere-cream-floral-cotton-diaper-a1b2c3.jpg?v=1780926650,https://cdn.shopify.com/s/files/1/0943/0738/5730/files/babynatur-cream-cotton-muslin-diaper-a1b2c3d4.jpg?v=1780926650,https://cdn.shopify.com/s/files/1/0943/0738/5730/files/babynaturehere-cream-bear-print-cotton-diaper-a1b2c3d4.jpg?v=1780926650,https://cdn.shopify.com/s/files/1/0943/0738/5730/files/babynaturhere-blue-cotton-muslin-diaper-a1b2c3d4.jpg?v=1780926650,https://cdn.shopify.com/s/files/1/0943/0738/5730/files/babynatur-pink-cotton-muslin-swaddle-blanket-a1b2c3d4.jpg?v=1780926652	in_stock	new	9.00 EUR		Baby Natur	BN-TP-STANDARD-Dots	yes		Tetra pelene				Točkice	
shopify_ZZ_15192323031426_56019074089346	15192323031426	Standard tetra pelene - Cvjetići	Standardna tetra pelena savršena je za presvlačenje, podrigivanje i kao podloga u krevetiću ili kolicima. Svestrana i lagana, pruža sigurnost i udobnost gdje god se nalazili. Napravljenа od 100% visokokvalitetnog pamuka, iznimno upijajuća i periva na 60°C, ostaje mekana i pouzdana i nakon brojnih pranja.	https://babynatur.hr/products/standard-tetra-pelene?variant=56019074089346	https://cdn.shopify.com/s/files/1/0943/0738/5730/files/babynaturehere-standard-tetra-diaper-floral-cotton-print-a1b2c3.jpg?v=1780926650	https://cdn.shopify.com/s/files/1/0943/0738/5730/files/babynaturehere-teddy-bear-muslin-swaddle-blanket-a1b2c3d4.jpg?v=1780926650,https://cdn.shopify.com/s/files/1/0943/0738/5730/files/babynaturehere-muslin-swaddle-blankets-prints-a1b2c3d4.jpg?v=1780926652,https://cdn.shopify.com/s/files/1/0943/0738/5730/files/babynaturehere-standard-tetra-diaper-bear-print-cotton-a1b2c3.jpg?v=1780926650,https://cdn.shopify.com/s/files/1/0943/0738/5730/files/babynaturehere-blue-floral-muslin-swaddle-blanket-a1b2c3.jpg?v=1780926650,https://cdn.shopify.com/s/files/1/0943/0738/5730/files/babynatur-french-bulldog-swaddle-blanket-a1b2c3d4.jpg?v=1780926649,https://cdn.shopify.com/s/files/1/0943/0738/5730/files/babynaturehere-cream-floral-cotton-diaper-a1b2c3.jpg?v=1780926650,https://cdn.shopify.com/s/files/1/0943/0738/5730/files/babynatur-cream-cotton-muslin-diaper-a1b2c3d4.jpg?v=1780926650,https://cdn.shopify.com/s/files/1/0943/0738/5730/files/babynaturehere-cream-bear-print-cotton-diaper-a1b2c3d4.jpg?v=1780926650,https://cdn.shopify.com/s/files/1/0943/0738/5730/files/babynaturhere-blue-cotton-muslin-diaper-a1b2c3d4.jpg?v=1780926650,https://cdn.shopify.com/s/files/1/0943/0738/5730/files/babynatur-pink-cotton-muslin-swaddle-blanket-a1b2c3d4.jpg?v=1780926652	in_stock	new	9.00 EUR	7.65 EUR	Baby Natur	BN-TP-STANDARD-Flowers	yes		Tetra pelene				Cvjetići	
shopify_ZZ_15192323031426_56019074122114	15192323031426	Standard tetra pelene - Srca	Standardna tetra pelena savršena je za presvlačenje, podrigivanje i kao podloga u krevetiću ili kolicima. Svestrana i lagana, pruža sigurnost i udobnost gdje god se nalazili. Napravljenа od 100% visokokvalitetnog pamuka, iznimno upijajuća i periva na 60°C, ostaje mekana i pouzdana i nakon brojnih pranja.	https://babynatur.hr/products/standard-tetra-pelene?variant=56019074122114	https://cdn.shopify.com/s/files/1/0943/0738/5730/files/babynaturhere-white-heart-muslin-swaddle-blanket-a1b2c3d4.jpg?v=1780926650	https://cdn.shopify.com/s/files/1/0943/0738/5730/files/babynaturehere-teddy-bear-muslin-swaddle-blanket-a1b2c3d4.jpg?v=1780926650,https://cdn.shopify.com/s/files/1/0943/0738/5730/files/babynaturehere-muslin-swaddle-blankets-prints-a1b2c3d4.jpg?v=1780926652,https://cdn.shopify.com/s/files/1/0943/0738/5730/files/babynaturehere-standard-tetra-diaper-bear-print-cotton-a1b2c3.jpg?v=1780926650,https://cdn.shopify.com/s/files/1/0943/0738/5730/files/babynaturehere-blue-floral-muslin-swaddle-blanket-a1b2c3.jpg?v=1780926650,https://cdn.shopify.com/s/files/1/0943/0738/5730/files/babynatur-french-bulldog-swaddle-blanket-a1b2c3d4.jpg?v=1780926649,https://cdn.shopify.com/s/files/1/0943/0738/5730/files/babynaturehere-cream-floral-cotton-diaper-a1b2c3.jpg?v=1780926650,https://cdn.shopify.com/s/files/1/0943/0738/5730/files/babynatur-cream-cotton-muslin-diaper-a1b2c3d4.jpg?v=1780926650,https://cdn.shopify.com/s/files/1/0943/0738/5730/files/babynaturehere-cream-bear-print-cotton-diaper-a1b2c3d4.jpg?v=1780926650,https://cdn.shopify.com/s/files/1/0943/0738/5730/files/babynaturhere-blue-cotton-muslin-diaper-a1b2c3d4.jpg?v=1780926650,https://cdn.shopify.com/s/files/1/0943/0738/5730/files/babynatur-pink-cotton-muslin-swaddle-blanket-a1b2c3d4.jpg?v=1780926652	in_stock	new	9.00 EUR	7.20 EUR	Baby Natur	BN-TP-STANDARD-Heart	yes		Tetra pelene				Srca	
shopify_ZZ_15192323031426_56019074154882	15192323031426	Standard tetra pelene - Roza	Standardna tetra pelena savršena je za presvlačenje, podrigivanje i kao podloga u krevetiću ili kolicima. Svestrana i lagana, pruža sigurnost i udobnost gdje god se nalazili. Napravljenа od 100% visokokvalitetnog pamuka, iznimno upijajuća i periva na 60°C, ostaje mekana i pouzdana i nakon brojnih pranja.	https://babynatur.hr/products/standard-tetra-pelene?variant=56019074154882	https://cdn.shopify.com/s/files/1/0943/0738/5730/files/babynatur-pink-cotton-muslin-swaddle-blanket-a1b2c3d4.jpg?v=1780926652	https://cdn.shopify.com/s/files/1/0943/0738/5730/files/babynaturehere-teddy-bear-muslin-swaddle-blanket-a1b2c3d4.jpg?v=1780926650,https://cdn.shopify.com/s/files/1/0943/0738/5730/files/babynaturehere-muslin-swaddle-blankets-prints-a1b2c3d4.jpg?v=1780926652,https://cdn.shopify.com/s/files/1/0943/0738/5730/files/babynaturehere-standard-tetra-diaper-bear-print-cotton-a1b2c3.jpg?v=1780926650,https://cdn.shopify.com/s/files/1/0943/0738/5730/files/babynaturehere-blue-floral-muslin-swaddle-blanket-a1b2c3.jpg?v=1780926650,https://cdn.shopify.com/s/files/1/0943/0738/5730/files/babynatur-french-bulldog-swaddle-blanket-a1b2c3d4.jpg?v=1780926649,https://cdn.shopify.com/s/files/1/0943/0738/5730/files/babynaturehere-cream-floral-cotton-diaper-a1b2c3.jpg?v=1780926650,https://cdn.shopify.com/s/files/1/0943/0738/5730/files/babynatur-cream-cotton-muslin-diaper-a1b2c3d4.jpg?v=1780926650,https://cdn.shopify.com/s/files/1/0943/0738/5730/files/babynaturehere-cream-bear-print-cotton-diaper-a1b2c3d4.jpg?v=1780926650,https://cdn.shopify.com/s/files/1/0943/0738/5730/files/babynaturhere-blue-cotton-muslin-diaper-a1b2c3d4.jpg?v=1780926650,https://cdn.shopify.com/s/files/1/0943/0738/5730/files/babynaturhere-white-heart-muslin-swaddle-blanket-a1b2c3d4.jpg?v=1780926650	in_stock	new	9.00 EUR		Baby Natur	BN-TP-STANDARD-Rose	yes		Tetra pelene				Roza	
shopify_ZZ_15192323031426_56019074220418	15192323031426	Standard tetra pelene - Šuma	Standardna tetra pelena savršena je za presvlačenje, podrigivanje i kao podloga u krevetiću ili kolicima. Svestrana i lagana, pruža sigurnost i udobnost gdje god se nalazili. Napravljenа od 100% visokokvalitetnog pamuka, iznimno upijajuća i periva na 60°C, ostaje mekana i pouzdana i nakon brojnih pranja.	https://babynatur.hr/products/standard-tetra-pelene?variant=56019074220418	https://cdn.shopify.com/s/files/1/0943/0738/5730/files/babynaturehere-cotton-muslin-swaddle-blanket-woodland-print-a1b2c3d4.jpg?v=1780926650	https://cdn.shopify.com/s/files/1/0943/0738/5730/files/babynaturehere-teddy-bear-muslin-swaddle-blanket-a1b2c3d4.jpg?v=1780926650,https://cdn.shopify.com/s/files/1/0943/0738/5730/files/babynaturehere-muslin-swaddle-blankets-prints-a1b2c3d4.jpg?v=1780926652,https://cdn.shopify.com/s/files/1/0943/0738/5730/files/babynaturehere-standard-tetra-diaper-bear-print-cotton-a1b2c3.jpg?v=1780926650,https://cdn.shopify.com/s/files/1/0943/0738/5730/files/babynaturehere-blue-floral-muslin-swaddle-blanket-a1b2c3.jpg?v=1780926650,https://cdn.shopify.com/s/files/1/0943/0738/5730/files/babynatur-french-bulldog-swaddle-blanket-a1b2c3d4.jpg?v=1780926649,https://cdn.shopify.com/s/files/1/0943/0738/5730/files/babynaturehere-cream-floral-cotton-diaper-a1b2c3.jpg?v=1780926650,https://cdn.shopify.com/s/files/1/0943/0738/5730/files/babynatur-cream-cotton-muslin-diaper-a1b2c3d4.jpg?v=1780926650,https://cdn.shopify.com/s/files/1/0943/0738/5730/files/babynaturehere-cream-bear-print-cotton-diaper-a1b2c3d4.jpg?v=1780926650,https://cdn.shopify.com/s/files/1/0943/0738/5730/files/babynaturhere-blue-cotton-muslin-diaper-a1b2c3d4.jpg?v=1780926650,https://cdn.shopify.com/s/files/1/0943/0738/5730/files/babynatur-pink-cotton-muslin-swaddle-blanket-a1b2c3d4.jpg?v=1780926652	in_stock	new	9.00 EUR		Baby Natur	BN-TP-STANDARD-Forest	yes		Tetra pelene				Šuma	
shopify_ZZ_15192323031426_56696667275650	15192323031426	Standard tetra pelene - Trešnjice	Standardna tetra pelena savršena je za presvlačenje, podrigivanje i kao podloga u krevetiću ili kolicima. Svestrana i lagana, pruža sigurnost i udobnost gdje god se nalazili. Napravljenа od 100% visokokvalitetnog pamuka, iznimno upijajuća i periva na 60°C, ostaje mekana i pouzdana i nakon brojnih pranja.	https://babynatur.hr/products/standard-tetra-pelene?variant=56696667275650	https://cdn.shopify.com/s/files/1/0943/0738/5730/files/babynaturhere-white-cherry-muslin-burp-cloth-a1b2c3d4.jpg?v=1780926650	https://cdn.shopify.com/s/files/1/0943/0738/5730/files/babynaturehere-teddy-bear-muslin-swaddle-blanket-a1b2c3d4.jpg?v=1780926650,https://cdn.shopify.com/s/files/1/0943/0738/5730/files/babynaturehere-muslin-swaddle-blankets-prints-a1b2c3d4.jpg?v=1780926652,https://cdn.shopify.com/s/files/1/0943/0738/5730/files/babynaturehere-standard-tetra-diaper-bear-print-cotton-a1b2c3.jpg?v=1780926650,https://cdn.shopify.com/s/files/1/0943/0738/5730/files/babynaturehere-blue-floral-muslin-swaddle-blanket-a1b2c3.jpg?v=1780926650,https://cdn.shopify.com/s/files/1/0943/0738/5730/files/babynatur-french-bulldog-swaddle-blanket-a1b2c3d4.jpg?v=1780926649,https://cdn.shopify.com/s/files/1/0943/0738/5730/files/babynaturehere-cream-floral-cotton-diaper-a1b2c3.jpg?v=1780926650,https://cdn.shopify.com/s/files/1/0943/0738/5730/files/babynatur-cream-cotton-muslin-diaper-a1b2c3d4.jpg?v=1780926650,https://cdn.shopify.com/s/files/1/0943/0738/5730/files/babynaturehere-cream-bear-print-cotton-diaper-a1b2c3d4.jpg?v=1780926650,https://cdn.shopify.com/s/files/1/0943/0738/5730/files/babynaturhere-blue-cotton-muslin-diaper-a1b2c3d4.jpg?v=1780926650,https://cdn.shopify.com/s/files/1/0943/0738/5730/files/babynatur-pink-cotton-muslin-swaddle-blanket-a1b2c3d4.jpg?v=1780926652	in_stock	new	9.00 EUR		Baby Natur		no		Tetra pelene				Trešnjice	
shopify_ZZ_15192323031426_56696667308418	15192323031426	Standard tetra pelene - Limuni	Standardna tetra pelena savršena je za presvlačenje, podrigivanje i kao podloga u krevetiću ili kolicima. Svestrana i lagana, pruža sigurnost i udobnost gdje god se nalazili. Napravljenа od 100% visokokvalitetnog pamuka, iznimno upijajuća i periva na 60°C, ostaje mekana i pouzdana i nakon brojnih pranja.	https://babynatur.hr/products/standard-tetra-pelene?variant=56696667308418	https://cdn.shopify.com/s/files/1/0943/0738/5730/files/babynatur-white-lemon-burp-cloth-a1b2c3d4.jpg?v=1780926650	https://cdn.shopify.com/s/files/1/0943/0738/5730/files/babynaturehere-teddy-bear-muslin-swaddle-blanket-a1b2c3d4.jpg?v=1780926650,https://cdn.shopify.com/s/files/1/0943/0738/5730/files/babynaturehere-muslin-swaddle-blankets-prints-a1b2c3d4.jpg?v=1780926652,https://cdn.shopify.com/s/files/1/0943/0738/5730/files/babynaturehere-standard-tetra-diaper-bear-print-cotton-a1b2c3.jpg?v=1780926650,https://cdn.shopify.com/s/files/1/0943/0738/5730/files/babynaturehere-blue-floral-muslin-swaddle-blanket-a1b2c3.jpg?v=1780926650,https://cdn.shopify.com/s/files/1/0943/0738/5730/files/babynatur-french-bulldog-swaddle-blanket-a1b2c3d4.jpg?v=1780926649,https://cdn.shopify.com/s/files/1/0943/0738/5730/files/babynaturehere-cream-floral-cotton-diaper-a1b2c3.jpg?v=1780926650,https://cdn.shopify.com/s/files/1/0943/0738/5730/files/babynatur-cream-cotton-muslin-diaper-a1b2c3d4.jpg?v=1780926650,https://cdn.shopify.com/s/files/1/0943/0738/5730/files/babynaturehere-cream-bear-print-cotton-diaper-a1b2c3d4.jpg?v=1780926650,https://cdn.shopify.com/s/files/1/0943/0738/5730/files/babynaturhere-blue-cotton-muslin-diaper-a1b2c3d4.jpg?v=1780926650,https://cdn.shopify.com/s/files/1/0943/0738/5730/files/babynatur-pink-cotton-muslin-swaddle-blanket-a1b2c3d4.jpg?v=1780926652	in_stock	new	9.00 EUR		Baby Natur		no		Tetra pelene				Limuni	
shopify_ZZ_15192323031426_56696667341186	15192323031426	Standard tetra pelene - Archi	Standardna tetra pelena savršena je za presvlačenje, podrigivanje i kao podloga u krevetiću ili kolicima. Svestrana i lagana, pruža sigurnost i udobnost gdje god se nalazili. Napravljenа od 100% visokokvalitetnog pamuka, iznimno upijajuća i periva na 60°C, ostaje mekana i pouzdana i nakon brojnih pranja.	https://babynatur.hr/products/standard-tetra-pelene?variant=56696667341186	https://cdn.shopify.com/s/files/1/0943/0738/5730/files/babynatur-french-bulldog-muslin-swaddle-blanket-a1b2c3.jpg?v=1780926650	https://cdn.shopify.com/s/files/1/0943/0738/5730/files/babynaturehere-teddy-bear-muslin-swaddle-blanket-a1b2c3d4.jpg?v=1780926650,https://cdn.shopify.com/s/files/1/0943/0738/5730/files/babynaturehere-muslin-swaddle-blankets-prints-a1b2c3d4.jpg?v=1780926652,https://cdn.shopify.com/s/files/1/0943/0738/5730/files/babynaturehere-standard-tetra-diaper-bear-print-cotton-a1b2c3.jpg?v=1780926650,https://cdn.shopify.com/s/files/1/0943/0738/5730/files/babynaturehere-blue-floral-muslin-swaddle-blanket-a1b2c3.jpg?v=1780926650,https://cdn.shopify.com/s/files/1/0943/0738/5730/files/babynatur-french-bulldog-swaddle-blanket-a1b2c3d4.jpg?v=1780926649,https://cdn.shopify.com/s/files/1/0943/0738/5730/files/babynaturehere-cream-floral-cotton-diaper-a1b2c3.jpg?v=1780926650,https://cdn.shopify.com/s/files/1/0943/0738/5730/files/babynatur-cream-cotton-muslin-diaper-a1b2c3d4.jpg?v=1780926650,https://cdn.shopify.com/s/files/1/0943/0738/5730/files/babynaturehere-cream-bear-print-cotton-diaper-a1b2c3d4.jpg?v=1780926650,https://cdn.shopify.com/s/files/1/0943/0738/5730/files/babynaturhere-blue-cotton-muslin-diaper-a1b2c3d4.jpg?v=1780926650,https://cdn.shopify.com/s/files/1/0943/0738/5730/files/babynatur-pink-cotton-muslin-swaddle-blanket-a1b2c3d4.jpg?v=1780926652	in_stock	new	9.00 EUR		Baby Natur		no		Tetra pelene				Archi	
shopify_ZZ_15192322965890_56121763725698	15192322965890	Izybaby prijenosni grijač posuda - Grijač posuda	Uživajte u savršeno zagrijanoj hrani čak i izvan kuhinje. Izybaby grijač posuda omogućuje vam odabir prave temperature i sigurno ravnomjerno zagrijavanje svih vrsta hrane, bez vrućih mjesta — od 40°C do 50°C, baš onako kako želite. Na taj način očuvate sve važne kvalitete vašeg dragocjenog obroka. Prijenosan i bežičan Kompatibilno sa svim vrstama hrane 100% hermetički poklopac Ugrađena baterija s trajanjem do 4 sata Funkcija održavanja topline	https://babynatur.hr/products/izybaby-prijenosni-grijac-posuda?variant=56121763725698	https://cdn.shopify.com/s/files/1/0943/0738/5730/files/izybaby2.png?v=1764750222	https://cdn.shopify.com/s/files/1/0943/0738/5730/files/DAV_010_1-2.jpg?v=1764363881,https://cdn.shopify.com/s/files/1/0943/0738/5730/files/IMG_6103-1.png?v=1764363887,https://cdn.shopify.com/s/files/1/0943/0738/5730/files/Nomad-64-2-1.jpg?v=1764363893,https://cdn.shopify.com/s/files/1/0943/0738/5730/files/Nomad-70-1.png?v=1764363898,https://cdn.shopify.com/s/files/1/0943/0738/5730/files/Nomad-71-2.png?v=1764363905,https://cdn.shopify.com/s/files/1/0943/0738/5730/files/Nomad-82-1.jpg?v=1764363910,https://cdn.shopify.com/s/files/1/0943/0738/5730/files/Nomad-86-2.png?v=1764363914	in_stock	new	99.00 EUR	89.99 EUR	Izybaby	IB-BN-1	yes			Grijač posuda				
shopify_ZZ_15192322933122_56121746653570	15192322933122	Izybaby prijenosni grijač bočica - grijač bočica	3:00 ujutro je i budi vas bebin plač, a bočica s mlijekom nije spremna.. Dosta vam je pogađanja temperature vode sa hladnom i toplom termosicom? Na putu ste u autu ili avionu, a beba plače jer je gladna? Želite imati barem malu kontrolu u kaotičnim trenutcima? Roditelj ste male bebe i sve vam ovo zvuči poznato? Ne brinite, zato je Izybaby prijenosni grijač bočica tu za vas! Ugrije vodu ili majčino mlijeko za nekoliko minuta, Održava savršenih 37 °C, a možete namjestiti i do 50°C Radi gdje god da jeste — kod kuće ili u pokretu, nije potrebna utičnica Bez žurbe, panike i kompliciranja. Mirni trenuci za vas i vašu bebu, uvijek i svugdje.	https://babynatur.hr/products/izybaby-prijenosni-grijac-bocica?variant=56121746653570	https://cdn.shopify.com/s/files/1/0943/0738/5730/files/17-1.jpg?v=1775109471	https://cdn.shopify.com/s/files/1/0943/0738/5730/files/izybaby1.png?v=1775108221,https://cdn.shopify.com/s/files/1/0943/0738/5730/files/594d8df2-f7bd-49c6-b9e0-25c03d2d87ec-1.jpg?v=1775109471,https://cdn.shopify.com/s/files/1/0943/0738/5730/files/Zasto-Izybaby-prijenosni-grijac-bocica.png?v=1775109471,https://cdn.shopify.com/s/files/1/0943/0738/5730/files/IMG_3288-1.jpg?v=1775109471,https://cdn.shopify.com/s/files/1/0943/0738/5730/files/IMG_3123-1.jpg?v=1775109471,https://cdn.shopify.com/s/files/1/0943/0738/5730/files/IMG_3120-1.jpg?v=1775109471,https://cdn.shopify.com/s/files/1/0943/0738/5730/files/04-2.jpg?v=1775109471	in_stock	new	99.99 EUR	89.99 EUR	Izybaby	IB-BN	yes			grijač bočica				300 g
shopify_ZZ_15192322703746_56019073302914	15192322703746	Premium Limun gnijezdo za bebe	Premium Limun gnijezdu, stvara udoban i siguran prostor u kojem se beba osjeća zaštićeno poput u maminu naručju. Ručno izrađeno od kvalitetnih i prozračnih materijala, ovo gnijezdo donosi dozu topline, udobnosti i prepoznatljivog Babyly stila u svaki kutak doma.	https://babynatur.hr/products/premium-limun-gnijezdo-za-bebe?variant=56019073302914	https://cdn.shopify.com/s/files/1/0943/0738/5730/files/Gnijezdo_za_bebe_Limun.jpg?v=1764381078	https://cdn.shopify.com/s/files/1/0943/0738/5730/files/Gnijezdo_za_bebe_Limun1.jpg?v=1764381090,https://cdn.shopify.com/s/files/1/0943/0738/5730/files/Gnijezdo_za_bebe_Limun2.jpg?v=1764381099,https://cdn.shopify.com/s/files/1/0943/0738/5730/files/Gnijezdo_za_bebe_Limun3.jpg?v=1764381113,https://cdn.shopify.com/s/files/1/0943/0738/5730/files/Gnijezdo_za_bebe_Limun4.jpg?v=1764381121,https://cdn.shopify.com/s/files/1/0943/0738/5730/files/Gnijezdo_za_bebe_Limun5.jpg?v=1764381130	in_stock	new	90.00 EUR		Babyly		no							
shopify_ZZ_15192322900354_56019073335682	15192322900354	Plišane dekice	Plišane dekice izvrsne su kao pokrivači za hladnije vrijeme. Dimenzije dekice su 90x130 cm, izrađene od sašivene plišane tkanine. Pružaju vašoj djeci mekoću i udobnost tijekom spavanja ili šetnji. Izuzetno su mekane i ugodne na dodir, stvarajući prekrasan osjećaj topline i ugode za vaše mališane.	https://babynatur.hr/products/plisane-dekice?variant=56019073335682	https://cdn.shopify.com/s/files/1/0943/0738/5730/files/DSC03609.jpg?v=1764363905	https://cdn.shopify.com/s/files/1/0943/0738/5730/files/Personalizirana_dekica_3.jpg?v=1775804231,https://cdn.shopify.com/s/files/1/0943/0738/5730/files/DSC03567_147c4a55-4c57-471f-a9f0-34184bbc81de.jpg?v=1775804119,https://cdn.shopify.com/s/files/1/0943/0738/5730/files/DSC03562.jpg?v=1775804119,https://cdn.shopify.com/s/files/1/0943/0738/5730/files/DSC03583_97ad5cec-51fe-4176-960f-3104e7221a89.jpg?v=1775804119,https://cdn.shopify.com/s/files/1/0943/0738/5730/files/DSC03613_7d7b2f88-396f-40ce-9ad9-5084606fdcc3.jpg?v=1775804119	out_of_stock	new	40.00 EUR		Baby Natur	BN-D-PD-Flecce-blanket	yes		Prekrivači					
shopify_ZZ_15192322670978_56121772999042	15192322670978	Kartice uspomena - Kartica Uspomena	Stvarajte prekrasne uspomene uz naše foto milestone kartice koje prate rast vaše bebe tijekom prve godine i bilježe sve važne trenutke poput prvog zubića, prvih koraka, prvog kupanja... Na svaku karticu upišite datum i ostavite svojim mališanima preslatke uspomene. Sve kartice pažljivo su dizajnirane kako bi bile prikladne i za dječake i za djevojčice! Neodoljivo su slatke i zabavne! Set sadrži 20 kartica — 12 kartica koje predstavljaju svaki od prvih 12 mjeseci te 8 kartica koje obilježavaju najupečatljivije prekretnice, poput dolaska kući, prve šetnje, prve dohrane i slično.	https://babynatur.hr/products/kartice-uspomena-2?variant=56121772999042	https://cdn.shopify.com/s/files/1/0943/0738/5730/files/Baby-Natur-Kartice-uspomena.jpg?v=1764363882	https://cdn.shopify.com/s/files/1/0943/0738/5730/files/Baby-Natur-Kartice-uspomena-proizvod.jpg?v=1764363887,https://cdn.shopify.com/s/files/1/0943/0738/5730/files/Kartice-uspomena-Baby-Natur-proizvod.jpg?v=1764363893,https://cdn.shopify.com/s/files/1/0943/0738/5730/files/Kartice-uspomena-Baby-Natur-proizvod-galerija.jpg?v=1764363899	in_stock	new	15.00 EUR		Baby Natur	BN-K-KU	yes		Memorijske kartice	Kartica Uspomena				
shopify_ZZ_15192322638210_56121772966274	15192322638210	Kontrastne kartice - Kontrastne kartice	Budući da je vid novorođenčeta isprva zamućen, kontrast između crne i bijele pomaže bebama da se fokusiraju na ono što im privlači pažnju. To je ključno za razvoj mozga. Pravilna vizualna stimulacija potiče množenje i povezivanje moždanih stanica. Isprva se vaša beba može fokusirati na kartice samo nekoliko minuta, no do kraja mjeseca to se vrijeme može znatno povećati. Set sadrži 10 kartica, svaka s različitim stupnjem složenosti. Počnite s jednostavnijim dizajnima i postupno prelazite na složenije.	https://babynatur.hr/products/kontrastne-kartice?variant=56121772966274	https://cdn.shopify.com/s/files/1/0943/0738/5730/files/Baby-Natur-Kontrastne-kartice-proizvod.jpg?v=1764363866	https://cdn.shopify.com/s/files/1/0943/0738/5730/files/Kontrastne-kartice-Baby-Natur.jpg?v=1764363872,https://cdn.shopify.com/s/files/1/0943/0738/5730/files/Baby-Natur-Kontrastne-kartice.jpg?v=1764363878	in_stock	new	15.00 EUR		Baby Natur	BN-K-KK	yes		Razvoj djeteta	Kontrastne kartice				
shopify_ZZ_15192321950082_56019071238530	15192321950082	Zaštitna ogradica pletenica za kinderbet PREMIUM BARŠUN - 140cm / Bijela	Pletenica za kinderbet PREMIUM BARŠUN - ogradica za kinderbet izrađena od baršunastog velura, s antibakterijskom i antialergijskom ispunom - stvara nježni zagrljaj sigurnosti oko vaše bebe, štiteći je od udaraca tijekom sna. Uronite u mekoću i sigurnost - naša pletenica-ogradica za kinderbet spoj je nježnosti ručne izrade, najveće kvalitete i zaštite koju vaša beba zaslužuje. Specifikacija proizvoda Sastav: 80 % pamučni baršun, 20 % PES s antialergijskim punjenjem Certifikat: OEKO-TEX® Standard 100 Visina: 20 cm Debljina: 8 cm Premium zaštitna ogradica pletenica osigurava mekoću, izdržljivost i dugotrajnost, dok OEKO-TEX® Standard 100 certifikat jamči da je proizvod siguran za osjetljivu dječju kožu i bez štetnih tvari.	https://babynatur.hr/products/zastitna-ogradica-pletenica-za-kinderbet-premium-barsun?variant=56019071238530	https://cdn.shopify.com/s/files/1/0943/0738/5730/files/bijela-pletenica-za-kinderbet-scaled-e1760780377529.jpg?v=1768339178	https://cdn.shopify.com/s/files/1/0943/0738/5730/files/Zastitne_ogradice_za_djecji_krevetic4.jpg?v=1776461819,https://cdn.shopify.com/s/files/1/0943/0738/5730/files/Zastitne_ogradice_za_djecji_krevetic.jpg?v=1776461819,https://cdn.shopify.com/s/files/1/0943/0738/5730/files/Zastitne_ogradice_za_djecji_krevetic1.jpg?v=1776461819,https://cdn.shopify.com/s/files/1/0943/0738/5730/files/Zastitne_ogradice_za_djecji_krevetic2.jpg?v=1776461819,https://cdn.shopify.com/s/files/1/0943/0738/5730/files/Zastitne_ogradice_za_djecji_krevetic3.jpg?v=1776461819,https://cdn.shopify.com/s/files/1/0943/0738/5730/files/Zastitne_ogradice_za_djecji_krevetic_KREM.webp?v=1768339178,https://cdn.shopify.com/s/files/1/0943/0738/5730/files/Zastitne_ogradice_za_djecji_kreveticROZA.webp?v=1776461819,https://cdn.shopify.com/s/files/1/0943/0738/5730/files/Dimenzije-prema-krevetu-1.png?v=1776579304,https://cdn.shopify.com/s/files/1/0943/0738/5730/files/Siva_pletenica_2.jpg?v=1776579221,https://cdn.shopify.com/s/files/1/0943/0738/5730/files/Plava_pletenica_1.jpg?v=1776579220	in_stock	new	55.00 EUR		Baby Natur	BN-PG-1-1	yes		Zaštitne ogradice za dječji krevetić	140cm			Bijela	
shopify_ZZ_15192321950082_56206763262338	15192321950082	Zaštitna ogradica pletenica za kinderbet PREMIUM BARŠUN - 140cm / Krem	Pletenica za kinderbet PREMIUM BARŠUN - ogradica za kinderbet izrađena od baršunastog velura, s antibakterijskom i antialergijskom ispunom - stvara nježni zagrljaj sigurnosti oko vaše bebe, štiteći je od udaraca tijekom sna. Uronite u mekoću i sigurnost - naša pletenica-ogradica za kinderbet spoj je nježnosti ručne izrade, najveće kvalitete i zaštite koju vaša beba zaslužuje. Specifikacija proizvoda Sastav: 80 % pamučni baršun, 20 % PES s antialergijskim punjenjem Certifikat: OEKO-TEX® Standard 100 Visina: 20 cm Debljina: 8 cm Premium zaštitna ogradica pletenica osigurava mekoću, izdržljivost i dugotrajnost, dok OEKO-TEX® Standard 100 certifikat jamči da je proizvod siguran za osjetljivu dječju kožu i bez štetnih tvari.	https://babynatur.hr/products/zastitna-ogradica-pletenica-za-kinderbet-premium-barsun?variant=56206763262338	https://cdn.shopify.com/s/files/1/0943/0738/5730/files/Zastitne_ogradice_za_djecji_krevetic_KREM.webp?v=1768339178	https://cdn.shopify.com/s/files/1/0943/0738/5730/files/Zastitne_ogradice_za_djecji_krevetic4.jpg?v=1776461819,https://cdn.shopify.com/s/files/1/0943/0738/5730/files/Zastitne_ogradice_za_djecji_krevetic.jpg?v=1776461819,https://cdn.shopify.com/s/files/1/0943/0738/5730/files/Zastitne_ogradice_za_djecji_krevetic1.jpg?v=1776461819,https://cdn.shopify.com/s/files/1/0943/0738/5730/files/Zastitne_ogradice_za_djecji_krevetic2.jpg?v=1776461819,https://cdn.shopify.com/s/files/1/0943/0738/5730/files/Zastitne_ogradice_za_djecji_krevetic3.jpg?v=1776461819,https://cdn.shopify.com/s/files/1/0943/0738/5730/files/bijela-pletenica-za-kinderbet-scaled-e1760780377529.jpg?v=1768339178,https://cdn.shopify.com/s/files/1/0943/0738/5730/files/Zastitne_ogradice_za_djecji_kreveticROZA.webp?v=1776461819,https://cdn.shopify.com/s/files/1/0943/0738/5730/files/Dimenzije-prema-krevetu-1.png?v=1776579304,https://cdn.shopify.com/s/files/1/0943/0738/5730/files/Siva_pletenica_2.jpg?v=1776579221,https://cdn.shopify.com/s/files/1/0943/0738/5730/files/Plava_pletenica_1.jpg?v=1776579220	in_stock	new	55.00 EUR		Baby Natur		no		Zaštitne ogradice za dječji krevetić	140cm			Krem	
shopify_ZZ_15192321950082_56206763295106	15192321950082	Zaštitna ogradica pletenica za kinderbet PREMIUM BARŠUN - 140cm / Roza	Pletenica za kinderbet PREMIUM BARŠUN - ogradica za kinderbet izrađena od baršunastog velura, s antibakterijskom i antialergijskom ispunom - stvara nježni zagrljaj sigurnosti oko vaše bebe, štiteći je od udaraca tijekom sna. Uronite u mekoću i sigurnost - naša pletenica-ogradica za kinderbet spoj je nježnosti ručne izrade, najveće kvalitete i zaštite koju vaša beba zaslužuje. Specifikacija proizvoda Sastav: 80 % pamučni baršun, 20 % PES s antialergijskim punjenjem Certifikat: OEKO-TEX® Standard 100 Visina: 20 cm Debljina: 8 cm Premium zaštitna ogradica pletenica osigurava mekoću, izdržljivost i dugotrajnost, dok OEKO-TEX® Standard 100 certifikat jamči da je proizvod siguran za osjetljivu dječju kožu i bez štetnih tvari.	https://babynatur.hr/products/zastitna-ogradica-pletenica-za-kinderbet-premium-barsun?variant=56206763295106	https://cdn.shopify.com/s/files/1/0943/0738/5730/files/Zastitne_ogradice_za_djecji_kreveticROZA.webp?v=1776461819	https://cdn.shopify.com/s/files/1/0943/0738/5730/files/Zastitne_ogradice_za_djecji_krevetic4.jpg?v=1776461819,https://cdn.shopify.com/s/files/1/0943/0738/5730/files/Zastitne_ogradice_za_djecji_krevetic.jpg?v=1776461819,https://cdn.shopify.com/s/files/1/0943/0738/5730/files/Zastitne_ogradice_za_djecji_krevetic1.jpg?v=1776461819,https://cdn.shopify.com/s/files/1/0943/0738/5730/files/Zastitne_ogradice_za_djecji_krevetic2.jpg?v=1776461819,https://cdn.shopify.com/s/files/1/0943/0738/5730/files/Zastitne_ogradice_za_djecji_krevetic3.jpg?v=1776461819,https://cdn.shopify.com/s/files/1/0943/0738/5730/files/Zastitne_ogradice_za_djecji_krevetic_KREM.webp?v=1768339178,https://cdn.shopify.com/s/files/1/0943/0738/5730/files/bijela-pletenica-za-kinderbet-scaled-e1760780377529.jpg?v=1768339178,https://cdn.shopify.com/s/files/1/0943/0738/5730/files/Dimenzije-prema-krevetu-1.png?v=1776579304,https://cdn.shopify.com/s/files/1/0943/0738/5730/files/Siva_pletenica_2.jpg?v=1776579221,https://cdn.shopify.com/s/files/1/0943/0738/5730/files/Plava_pletenica_1.jpg?v=1776579220	in_stock	new	55.00 EUR		Baby Natur		no		Zaštitne ogradice za dječji krevetić	140cm			Roza	
shopify_ZZ_15192321950082_56573227008386	15192321950082	Zaštitna ogradica pletenica za kinderbet PREMIUM BARŠUN - 140cm / Plava	Pletenica za kinderbet PREMIUM BARŠUN - ogradica za kinderbet izrađena od baršunastog velura, s antibakterijskom i antialergijskom ispunom - stvara nježni zagrljaj sigurnosti oko vaše bebe, štiteći je od udaraca tijekom sna. Uronite u mekoću i sigurnost - naša pletenica-ogradica za kinderbet spoj je nježnosti ručne izrade, najveće kvalitete i zaštite koju vaša beba zaslužuje. Specifikacija proizvoda Sastav: 80 % pamučni baršun, 20 % PES s antialergijskim punjenjem Certifikat: OEKO-TEX® Standard 100 Visina: 20 cm Debljina: 8 cm Premium zaštitna ogradica pletenica osigurava mekoću, izdržljivost i dugotrajnost, dok OEKO-TEX® Standard 100 certifikat jamči da je proizvod siguran za osjetljivu dječju kožu i bez štetnih tvari.	https://babynatur.hr/products/zastitna-ogradica-pletenica-za-kinderbet-premium-barsun?variant=56573227008386	https://cdn.shopify.com/s/files/1/0943/0738/5730/files/Plava_pletenica_1.jpg?v=1776579220	https://cdn.shopify.com/s/files/1/0943/0738/5730/files/Zastitne_ogradice_za_djecji_krevetic4.jpg?v=1776461819,https://cdn.shopify.com/s/files/1/0943/0738/5730/files/Zastitne_ogradice_za_djecji_krevetic.jpg?v=1776461819,https://cdn.shopify.com/s/files/1/0943/0738/5730/files/Zastitne_ogradice_za_djecji_krevetic1.jpg?v=1776461819,https://cdn.shopify.com/s/files/1/0943/0738/5730/files/Zastitne_ogradice_za_djecji_krevetic2.jpg?v=1776461819,https://cdn.shopify.com/s/files/1/0943/0738/5730/files/Zastitne_ogradice_za_djecji_krevetic3.jpg?v=1776461819,https://cdn.shopify.com/s/files/1/0943/0738/5730/files/Zastitne_ogradice_za_djecji_krevetic_KREM.webp?v=1768339178,https://cdn.shopify.com/s/files/1/0943/0738/5730/files/bijela-pletenica-za-kinderbet-scaled-e1760780377529.jpg?v=1768339178,https://cdn.shopify.com/s/files/1/0943/0738/5730/files/Zastitne_ogradice_za_djecji_kreveticROZA.webp?v=1776461819,https://cdn.shopify.com/s/files/1/0943/0738/5730/files/Dimenzije-prema-krevetu-1.png?v=1776579304,https://cdn.shopify.com/s/files/1/0943/0738/5730/files/Siva_pletenica_2.jpg?v=1776579221	in_stock	new	55.00 EUR		Baby Natur		no		Zaštitne ogradice za dječji krevetić	140cm			Plava	
shopify_ZZ_15192321950082_56573227041154	15192321950082	Zaštitna ogradica pletenica za kinderbet PREMIUM BARŠUN - 140cm / Siva	Pletenica za kinderbet PREMIUM BARŠUN - ogradica za kinderbet izrađena od baršunastog velura, s antibakterijskom i antialergijskom ispunom - stvara nježni zagrljaj sigurnosti oko vaše bebe, štiteći je od udaraca tijekom sna. Uronite u mekoću i sigurnost - naša pletenica-ogradica za kinderbet spoj je nježnosti ručne izrade, najveće kvalitete i zaštite koju vaša beba zaslužuje. Specifikacija proizvoda Sastav: 80 % pamučni baršun, 20 % PES s antialergijskim punjenjem Certifikat: OEKO-TEX® Standard 100 Visina: 20 cm Debljina: 8 cm Premium zaštitna ogradica pletenica osigurava mekoću, izdržljivost i dugotrajnost, dok OEKO-TEX® Standard 100 certifikat jamči da je proizvod siguran za osjetljivu dječju kožu i bez štetnih tvari.	https://babynatur.hr/products/zastitna-ogradica-pletenica-za-kinderbet-premium-barsun?variant=56573227041154	https://cdn.shopify.com/s/files/1/0943/0738/5730/files/Siva_pletenica_2.jpg?v=1776579221	https://cdn.shopify.com/s/files/1/0943/0738/5730/files/Zastitne_ogradice_za_djecji_krevetic4.jpg?v=1776461819,https://cdn.shopify.com/s/files/1/0943/0738/5730/files/Zastitne_ogradice_za_djecji_krevetic.jpg?v=1776461819,https://cdn.shopify.com/s/files/1/0943/0738/5730/files/Zastitne_ogradice_za_djecji_krevetic1.jpg?v=1776461819,https://cdn.shopify.com/s/files/1/0943/0738/5730/files/Zastitne_ogradice_za_djecji_krevetic2.jpg?v=1776461819,https://cdn.shopify.com/s/files/1/0943/0738/5730/files/Zastitne_ogradice_za_djecji_krevetic3.jpg?v=1776461819,https://cdn.shopify.com/s/files/1/0943/0738/5730/files/Zastitne_ogradice_za_djecji_krevetic_KREM.webp?v=1768339178,https://cdn.shopify.com/s/files/1/0943/0738/5730/files/bijela-pletenica-za-kinderbet-scaled-e1760780377529.jpg?v=1768339178,https://cdn.shopify.com/s/files/1/0943/0738/5730/files/Zastitne_ogradice_za_djecji_kreveticROZA.webp?v=1776461819,https://cdn.shopify.com/s/files/1/0943/0738/5730/files/Dimenzije-prema-krevetu-1.png?v=1776579304,https://cdn.shopify.com/s/files/1/0943/0738/5730/files/Plava_pletenica_1.jpg?v=1776579220	in_stock	new	55.00 EUR		Baby Natur		no		Zaštitne ogradice za dječji krevetić	140cm			Siva	
shopify_ZZ_15192321950082_56019071271298	15192321950082	Zaštitna ogradica pletenica za kinderbet PREMIUM BARŠUN - 180cm / Bijela	Pletenica za kinderbet PREMIUM BARŠUN - ogradica za kinderbet izrađena od baršunastog velura, s antibakterijskom i antialergijskom ispunom - stvara nježni zagrljaj sigurnosti oko vaše bebe, štiteći je od udaraca tijekom sna. Uronite u mekoću i sigurnost - naša pletenica-ogradica za kinderbet spoj je nježnosti ručne izrade, najveće kvalitete i zaštite koju vaša beba zaslužuje. Specifikacija proizvoda Sastav: 80 % pamučni baršun, 20 % PES s antialergijskim punjenjem Certifikat: OEKO-TEX® Standard 100 Visina: 20 cm Debljina: 8 cm Premium zaštitna ogradica pletenica osigurava mekoću, izdržljivost i dugotrajnost, dok OEKO-TEX® Standard 100 certifikat jamči da je proizvod siguran za osjetljivu dječju kožu i bez štetnih tvari.	https://babynatur.hr/products/zastitna-ogradica-pletenica-za-kinderbet-premium-barsun?variant=56019071271298	https://cdn.shopify.com/s/files/1/0943/0738/5730/files/bijela-pletenica-za-kinderbet-scaled-e1760780377529.jpg?v=1768339178	https://cdn.shopify.com/s/files/1/0943/0738/5730/files/Zastitne_ogradice_za_djecji_krevetic4.jpg?v=1776461819,https://cdn.shopify.com/s/files/1/0943/0738/5730/files/Zastitne_ogradice_za_djecji_krevetic.jpg?v=1776461819,https://cdn.shopify.com/s/files/1/0943/0738/5730/files/Zastitne_ogradice_za_djecji_krevetic1.jpg?v=1776461819,https://cdn.shopify.com/s/files/1/0943/0738/5730/files/Zastitne_ogradice_za_djecji_krevetic2.jpg?v=1776461819,https://cdn.shopify.com/s/files/1/0943/0738/5730/files/Zastitne_ogradice_za_djecji_krevetic3.jpg?v=1776461819,https://cdn.shopify.com/s/files/1/0943/0738/5730/files/Zastitne_ogradice_za_djecji_krevetic_KREM.webp?v=1768339178,https://cdn.shopify.com/s/files/1/0943/0738/5730/files/Zastitne_ogradice_za_djecji_kreveticROZA.webp?v=1776461819,https://cdn.shopify.com/s/files/1/0943/0738/5730/files/Dimenzije-prema-krevetu-1.png?v=1776579304,https://cdn.shopify.com/s/files/1/0943/0738/5730/files/Siva_pletenica_2.jpg?v=1776579221,https://cdn.shopify.com/s/files/1/0943/0738/5730/files/Plava_pletenica_1.jpg?v=1776579220	in_stock	new	65.00 EUR		Baby Natur	BN-PG-1-1	yes		Zaštitne ogradice za dječji krevetić	180cm			Bijela	
shopify_ZZ_15192321950082_56206763327874	15192321950082	Zaštitna ogradica pletenica za kinderbet PREMIUM BARŠUN - 180cm / Krem	Pletenica za kinderbet PREMIUM BARŠUN - ogradica za kinderbet izrađena od baršunastog velura, s antibakterijskom i antialergijskom ispunom - stvara nježni zagrljaj sigurnosti oko vaše bebe, štiteći je od udaraca tijekom sna. Uronite u mekoću i sigurnost - naša pletenica-ogradica za kinderbet spoj je nježnosti ručne izrade, najveće kvalitete i zaštite koju vaša beba zaslužuje. Specifikacija proizvoda Sastav: 80 % pamučni baršun, 20 % PES s antialergijskim punjenjem Certifikat: OEKO-TEX® Standard 100 Visina: 20 cm Debljina: 8 cm Premium zaštitna ogradica pletenica osigurava mekoću, izdržljivost i dugotrajnost, dok OEKO-TEX® Standard 100 certifikat jamči da je proizvod siguran za osjetljivu dječju kožu i bez štetnih tvari.	https://babynatur.hr/products/zastitna-ogradica-pletenica-za-kinderbet-premium-barsun?variant=56206763327874	https://cdn.shopify.com/s/files/1/0943/0738/5730/files/Zastitne_ogradice_za_djecji_krevetic_KREM.webp?v=1768339178	https://cdn.shopify.com/s/files/1/0943/0738/5730/files/Zastitne_ogradice_za_djecji_krevetic4.jpg?v=1776461819,https://cdn.shopify.com/s/files/1/0943/0738/5730/files/Zastitne_ogradice_za_djecji_krevetic.jpg?v=1776461819,https://cdn.shopify.com/s/files/1/0943/0738/5730/files/Zastitne_ogradice_za_djecji_krevetic1.jpg?v=1776461819,https://cdn.shopify.com/s/files/1/0943/0738/5730/files/Zastitne_ogradice_za_djecji_krevetic2.jpg?v=1776461819,https://cdn.shopify.com/s/files/1/0943/0738/5730/files/Zastitne_ogradice_za_djecji_krevetic3.jpg?v=1776461819,https://cdn.shopify.com/s/files/1/0943/0738/5730/files/bijela-pletenica-za-kinderbet-scaled-e1760780377529.jpg?v=1768339178,https://cdn.shopify.com/s/files/1/0943/0738/5730/files/Zastitne_ogradice_za_djecji_kreveticROZA.webp?v=1776461819,https://cdn.shopify.com/s/files/1/0943/0738/5730/files/Dimenzije-prema-krevetu-1.png?v=1776579304,https://cdn.shopify.com/s/files/1/0943/0738/5730/files/Siva_pletenica_2.jpg?v=1776579221,https://cdn.shopify.com/s/files/1/0943/0738/5730/files/Plava_pletenica_1.jpg?v=1776579220	in_stock	new	65.00 EUR		Baby Natur		no		Zaštitne ogradice za dječji krevetić	180cm			Krem	
shopify_ZZ_15192321950082_56206763360642	15192321950082	Zaštitna ogradica pletenica za kinderbet PREMIUM BARŠUN - 180cm / Roza	Pletenica za kinderbet PREMIUM BARŠUN - ogradica za kinderbet izrađena od baršunastog velura, s antibakterijskom i antialergijskom ispunom - stvara nježni zagrljaj sigurnosti oko vaše bebe, štiteći je od udaraca tijekom sna. Uronite u mekoću i sigurnost - naša pletenica-ogradica za kinderbet spoj je nježnosti ručne izrade, najveće kvalitete i zaštite koju vaša beba zaslužuje. Specifikacija proizvoda Sastav: 80 % pamučni baršun, 20 % PES s antialergijskim punjenjem Certifikat: OEKO-TEX® Standard 100 Visina: 20 cm Debljina: 8 cm Premium zaštitna ogradica pletenica osigurava mekoću, izdržljivost i dugotrajnost, dok OEKO-TEX® Standard 100 certifikat jamči da je proizvod siguran za osjetljivu dječju kožu i bez štetnih tvari.	https://babynatur.hr/products/zastitna-ogradica-pletenica-za-kinderbet-premium-barsun?variant=56206763360642	https://cdn.shopify.com/s/files/1/0943/0738/5730/files/Zastitne_ogradice_za_djecji_kreveticROZA.webp?v=1776461819	https://cdn.shopify.com/s/files/1/0943/0738/5730/files/Zastitne_ogradice_za_djecji_krevetic4.jpg?v=1776461819,https://cdn.shopify.com/s/files/1/0943/0738/5730/files/Zastitne_ogradice_za_djecji_krevetic.jpg?v=1776461819,https://cdn.shopify.com/s/files/1/0943/0738/5730/files/Zastitne_ogradice_za_djecji_krevetic1.jpg?v=1776461819,https://cdn.shopify.com/s/files/1/0943/0738/5730/files/Zastitne_ogradice_za_djecji_krevetic2.jpg?v=1776461819,https://cdn.shopify.com/s/files/1/0943/0738/5730/files/Zastitne_ogradice_za_djecji_krevetic3.jpg?v=1776461819,https://cdn.shopify.com/s/files/1/0943/0738/5730/files/Zastitne_ogradice_za_djecji_krevetic_KREM.webp?v=1768339178,https://cdn.shopify.com/s/files/1/0943/0738/5730/files/bijela-pletenica-za-kinderbet-scaled-e1760780377529.jpg?v=1768339178,https://cdn.shopify.com/s/files/1/0943/0738/5730/files/Dimenzije-prema-krevetu-1.png?v=1776579304,https://cdn.shopify.com/s/files/1/0943/0738/5730/files/Siva_pletenica_2.jpg?v=1776579221,https://cdn.shopify.com/s/files/1/0943/0738/5730/files/Plava_pletenica_1.jpg?v=1776579220	in_stock	new	65.00 EUR		Baby Natur		no		Zaštitne ogradice za dječji krevetić	180cm			Roza	
shopify_ZZ_15192321950082_56573227073922	15192321950082	Zaštitna ogradica pletenica za kinderbet PREMIUM BARŠUN - 180cm / Plava	Pletenica za kinderbet PREMIUM BARŠUN - ogradica za kinderbet izrađena od baršunastog velura, s antibakterijskom i antialergijskom ispunom - stvara nježni zagrljaj sigurnosti oko vaše bebe, štiteći je od udaraca tijekom sna. Uronite u mekoću i sigurnost - naša pletenica-ogradica za kinderbet spoj je nježnosti ručne izrade, najveće kvalitete i zaštite koju vaša beba zaslužuje. Specifikacija proizvoda Sastav: 80 % pamučni baršun, 20 % PES s antialergijskim punjenjem Certifikat: OEKO-TEX® Standard 100 Visina: 20 cm Debljina: 8 cm Premium zaštitna ogradica pletenica osigurava mekoću, izdržljivost i dugotrajnost, dok OEKO-TEX® Standard 100 certifikat jamči da je proizvod siguran za osjetljivu dječju kožu i bez štetnih tvari.	https://babynatur.hr/products/zastitna-ogradica-pletenica-za-kinderbet-premium-barsun?variant=56573227073922	https://cdn.shopify.com/s/files/1/0943/0738/5730/files/Plava_pletenica_1.jpg?v=1776579220	https://cdn.shopify.com/s/files/1/0943/0738/5730/files/Zastitne_ogradice_za_djecji_krevetic4.jpg?v=1776461819,https://cdn.shopify.com/s/files/1/0943/0738/5730/files/Zastitne_ogradice_za_djecji_krevetic.jpg?v=1776461819,https://cdn.shopify.com/s/files/1/0943/0738/5730/files/Zastitne_ogradice_za_djecji_krevetic1.jpg?v=1776461819,https://cdn.shopify.com/s/files/1/0943/0738/5730/files/Zastitne_ogradice_za_djecji_krevetic2.jpg?v=1776461819,https://cdn.shopify.com/s/files/1/0943/0738/5730/files/Zastitne_ogradice_za_djecji_krevetic3.jpg?v=1776461819,https://cdn.shopify.com/s/files/1/0943/0738/5730/files/Zastitne_ogradice_za_djecji_krevetic_KREM.webp?v=1768339178,https://cdn.shopify.com/s/files/1/0943/0738/5730/files/bijela-pletenica-za-kinderbet-scaled-e1760780377529.jpg?v=1768339178,https://cdn.shopify.com/s/files/1/0943/0738/5730/files/Zastitne_ogradice_za_djecji_kreveticROZA.webp?v=1776461819,https://cdn.shopify.com/s/files/1/0943/0738/5730/files/Dimenzije-prema-krevetu-1.png?v=1776579304,https://cdn.shopify.com/s/files/1/0943/0738/5730/files/Siva_pletenica_2.jpg?v=1776579221	in_stock	new	65.00 EUR		Baby Natur		no		Zaštitne ogradice za dječji krevetić	180cm			Plava	
shopify_ZZ_15192321950082_56573227106690	15192321950082	Zaštitna ogradica pletenica za kinderbet PREMIUM BARŠUN - 180cm / Siva	Pletenica za kinderbet PREMIUM BARŠUN - ogradica za kinderbet izrađena od baršunastog velura, s antibakterijskom i antialergijskom ispunom - stvara nježni zagrljaj sigurnosti oko vaše bebe, štiteći je od udaraca tijekom sna. Uronite u mekoću i sigurnost - naša pletenica-ogradica za kinderbet spoj je nježnosti ručne izrade, najveće kvalitete i zaštite koju vaša beba zaslužuje. Specifikacija proizvoda Sastav: 80 % pamučni baršun, 20 % PES s antialergijskim punjenjem Certifikat: OEKO-TEX® Standard 100 Visina: 20 cm Debljina: 8 cm Premium zaštitna ogradica pletenica osigurava mekoću, izdržljivost i dugotrajnost, dok OEKO-TEX® Standard 100 certifikat jamči da je proizvod siguran za osjetljivu dječju kožu i bez štetnih tvari.	https://babynatur.hr/products/zastitna-ogradica-pletenica-za-kinderbet-premium-barsun?variant=56573227106690	https://cdn.shopify.com/s/files/1/0943/0738/5730/files/Siva_pletenica_2.jpg?v=1776579221	https://cdn.shopify.com/s/files/1/0943/0738/5730/files/Zastitne_ogradice_za_djecji_krevetic4.jpg?v=1776461819,https://cdn.shopify.com/s/files/1/0943/0738/5730/files/Zastitne_ogradice_za_djecji_krevetic.jpg?v=1776461819,https://cdn.shopify.com/s/files/1/0943/0738/5730/files/Zastitne_ogradice_za_djecji_krevetic1.jpg?v=1776461819,https://cdn.shopify.com/s/files/1/0943/0738/5730/files/Zastitne_ogradice_za_djecji_krevetic2.jpg?v=1776461819,https://cdn.shopify.com/s/files/1/0943/0738/5730/files/Zastitne_ogradice_za_djecji_krevetic3.jpg?v=1776461819,https://cdn.shopify.com/s/files/1/0943/0738/5730/files/Zastitne_ogradice_za_djecji_krevetic_KREM.webp?v=1768339178,https://cdn.shopify.com/s/files/1/0943/0738/5730/files/bijela-pletenica-za-kinderbet-scaled-e1760780377529.jpg?v=1768339178,https://cdn.shopify.com/s/files/1/0943/0738/5730/files/Zastitne_ogradice_za_djecji_kreveticROZA.webp?v=1776461819,https://cdn.shopify.com/s/files/1/0943/0738/5730/files/Dimenzije-prema-krevetu-1.png?v=1776579304,https://cdn.shopify.com/s/files/1/0943/0738/5730/files/Plava_pletenica_1.jpg?v=1776579220	in_stock	new	65.00 EUR		Baby Natur		no		Zaštitne ogradice za dječji krevetić	180cm			Siva	
shopify_ZZ_15192321950082_56019071336834	15192321950082	Zaštitna ogradica pletenica za kinderbet PREMIUM BARŠUN - 200cm / Bijela	Pletenica za kinderbet PREMIUM BARŠUN - ogradica za kinderbet izrađena od baršunastog velura, s antibakterijskom i antialergijskom ispunom - stvara nježni zagrljaj sigurnosti oko vaše bebe, štiteći je od udaraca tijekom sna. Uronite u mekoću i sigurnost - naša pletenica-ogradica za kinderbet spoj je nježnosti ručne izrade, najveće kvalitete i zaštite koju vaša beba zaslužuje. Specifikacija proizvoda Sastav: 80 % pamučni baršun, 20 % PES s antialergijskim punjenjem Certifikat: OEKO-TEX® Standard 100 Visina: 20 cm Debljina: 8 cm Premium zaštitna ogradica pletenica osigurava mekoću, izdržljivost i dugotrajnost, dok OEKO-TEX® Standard 100 certifikat jamči da je proizvod siguran za osjetljivu dječju kožu i bez štetnih tvari.	https://babynatur.hr/products/zastitna-ogradica-pletenica-za-kinderbet-premium-barsun?variant=56019071336834	https://cdn.shopify.com/s/files/1/0943/0738/5730/files/bijela-pletenica-za-kinderbet-scaled-e1760780377529.jpg?v=1768339178	https://cdn.shopify.com/s/files/1/0943/0738/5730/files/Zastitne_ogradice_za_djecji_krevetic4.jpg?v=1776461819,https://cdn.shopify.com/s/files/1/0943/0738/5730/files/Zastitne_ogradice_za_djecji_krevetic.jpg?v=1776461819,https://cdn.shopify.com/s/files/1/0943/0738/5730/files/Zastitne_ogradice_za_djecji_krevetic1.jpg?v=1776461819,https://cdn.shopify.com/s/files/1/0943/0738/5730/files/Zastitne_ogradice_za_djecji_krevetic2.jpg?v=1776461819,https://cdn.shopify.com/s/files/1/0943/0738/5730/files/Zastitne_ogradice_za_djecji_krevetic3.jpg?v=1776461819,https://cdn.shopify.com/s/files/1/0943/0738/5730/files/Zastitne_ogradice_za_djecji_krevetic_KREM.webp?v=1768339178,https://cdn.shopify.com/s/files/1/0943/0738/5730/files/Zastitne_ogradice_za_djecji_kreveticROZA.webp?v=1776461819,https://cdn.shopify.com/s/files/1/0943/0738/5730/files/Dimenzije-prema-krevetu-1.png?v=1776579304,https://cdn.shopify.com/s/files/1/0943/0738/5730/files/Siva_pletenica_2.jpg?v=1776579221,https://cdn.shopify.com/s/files/1/0943/0738/5730/files/Plava_pletenica_1.jpg?v=1776579220	in_stock	new	75.00 EUR		Baby Natur	BN-PG-1-1	yes		Zaštitne ogradice za dječji krevetić	200cm			Bijela	
shopify_ZZ_15192321950082_56206763393410	15192321950082	Zaštitna ogradica pletenica za kinderbet PREMIUM BARŠUN - 200cm / Krem	Pletenica za kinderbet PREMIUM BARŠUN - ogradica za kinderbet izrađena od baršunastog velura, s antibakterijskom i antialergijskom ispunom - stvara nježni zagrljaj sigurnosti oko vaše bebe, štiteći je od udaraca tijekom sna. Uronite u mekoću i sigurnost - naša pletenica-ogradica za kinderbet spoj je nježnosti ručne izrade, najveće kvalitete i zaštite koju vaša beba zaslužuje. Specifikacija proizvoda Sastav: 80 % pamučni baršun, 20 % PES s antialergijskim punjenjem Certifikat: OEKO-TEX® Standard 100 Visina: 20 cm Debljina: 8 cm Premium zaštitna ogradica pletenica osigurava mekoću, izdržljivost i dugotrajnost, dok OEKO-TEX® Standard 100 certifikat jamči da je proizvod siguran za osjetljivu dječju kožu i bez štetnih tvari.	https://babynatur.hr/products/zastitna-ogradica-pletenica-za-kinderbet-premium-barsun?variant=56206763393410	https://cdn.shopify.com/s/files/1/0943/0738/5730/files/Zastitne_ogradice_za_djecji_krevetic_KREM.webp?v=1768339178	https://cdn.shopify.com/s/files/1/0943/0738/5730/files/Zastitne_ogradice_za_djecji_krevetic4.jpg?v=1776461819,https://cdn.shopify.com/s/files/1/0943/0738/5730/files/Zastitne_ogradice_za_djecji_krevetic.jpg?v=1776461819,https://cdn.shopify.com/s/files/1/0943/0738/5730/files/Zastitne_ogradice_za_djecji_krevetic1.jpg?v=1776461819,https://cdn.shopify.com/s/files/1/0943/0738/5730/files/Zastitne_ogradice_za_djecji_krevetic2.jpg?v=1776461819,https://cdn.shopify.com/s/files/1/0943/0738/5730/files/Zastitne_ogradice_za_djecji_krevetic3.jpg?v=1776461819,https://cdn.shopify.com/s/files/1/0943/0738/5730/files/bijela-pletenica-za-kinderbet-scaled-e1760780377529.jpg?v=1768339178,https://cdn.shopify.com/s/files/1/0943/0738/5730/files/Zastitne_ogradice_za_djecji_kreveticROZA.webp?v=1776461819,https://cdn.shopify.com/s/files/1/0943/0738/5730/files/Dimenzije-prema-krevetu-1.png?v=1776579304,https://cdn.shopify.com/s/files/1/0943/0738/5730/files/Siva_pletenica_2.jpg?v=1776579221,https://cdn.shopify.com/s/files/1/0943/0738/5730/files/Plava_pletenica_1.jpg?v=1776579220	in_stock	new	75.00 EUR		Baby Natur		no		Zaštitne ogradice za dječji krevetić	200cm			Krem	
shopify_ZZ_15192321950082_56206763426178	15192321950082	Zaštitna ogradica pletenica za kinderbet PREMIUM BARŠUN - 200cm / Roza	Pletenica za kinderbet PREMIUM BARŠUN - ogradica za kinderbet izrađena od baršunastog velura, s antibakterijskom i antialergijskom ispunom - stvara nježni zagrljaj sigurnosti oko vaše bebe, štiteći je od udaraca tijekom sna. Uronite u mekoću i sigurnost - naša pletenica-ogradica za kinderbet spoj je nježnosti ručne izrade, najveće kvalitete i zaštite koju vaša beba zaslužuje. Specifikacija proizvoda Sastav: 80 % pamučni baršun, 20 % PES s antialergijskim punjenjem Certifikat: OEKO-TEX® Standard 100 Visina: 20 cm Debljina: 8 cm Premium zaštitna ogradica pletenica osigurava mekoću, izdržljivost i dugotrajnost, dok OEKO-TEX® Standard 100 certifikat jamči da je proizvod siguran za osjetljivu dječju kožu i bez štetnih tvari.	https://babynatur.hr/products/zastitna-ogradica-pletenica-za-kinderbet-premium-barsun?variant=56206763426178	https://cdn.shopify.com/s/files/1/0943/0738/5730/files/Zastitne_ogradice_za_djecji_kreveticROZA.webp?v=1776461819	https://cdn.shopify.com/s/files/1/0943/0738/5730/files/Zastitne_ogradice_za_djecji_krevetic4.jpg?v=1776461819,https://cdn.shopify.com/s/files/1/0943/0738/5730/files/Zastitne_ogradice_za_djecji_krevetic.jpg?v=1776461819,https://cdn.shopify.com/s/files/1/0943/0738/5730/files/Zastitne_ogradice_za_djecji_krevetic1.jpg?v=1776461819,https://cdn.shopify.com/s/files/1/0943/0738/5730/files/Zastitne_ogradice_za_djecji_krevetic2.jpg?v=1776461819,https://cdn.shopify.com/s/files/1/0943/0738/5730/files/Zastitne_ogradice_za_djecji_krevetic3.jpg?v=1776461819,https://cdn.shopify.com/s/files/1/0943/0738/5730/files/Zastitne_ogradice_za_djecji_krevetic_KREM.webp?v=1768339178,https://cdn.shopify.com/s/files/1/0943/0738/5730/files/bijela-pletenica-za-kinderbet-scaled-e1760780377529.jpg?v=1768339178,https://cdn.shopify.com/s/files/1/0943/0738/5730/files/Dimenzije-prema-krevetu-1.png?v=1776579304,https://cdn.shopify.com/s/files/1/0943/0738/5730/files/Siva_pletenica_2.jpg?v=1776579221,https://cdn.shopify.com/s/files/1/0943/0738/5730/files/Plava_pletenica_1.jpg?v=1776579220	in_stock	new	75.00 EUR		Baby Natur		no		Zaštitne ogradice za dječji krevetić	200cm			Roza	
shopify_ZZ_15192321950082_56573227139458	15192321950082	Zaštitna ogradica pletenica za kinderbet PREMIUM BARŠUN - 200cm / Plava	Pletenica za kinderbet PREMIUM BARŠUN - ogradica za kinderbet izrađena od baršunastog velura, s antibakterijskom i antialergijskom ispunom - stvara nježni zagrljaj sigurnosti oko vaše bebe, štiteći je od udaraca tijekom sna. Uronite u mekoću i sigurnost - naša pletenica-ogradica za kinderbet spoj je nježnosti ručne izrade, najveće kvalitete i zaštite koju vaša beba zaslužuje. Specifikacija proizvoda Sastav: 80 % pamučni baršun, 20 % PES s antialergijskim punjenjem Certifikat: OEKO-TEX® Standard 100 Visina: 20 cm Debljina: 8 cm Premium zaštitna ogradica pletenica osigurava mekoću, izdržljivost i dugotrajnost, dok OEKO-TEX® Standard 100 certifikat jamči da je proizvod siguran za osjetljivu dječju kožu i bez štetnih tvari.	https://babynatur.hr/products/zastitna-ogradica-pletenica-za-kinderbet-premium-barsun?variant=56573227139458	https://cdn.shopify.com/s/files/1/0943/0738/5730/files/Plava_pletenica_1.jpg?v=1776579220	https://cdn.shopify.com/s/files/1/0943/0738/5730/files/Zastitne_ogradice_za_djecji_krevetic4.jpg?v=1776461819,https://cdn.shopify.com/s/files/1/0943/0738/5730/files/Zastitne_ogradice_za_djecji_krevetic.jpg?v=1776461819,https://cdn.shopify.com/s/files/1/0943/0738/5730/files/Zastitne_ogradice_za_djecji_krevetic1.jpg?v=1776461819,https://cdn.shopify.com/s/files/1/0943/0738/5730/files/Zastitne_ogradice_za_djecji_krevetic2.jpg?v=1776461819,https://cdn.shopify.com/s/files/1/0943/0738/5730/files/Zastitne_ogradice_za_djecji_krevetic3.jpg?v=1776461819,https://cdn.shopify.com/s/files/1/0943/0738/5730/files/Zastitne_ogradice_za_djecji_krevetic_KREM.webp?v=1768339178,https://cdn.shopify.com/s/files/1/0943/0738/5730/files/bijela-pletenica-za-kinderbet-scaled-e1760780377529.jpg?v=1768339178,https://cdn.shopify.com/s/files/1/0943/0738/5730/files/Zastitne_ogradice_za_djecji_kreveticROZA.webp?v=1776461819,https://cdn.shopify.com/s/files/1/0943/0738/5730/files/Dimenzije-prema-krevetu-1.png?v=1776579304,https://cdn.shopify.com/s/files/1/0943/0738/5730/files/Siva_pletenica_2.jpg?v=1776579221	in_stock	new	75.00 EUR		Baby Natur		no		Zaštitne ogradice za dječji krevetić	200cm			Plava	
shopify_ZZ_15192321950082_56573227172226	15192321950082	Zaštitna ogradica pletenica za kinderbet PREMIUM BARŠUN - 200cm / Siva	Pletenica za kinderbet PREMIUM BARŠUN - ogradica za kinderbet izrađena od baršunastog velura, s antibakterijskom i antialergijskom ispunom - stvara nježni zagrljaj sigurnosti oko vaše bebe, štiteći je od udaraca tijekom sna. Uronite u mekoću i sigurnost - naša pletenica-ogradica za kinderbet spoj je nježnosti ručne izrade, najveće kvalitete i zaštite koju vaša beba zaslužuje. Specifikacija proizvoda Sastav: 80 % pamučni baršun, 20 % PES s antialergijskim punjenjem Certifikat: OEKO-TEX® Standard 100 Visina: 20 cm Debljina: 8 cm Premium zaštitna ogradica pletenica osigurava mekoću, izdržljivost i dugotrajnost, dok OEKO-TEX® Standard 100 certifikat jamči da je proizvod siguran za osjetljivu dječju kožu i bez štetnih tvari.	https://babynatur.hr/products/zastitna-ogradica-pletenica-za-kinderbet-premium-barsun?variant=56573227172226	https://cdn.shopify.com/s/files/1/0943/0738/5730/files/Siva_pletenica_2.jpg?v=1776579221	https://cdn.shopify.com/s/files/1/0943/0738/5730/files/Zastitne_ogradice_za_djecji_krevetic4.jpg?v=1776461819,https://cdn.shopify.com/s/files/1/0943/0738/5730/files/Zastitne_ogradice_za_djecji_krevetic.jpg?v=1776461819,https://cdn.shopify.com/s/files/1/0943/0738/5730/files/Zastitne_ogradice_za_djecji_krevetic1.jpg?v=1776461819,https://cdn.shopify.com/s/files/1/0943/0738/5730/files/Zastitne_ogradice_za_djecji_krevetic2.jpg?v=1776461819,https://cdn.shopify.com/s/files/1/0943/0738/5730/files/Zastitne_ogradice_za_djecji_krevetic3.jpg?v=1776461819,https://cdn.shopify.com/s/files/1/0943/0738/5730/files/Zastitne_ogradice_za_djecji_krevetic_KREM.webp?v=1768339178,https://cdn.shopify.com/s/files/1/0943/0738/5730/files/bijela-pletenica-za-kinderbet-scaled-e1760780377529.jpg?v=1768339178,https://cdn.shopify.com/s/files/1/0943/0738/5730/files/Zastitne_ogradice_za_djecji_kreveticROZA.webp?v=1776461819,https://cdn.shopify.com/s/files/1/0943/0738/5730/files/Dimenzije-prema-krevetu-1.png?v=1776579304,https://cdn.shopify.com/s/files/1/0943/0738/5730/files/Plava_pletenica_1.jpg?v=1776579220	in_stock	new	75.00 EUR		Baby Natur		no		Zaštitne ogradice za dječji krevetić	200cm			Siva	
shopify_ZZ_15192321950082_56019071369602	15192321950082	Zaštitna ogradica pletenica za kinderbet PREMIUM BARŠUN - 240cm / Bijela	Pletenica za kinderbet PREMIUM BARŠUN - ogradica za kinderbet izrađena od baršunastog velura, s antibakterijskom i antialergijskom ispunom - stvara nježni zagrljaj sigurnosti oko vaše bebe, štiteći je od udaraca tijekom sna. Uronite u mekoću i sigurnost - naša pletenica-ogradica za kinderbet spoj je nježnosti ručne izrade, najveće kvalitete i zaštite koju vaša beba zaslužuje. Specifikacija proizvoda Sastav: 80 % pamučni baršun, 20 % PES s antialergijskim punjenjem Certifikat: OEKO-TEX® Standard 100 Visina: 20 cm Debljina: 8 cm Premium zaštitna ogradica pletenica osigurava mekoću, izdržljivost i dugotrajnost, dok OEKO-TEX® Standard 100 certifikat jamči da je proizvod siguran za osjetljivu dječju kožu i bez štetnih tvari.	https://babynatur.hr/products/zastitna-ogradica-pletenica-za-kinderbet-premium-barsun?variant=56019071369602	https://cdn.shopify.com/s/files/1/0943/0738/5730/files/bijela-pletenica-za-kinderbet-scaled-e1760780377529.jpg?v=1768339178	https://cdn.shopify.com/s/files/1/0943/0738/5730/files/Zastitne_ogradice_za_djecji_krevetic4.jpg?v=1776461819,https://cdn.shopify.com/s/files/1/0943/0738/5730/files/Zastitne_ogradice_za_djecji_krevetic.jpg?v=1776461819,https://cdn.shopify.com/s/files/1/0943/0738/5730/files/Zastitne_ogradice_za_djecji_krevetic1.jpg?v=1776461819,https://cdn.shopify.com/s/files/1/0943/0738/5730/files/Zastitne_ogradice_za_djecji_krevetic2.jpg?v=1776461819,https://cdn.shopify.com/s/files/1/0943/0738/5730/files/Zastitne_ogradice_za_djecji_krevetic3.jpg?v=1776461819,https://cdn.shopify.com/s/files/1/0943/0738/5730/files/Zastitne_ogradice_za_djecji_krevetic_KREM.webp?v=1768339178,https://cdn.shopify.com/s/files/1/0943/0738/5730/files/Zastitne_ogradice_za_djecji_kreveticROZA.webp?v=1776461819,https://cdn.shopify.com/s/files/1/0943/0738/5730/files/Dimenzije-prema-krevetu-1.png?v=1776579304,https://cdn.shopify.com/s/files/1/0943/0738/5730/files/Siva_pletenica_2.jpg?v=1776579221,https://cdn.shopify.com/s/files/1/0943/0738/5730/files/Plava_pletenica_1.jpg?v=1776579220	in_stock	new	85.00 EUR		Baby Natur	BN-PG-1-1	yes		Zaštitne ogradice za dječji krevetić	240cm			Bijela	
shopify_ZZ_15192321950082_56206763458946	15192321950082	Zaštitna ogradica pletenica za kinderbet PREMIUM BARŠUN - 240cm / Krem	Pletenica za kinderbet PREMIUM BARŠUN - ogradica za kinderbet izrađena od baršunastog velura, s antibakterijskom i antialergijskom ispunom - stvara nježni zagrljaj sigurnosti oko vaše bebe, štiteći je od udaraca tijekom sna. Uronite u mekoću i sigurnost - naša pletenica-ogradica za kinderbet spoj je nježnosti ručne izrade, najveće kvalitete i zaštite koju vaša beba zaslužuje. Specifikacija proizvoda Sastav: 80 % pamučni baršun, 20 % PES s antialergijskim punjenjem Certifikat: OEKO-TEX® Standard 100 Visina: 20 cm Debljina: 8 cm Premium zaštitna ogradica pletenica osigurava mekoću, izdržljivost i dugotrajnost, dok OEKO-TEX® Standard 100 certifikat jamči da je proizvod siguran za osjetljivu dječju kožu i bez štetnih tvari.	https://babynatur.hr/products/zastitna-ogradica-pletenica-za-kinderbet-premium-barsun?variant=56206763458946	https://cdn.shopify.com/s/files/1/0943/0738/5730/files/Zastitne_ogradice_za_djecji_krevetic_KREM.webp?v=1768339178	https://cdn.shopify.com/s/files/1/0943/0738/5730/files/Zastitne_ogradice_za_djecji_krevetic4.jpg?v=1776461819,https://cdn.shopify.com/s/files/1/0943/0738/5730/files/Zastitne_ogradice_za_djecji_krevetic.jpg?v=1776461819,https://cdn.shopify.com/s/files/1/0943/0738/5730/files/Zastitne_ogradice_za_djecji_krevetic1.jpg?v=1776461819,https://cdn.shopify.com/s/files/1/0943/0738/5730/files/Zastitne_ogradice_za_djecji_krevetic2.jpg?v=1776461819,https://cdn.shopify.com/s/files/1/0943/0738/5730/files/Zastitne_ogradice_za_djecji_krevetic3.jpg?v=1776461819,https://cdn.shopify.com/s/files/1/0943/0738/5730/files/bijela-pletenica-za-kinderbet-scaled-e1760780377529.jpg?v=1768339178,https://cdn.shopify.com/s/files/1/0943/0738/5730/files/Zastitne_ogradice_za_djecji_kreveticROZA.webp?v=1776461819,https://cdn.shopify.com/s/files/1/0943/0738/5730/files/Dimenzije-prema-krevetu-1.png?v=1776579304,https://cdn.shopify.com/s/files/1/0943/0738/5730/files/Siva_pletenica_2.jpg?v=1776579221,https://cdn.shopify.com/s/files/1/0943/0738/5730/files/Plava_pletenica_1.jpg?v=1776579220	in_stock	new	85.00 EUR		Baby Natur		no		Zaštitne ogradice za dječji krevetić	240cm			Krem	
shopify_ZZ_15192321950082_56206763491714	15192321950082	Zaštitna ogradica pletenica za kinderbet PREMIUM BARŠUN - 240cm / Roza	Pletenica za kinderbet PREMIUM BARŠUN - ogradica za kinderbet izrađena od baršunastog velura, s antibakterijskom i antialergijskom ispunom - stvara nježni zagrljaj sigurnosti oko vaše bebe, štiteći je od udaraca tijekom sna. Uronite u mekoću i sigurnost - naša pletenica-ogradica za kinderbet spoj je nježnosti ručne izrade, najveće kvalitete i zaštite koju vaša beba zaslužuje. Specifikacija proizvoda Sastav: 80 % pamučni baršun, 20 % PES s antialergijskim punjenjem Certifikat: OEKO-TEX® Standard 100 Visina: 20 cm Debljina: 8 cm Premium zaštitna ogradica pletenica osigurava mekoću, izdržljivost i dugotrajnost, dok OEKO-TEX® Standard 100 certifikat jamči da je proizvod siguran za osjetljivu dječju kožu i bez štetnih tvari.	https://babynatur.hr/products/zastitna-ogradica-pletenica-za-kinderbet-premium-barsun?variant=56206763491714	https://cdn.shopify.com/s/files/1/0943/0738/5730/files/Zastitne_ogradice_za_djecji_kreveticROZA.webp?v=1776461819	https://cdn.shopify.com/s/files/1/0943/0738/5730/files/Zastitne_ogradice_za_djecji_krevetic4.jpg?v=1776461819,https://cdn.shopify.com/s/files/1/0943/0738/5730/files/Zastitne_ogradice_za_djecji_krevetic.jpg?v=1776461819,https://cdn.shopify.com/s/files/1/0943/0738/5730/files/Zastitne_ogradice_za_djecji_krevetic1.jpg?v=1776461819,https://cdn.shopify.com/s/files/1/0943/0738/5730/files/Zastitne_ogradice_za_djecji_krevetic2.jpg?v=1776461819,https://cdn.shopify.com/s/files/1/0943/0738/5730/files/Zastitne_ogradice_za_djecji_krevetic3.jpg?v=1776461819,https://cdn.shopify.com/s/files/1/0943/0738/5730/files/Zastitne_ogradice_za_djecji_krevetic_KREM.webp?v=1768339178,https://cdn.shopify.com/s/files/1/0943/0738/5730/files/bijela-pletenica-za-kinderbet-scaled-e1760780377529.jpg?v=1768339178,https://cdn.shopify.com/s/files/1/0943/0738/5730/files/Dimenzije-prema-krevetu-1.png?v=1776579304,https://cdn.shopify.com/s/files/1/0943/0738/5730/files/Siva_pletenica_2.jpg?v=1776579221,https://cdn.shopify.com/s/files/1/0943/0738/5730/files/Plava_pletenica_1.jpg?v=1776579220	in_stock	new	85.00 EUR		Baby Natur		no		Zaštitne ogradice za dječji krevetić	240cm			Roza	
shopify_ZZ_15192321950082_56573227204994	15192321950082	Zaštitna ogradica pletenica za kinderbet PREMIUM BARŠUN - 240cm / Plava	Pletenica za kinderbet PREMIUM BARŠUN - ogradica za kinderbet izrađena od baršunastog velura, s antibakterijskom i antialergijskom ispunom - stvara nježni zagrljaj sigurnosti oko vaše bebe, štiteći je od udaraca tijekom sna. Uronite u mekoću i sigurnost - naša pletenica-ogradica za kinderbet spoj je nježnosti ručne izrade, najveće kvalitete i zaštite koju vaša beba zaslužuje. Specifikacija proizvoda Sastav: 80 % pamučni baršun, 20 % PES s antialergijskim punjenjem Certifikat: OEKO-TEX® Standard 100 Visina: 20 cm Debljina: 8 cm Premium zaštitna ogradica pletenica osigurava mekoću, izdržljivost i dugotrajnost, dok OEKO-TEX® Standard 100 certifikat jamči da je proizvod siguran za osjetljivu dječju kožu i bez štetnih tvari.	https://babynatur.hr/products/zastitna-ogradica-pletenica-za-kinderbet-premium-barsun?variant=56573227204994	https://cdn.shopify.com/s/files/1/0943/0738/5730/files/Plava_pletenica_1.jpg?v=1776579220	https://cdn.shopify.com/s/files/1/0943/0738/5730/files/Zastitne_ogradice_za_djecji_krevetic4.jpg?v=1776461819,https://cdn.shopify.com/s/files/1/0943/0738/5730/files/Zastitne_ogradice_za_djecji_krevetic.jpg?v=1776461819,https://cdn.shopify.com/s/files/1/0943/0738/5730/files/Zastitne_ogradice_za_djecji_krevetic1.jpg?v=1776461819,https://cdn.shopify.com/s/files/1/0943/0738/5730/files/Zastitne_ogradice_za_djecji_krevetic2.jpg?v=1776461819,https://cdn.shopify.com/s/files/1/0943/0738/5730/files/Zastitne_ogradice_za_djecji_krevetic3.jpg?v=1776461819,https://cdn.shopify.com/s/files/1/0943/0738/5730/files/Zastitne_ogradice_za_djecji_krevetic_KREM.webp?v=1768339178,https://cdn.shopify.com/s/files/1/0943/0738/5730/files/bijela-pletenica-za-kinderbet-scaled-e1760780377529.jpg?v=1768339178,https://cdn.shopify.com/s/files/1/0943/0738/5730/files/Zastitne_ogradice_za_djecji_kreveticROZA.webp?v=1776461819,https://cdn.shopify.com/s/files/1/0943/0738/5730/files/Dimenzije-prema-krevetu-1.png?v=1776579304,https://cdn.shopify.com/s/files/1/0943/0738/5730/files/Siva_pletenica_2.jpg?v=1776579221	in_stock	new	85.00 EUR		Baby Natur		no		Zaštitne ogradice za dječji krevetić	240cm			Plava	
shopify_ZZ_15192321950082_56573227237762	15192321950082	Zaštitna ogradica pletenica za kinderbet PREMIUM BARŠUN - 240cm / Siva	Pletenica za kinderbet PREMIUM BARŠUN - ogradica za kinderbet izrađena od baršunastog velura, s antibakterijskom i antialergijskom ispunom - stvara nježni zagrljaj sigurnosti oko vaše bebe, štiteći je od udaraca tijekom sna. Uronite u mekoću i sigurnost - naša pletenica-ogradica za kinderbet spoj je nježnosti ručne izrade, najveće kvalitete i zaštite koju vaša beba zaslužuje. Specifikacija proizvoda Sastav: 80 % pamučni baršun, 20 % PES s antialergijskim punjenjem Certifikat: OEKO-TEX® Standard 100 Visina: 20 cm Debljina: 8 cm Premium zaštitna ogradica pletenica osigurava mekoću, izdržljivost i dugotrajnost, dok OEKO-TEX® Standard 100 certifikat jamči da je proizvod siguran za osjetljivu dječju kožu i bez štetnih tvari.	https://babynatur.hr/products/zastitna-ogradica-pletenica-za-kinderbet-premium-barsun?variant=56573227237762	https://cdn.shopify.com/s/files/1/0943/0738/5730/files/Siva_pletenica_2.jpg?v=1776579221	https://cdn.shopify.com/s/files/1/0943/0738/5730/files/Zastitne_ogradice_za_djecji_krevetic4.jpg?v=1776461819,https://cdn.shopify.com/s/files/1/0943/0738/5730/files/Zastitne_ogradice_za_djecji_krevetic.jpg?v=1776461819,https://cdn.shopify.com/s/files/1/0943/0738/5730/files/Zastitne_ogradice_za_djecji_krevetic1.jpg?v=1776461819,https://cdn.shopify.com/s/files/1/0943/0738/5730/files/Zastitne_ogradice_za_djecji_krevetic2.jpg?v=1776461819,https://cdn.shopify.com/s/files/1/0943/0738/5730/files/Zastitne_ogradice_za_djecji_krevetic3.jpg?v=1776461819,https://cdn.shopify.com/s/files/1/0943/0738/5730/files/Zastitne_ogradice_za_djecji_krevetic_KREM.webp?v=1768339178,https://cdn.shopify.com/s/files/1/0943/0738/5730/files/bijela-pletenica-za-kinderbet-scaled-e1760780377529.jpg?v=1768339178,https://cdn.shopify.com/s/files/1/0943/0738/5730/files/Zastitne_ogradice_za_djecji_kreveticROZA.webp?v=1776461819,https://cdn.shopify.com/s/files/1/0943/0738/5730/files/Dimenzije-prema-krevetu-1.png?v=1776579304,https://cdn.shopify.com/s/files/1/0943/0738/5730/files/Plava_pletenica_1.jpg?v=1776579220	in_stock	new	85.00 EUR		Baby Natur		no		Zaštitne ogradice za dječji krevetić	240cm			Siva	
shopify_ZZ_15192321950082_56019071304066	15192321950082	Zaštitna ogradica pletenica za kinderbet PREMIUM BARŠUN - 300cm / Bijela	Pletenica za kinderbet PREMIUM BARŠUN - ogradica za kinderbet izrađena od baršunastog velura, s antibakterijskom i antialergijskom ispunom - stvara nježni zagrljaj sigurnosti oko vaše bebe, štiteći je od udaraca tijekom sna. Uronite u mekoću i sigurnost - naša pletenica-ogradica za kinderbet spoj je nježnosti ručne izrade, najveće kvalitete i zaštite koju vaša beba zaslužuje. Specifikacija proizvoda Sastav: 80 % pamučni baršun, 20 % PES s antialergijskim punjenjem Certifikat: OEKO-TEX® Standard 100 Visina: 20 cm Debljina: 8 cm Premium zaštitna ogradica pletenica osigurava mekoću, izdržljivost i dugotrajnost, dok OEKO-TEX® Standard 100 certifikat jamči da je proizvod siguran za osjetljivu dječju kožu i bez štetnih tvari.	https://babynatur.hr/products/zastitna-ogradica-pletenica-za-kinderbet-premium-barsun?variant=56019071304066	https://cdn.shopify.com/s/files/1/0943/0738/5730/files/bijela-pletenica-za-kinderbet-scaled-e1760780377529.jpg?v=1768339178	https://cdn.shopify.com/s/files/1/0943/0738/5730/files/Zastitne_ogradice_za_djecji_krevetic4.jpg?v=1776461819,https://cdn.shopify.com/s/files/1/0943/0738/5730/files/Zastitne_ogradice_za_djecji_krevetic.jpg?v=1776461819,https://cdn.shopify.com/s/files/1/0943/0738/5730/files/Zastitne_ogradice_za_djecji_krevetic1.jpg?v=1776461819,https://cdn.shopify.com/s/files/1/0943/0738/5730/files/Zastitne_ogradice_za_djecji_krevetic2.jpg?v=1776461819,https://cdn.shopify.com/s/files/1/0943/0738/5730/files/Zastitne_ogradice_za_djecji_krevetic3.jpg?v=1776461819,https://cdn.shopify.com/s/files/1/0943/0738/5730/files/Zastitne_ogradice_za_djecji_krevetic_KREM.webp?v=1768339178,https://cdn.shopify.com/s/files/1/0943/0738/5730/files/Zastitne_ogradice_za_djecji_kreveticROZA.webp?v=1776461819,https://cdn.shopify.com/s/files/1/0943/0738/5730/files/Dimenzije-prema-krevetu-1.png?v=1776579304,https://cdn.shopify.com/s/files/1/0943/0738/5730/files/Siva_pletenica_2.jpg?v=1776579221,https://cdn.shopify.com/s/files/1/0943/0738/5730/files/Plava_pletenica_1.jpg?v=1776579220	in_stock	new	100.00 EUR		Baby Natur	BN-PG-1-1	yes		Zaštitne ogradice za dječji krevetić	300cm			Bijela	
shopify_ZZ_15192321950082_56206763524482	15192321950082	Zaštitna ogradica pletenica za kinderbet PREMIUM BARŠUN - 300cm / Krem	Pletenica za kinderbet PREMIUM BARŠUN - ogradica za kinderbet izrađena od baršunastog velura, s antibakterijskom i antialergijskom ispunom - stvara nježni zagrljaj sigurnosti oko vaše bebe, štiteći je od udaraca tijekom sna. Uronite u mekoću i sigurnost - naša pletenica-ogradica za kinderbet spoj je nježnosti ručne izrade, najveće kvalitete i zaštite koju vaša beba zaslužuje. Specifikacija proizvoda Sastav: 80 % pamučni baršun, 20 % PES s antialergijskim punjenjem Certifikat: OEKO-TEX® Standard 100 Visina: 20 cm Debljina: 8 cm Premium zaštitna ogradica pletenica osigurava mekoću, izdržljivost i dugotrajnost, dok OEKO-TEX® Standard 100 certifikat jamči da je proizvod siguran za osjetljivu dječju kožu i bez štetnih tvari.	https://babynatur.hr/products/zastitna-ogradica-pletenica-za-kinderbet-premium-barsun?variant=56206763524482	https://cdn.shopify.com/s/files/1/0943/0738/5730/files/Zastitne_ogradice_za_djecji_krevetic_KREM.webp?v=1768339178	https://cdn.shopify.com/s/files/1/0943/0738/5730/files/Zastitne_ogradice_za_djecji_krevetic4.jpg?v=1776461819,https://cdn.shopify.com/s/files/1/0943/0738/5730/files/Zastitne_ogradice_za_djecji_krevetic.jpg?v=1776461819,https://cdn.shopify.com/s/files/1/0943/0738/5730/files/Zastitne_ogradice_za_djecji_krevetic1.jpg?v=1776461819,https://cdn.shopify.com/s/files/1/0943/0738/5730/files/Zastitne_ogradice_za_djecji_krevetic2.jpg?v=1776461819,https://cdn.shopify.com/s/files/1/0943/0738/5730/files/Zastitne_ogradice_za_djecji_krevetic3.jpg?v=1776461819,https://cdn.shopify.com/s/files/1/0943/0738/5730/files/bijela-pletenica-za-kinderbet-scaled-e1760780377529.jpg?v=1768339178,https://cdn.shopify.com/s/files/1/0943/0738/5730/files/Zastitne_ogradice_za_djecji_kreveticROZA.webp?v=1776461819,https://cdn.shopify.com/s/files/1/0943/0738/5730/files/Dimenzije-prema-krevetu-1.png?v=1776579304,https://cdn.shopify.com/s/files/1/0943/0738/5730/files/Siva_pletenica_2.jpg?v=1776579221,https://cdn.shopify.com/s/files/1/0943/0738/5730/files/Plava_pletenica_1.jpg?v=1776579220	in_stock	new	100.00 EUR		Baby Natur		no		Zaštitne ogradice za dječji krevetić	300cm			Krem	
shopify_ZZ_15192321950082_56206763557250	15192321950082	Zaštitna ogradica pletenica za kinderbet PREMIUM BARŠUN - 300cm / Roza	Pletenica za kinderbet PREMIUM BARŠUN - ogradica za kinderbet izrađena od baršunastog velura, s antibakterijskom i antialergijskom ispunom - stvara nježni zagrljaj sigurnosti oko vaše bebe, štiteći je od udaraca tijekom sna. Uronite u mekoću i sigurnost - naša pletenica-ogradica za kinderbet spoj je nježnosti ručne izrade, najveće kvalitete i zaštite koju vaša beba zaslužuje. Specifikacija proizvoda Sastav: 80 % pamučni baršun, 20 % PES s antialergijskim punjenjem Certifikat: OEKO-TEX® Standard 100 Visina: 20 cm Debljina: 8 cm Premium zaštitna ogradica pletenica osigurava mekoću, izdržljivost i dugotrajnost, dok OEKO-TEX® Standard 100 certifikat jamči da je proizvod siguran za osjetljivu dječju kožu i bez štetnih tvari.	https://babynatur.hr/products/zastitna-ogradica-pletenica-za-kinderbet-premium-barsun?variant=56206763557250	https://cdn.shopify.com/s/files/1/0943/0738/5730/files/Zastitne_ogradice_za_djecji_kreveticROZA.webp?v=1776461819	https://cdn.shopify.com/s/files/1/0943/0738/5730/files/Zastitne_ogradice_za_djecji_krevetic4.jpg?v=1776461819,https://cdn.shopify.com/s/files/1/0943/0738/5730/files/Zastitne_ogradice_za_djecji_krevetic.jpg?v=1776461819,https://cdn.shopify.com/s/files/1/0943/0738/5730/files/Zastitne_ogradice_za_djecji_krevetic1.jpg?v=1776461819,https://cdn.shopify.com/s/files/1/0943/0738/5730/files/Zastitne_ogradice_za_djecji_krevetic2.jpg?v=1776461819,https://cdn.shopify.com/s/files/1/0943/0738/5730/files/Zastitne_ogradice_za_djecji_krevetic3.jpg?v=1776461819,https://cdn.shopify.com/s/files/1/0943/0738/5730/files/Zastitne_ogradice_za_djecji_krevetic_KREM.webp?v=1768339178,https://cdn.shopify.com/s/files/1/0943/0738/5730/files/bijela-pletenica-za-kinderbet-scaled-e1760780377529.jpg?v=1768339178,https://cdn.shopify.com/s/files/1/0943/0738/5730/files/Dimenzije-prema-krevetu-1.png?v=1776579304,https://cdn.shopify.com/s/files/1/0943/0738/5730/files/Siva_pletenica_2.jpg?v=1776579221,https://cdn.shopify.com/s/files/1/0943/0738/5730/files/Plava_pletenica_1.jpg?v=1776579220	in_stock	new	100.00 EUR		Baby Natur		no		Zaštitne ogradice za dječji krevetić	300cm			Roza	
shopify_ZZ_15192321950082_56573227270530	15192321950082	Zaštitna ogradica pletenica za kinderbet PREMIUM BARŠUN - 300cm / Plava	Pletenica za kinderbet PREMIUM BARŠUN - ogradica za kinderbet izrađena od baršunastog velura, s antibakterijskom i antialergijskom ispunom - stvara nježni zagrljaj sigurnosti oko vaše bebe, štiteći je od udaraca tijekom sna. Uronite u mekoću i sigurnost - naša pletenica-ogradica za kinderbet spoj je nježnosti ručne izrade, najveće kvalitete i zaštite koju vaša beba zaslužuje. Specifikacija proizvoda Sastav: 80 % pamučni baršun, 20 % PES s antialergijskim punjenjem Certifikat: OEKO-TEX® Standard 100 Visina: 20 cm Debljina: 8 cm Premium zaštitna ogradica pletenica osigurava mekoću, izdržljivost i dugotrajnost, dok OEKO-TEX® Standard 100 certifikat jamči da je proizvod siguran za osjetljivu dječju kožu i bez štetnih tvari.	https://babynatur.hr/products/zastitna-ogradica-pletenica-za-kinderbet-premium-barsun?variant=56573227270530	https://cdn.shopify.com/s/files/1/0943/0738/5730/files/Plava_pletenica_1.jpg?v=1776579220	https://cdn.shopify.com/s/files/1/0943/0738/5730/files/Zastitne_ogradice_za_djecji_krevetic4.jpg?v=1776461819,https://cdn.shopify.com/s/files/1/0943/0738/5730/files/Zastitne_ogradice_za_djecji_krevetic.jpg?v=1776461819,https://cdn.shopify.com/s/files/1/0943/0738/5730/files/Zastitne_ogradice_za_djecji_krevetic1.jpg?v=1776461819,https://cdn.shopify.com/s/files/1/0943/0738/5730/files/Zastitne_ogradice_za_djecji_krevetic2.jpg?v=1776461819,https://cdn.shopify.com/s/files/1/0943/0738/5730/files/Zastitne_ogradice_za_djecji_krevetic3.jpg?v=1776461819,https://cdn.shopify.com/s/files/1/0943/0738/5730/files/Zastitne_ogradice_za_djecji_krevetic_KREM.webp?v=1768339178,https://cdn.shopify.com/s/files/1/0943/0738/5730/files/bijela-pletenica-za-kinderbet-scaled-e1760780377529.jpg?v=1768339178,https://cdn.shopify.com/s/files/1/0943/0738/5730/files/Zastitne_ogradice_za_djecji_kreveticROZA.webp?v=1776461819,https://cdn.shopify.com/s/files/1/0943/0738/5730/files/Dimenzije-prema-krevetu-1.png?v=1776579304,https://cdn.shopify.com/s/files/1/0943/0738/5730/files/Siva_pletenica_2.jpg?v=1776579221	in_stock	new	100.00 EUR		Baby Natur		no		Zaštitne ogradice za dječji krevetić	300cm			Plava	
shopify_ZZ_15192321950082_56573227303298	15192321950082	Zaštitna ogradica pletenica za kinderbet PREMIUM BARŠUN - 300cm / Siva	Pletenica za kinderbet PREMIUM BARŠUN - ogradica za kinderbet izrađena od baršunastog velura, s antibakterijskom i antialergijskom ispunom - stvara nježni zagrljaj sigurnosti oko vaše bebe, štiteći je od udaraca tijekom sna. Uronite u mekoću i sigurnost - naša pletenica-ogradica za kinderbet spoj je nježnosti ručne izrade, najveće kvalitete i zaštite koju vaša beba zaslužuje. Specifikacija proizvoda Sastav: 80 % pamučni baršun, 20 % PES s antialergijskim punjenjem Certifikat: OEKO-TEX® Standard 100 Visina: 20 cm Debljina: 8 cm Premium zaštitna ogradica pletenica osigurava mekoću, izdržljivost i dugotrajnost, dok OEKO-TEX® Standard 100 certifikat jamči da je proizvod siguran za osjetljivu dječju kožu i bez štetnih tvari.	https://babynatur.hr/products/zastitna-ogradica-pletenica-za-kinderbet-premium-barsun?variant=56573227303298	https://cdn.shopify.com/s/files/1/0943/0738/5730/files/Siva_pletenica_2.jpg?v=1776579221	https://cdn.shopify.com/s/files/1/0943/0738/5730/files/Zastitne_ogradice_za_djecji_krevetic4.jpg?v=1776461819,https://cdn.shopify.com/s/files/1/0943/0738/5730/files/Zastitne_ogradice_za_djecji_krevetic.jpg?v=1776461819,https://cdn.shopify.com/s/files/1/0943/0738/5730/files/Zastitne_ogradice_za_djecji_krevetic1.jpg?v=1776461819,https://cdn.shopify.com/s/files/1/0943/0738/5730/files/Zastitne_ogradice_za_djecji_krevetic2.jpg?v=1776461819,https://cdn.shopify.com/s/files/1/0943/0738/5730/files/Zastitne_ogradice_za_djecji_krevetic3.jpg?v=1776461819,https://cdn.shopify.com/s/files/1/0943/0738/5730/files/Zastitne_ogradice_za_djecji_krevetic_KREM.webp?v=1768339178,https://cdn.shopify.com/s/files/1/0943/0738/5730/files/bijela-pletenica-za-kinderbet-scaled-e1760780377529.jpg?v=1768339178,https://cdn.shopify.com/s/files/1/0943/0738/5730/files/Zastitne_ogradice_za_djecji_kreveticROZA.webp?v=1776461819,https://cdn.shopify.com/s/files/1/0943/0738/5730/files/Dimenzije-prema-krevetu-1.png?v=1776579304,https://cdn.shopify.com/s/files/1/0943/0738/5730/files/Plava_pletenica_1.jpg?v=1776579220	in_stock	new	100.00 EUR		Baby Natur		no		Zaštitne ogradice za dječji krevetić	300cm			Siva	
shopify_ZZ_15192321950082_56573227336066	15192321950082	Zaštitna ogradica pletenica za kinderbet PREMIUM BARŠUN - 350cm / Bijela	Pletenica za kinderbet PREMIUM BARŠUN - ogradica za kinderbet izrađena od baršunastog velura, s antibakterijskom i antialergijskom ispunom - stvara nježni zagrljaj sigurnosti oko vaše bebe, štiteći je od udaraca tijekom sna. Uronite u mekoću i sigurnost - naša pletenica-ogradica za kinderbet spoj je nježnosti ručne izrade, najveće kvalitete i zaštite koju vaša beba zaslužuje. Specifikacija proizvoda Sastav: 80 % pamučni baršun, 20 % PES s antialergijskim punjenjem Certifikat: OEKO-TEX® Standard 100 Visina: 20 cm Debljina: 8 cm Premium zaštitna ogradica pletenica osigurava mekoću, izdržljivost i dugotrajnost, dok OEKO-TEX® Standard 100 certifikat jamči da je proizvod siguran za osjetljivu dječju kožu i bez štetnih tvari.	https://babynatur.hr/products/zastitna-ogradica-pletenica-za-kinderbet-premium-barsun?variant=56573227336066	https://cdn.shopify.com/s/files/1/0943/0738/5730/files/bijela-pletenica-za-kinderbet-scaled-e1760780377529.jpg?v=1768339178	https://cdn.shopify.com/s/files/1/0943/0738/5730/files/Zastitne_ogradice_za_djecji_krevetic4.jpg?v=1776461819,https://cdn.shopify.com/s/files/1/0943/0738/5730/files/Zastitne_ogradice_za_djecji_krevetic.jpg?v=1776461819,https://cdn.shopify.com/s/files/1/0943/0738/5730/files/Zastitne_ogradice_za_djecji_krevetic1.jpg?v=1776461819,https://cdn.shopify.com/s/files/1/0943/0738/5730/files/Zastitne_ogradice_za_djecji_krevetic2.jpg?v=1776461819,https://cdn.shopify.com/s/files/1/0943/0738/5730/files/Zastitne_ogradice_za_djecji_krevetic3.jpg?v=1776461819,https://cdn.shopify.com/s/files/1/0943/0738/5730/files/Zastitne_ogradice_za_djecji_krevetic_KREM.webp?v=1768339178,https://cdn.shopify.com/s/files/1/0943/0738/5730/files/Zastitne_ogradice_za_djecji_kreveticROZA.webp?v=1776461819,https://cdn.shopify.com/s/files/1/0943/0738/5730/files/Dimenzije-prema-krevetu-1.png?v=1776579304,https://cdn.shopify.com/s/files/1/0943/0738/5730/files/Siva_pletenica_2.jpg?v=1776579221,https://cdn.shopify.com/s/files/1/0943/0738/5730/files/Plava_pletenica_1.jpg?v=1776579220	in_stock	new	120.00 EUR		Baby Natur		no		Zaštitne ogradice za dječji krevetić	350cm			Bijela	
shopify_ZZ_15192321950082_56573227368834	15192321950082	Zaštitna ogradica pletenica za kinderbet PREMIUM BARŠUN - 350cm / Krem	Pletenica za kinderbet PREMIUM BARŠUN - ogradica za kinderbet izrađena od baršunastog velura, s antibakterijskom i antialergijskom ispunom - stvara nježni zagrljaj sigurnosti oko vaše bebe, štiteći je od udaraca tijekom sna. Uronite u mekoću i sigurnost - naša pletenica-ogradica za kinderbet spoj je nježnosti ručne izrade, najveće kvalitete i zaštite koju vaša beba zaslužuje. Specifikacija proizvoda Sastav: 80 % pamučni baršun, 20 % PES s antialergijskim punjenjem Certifikat: OEKO-TEX® Standard 100 Visina: 20 cm Debljina: 8 cm Premium zaštitna ogradica pletenica osigurava mekoću, izdržljivost i dugotrajnost, dok OEKO-TEX® Standard 100 certifikat jamči da je proizvod siguran za osjetljivu dječju kožu i bez štetnih tvari.	https://babynatur.hr/products/zastitna-ogradica-pletenica-za-kinderbet-premium-barsun?variant=56573227368834	https://cdn.shopify.com/s/files/1/0943/0738/5730/files/Zastitne_ogradice_za_djecji_krevetic_KREM.webp?v=1768339178	https://cdn.shopify.com/s/files/1/0943/0738/5730/files/Zastitne_ogradice_za_djecji_krevetic4.jpg?v=1776461819,https://cdn.shopify.com/s/files/1/0943/0738/5730/files/Zastitne_ogradice_za_djecji_krevetic.jpg?v=1776461819,https://cdn.shopify.com/s/files/1/0943/0738/5730/files/Zastitne_ogradice_za_djecji_krevetic1.jpg?v=1776461819,https://cdn.shopify.com/s/files/1/0943/0738/5730/files/Zastitne_ogradice_za_djecji_krevetic2.jpg?v=1776461819,https://cdn.shopify.com/s/files/1/0943/0738/5730/files/Zastitne_ogradice_za_djecji_krevetic3.jpg?v=1776461819,https://cdn.shopify.com/s/files/1/0943/0738/5730/files/bijela-pletenica-za-kinderbet-scaled-e1760780377529.jpg?v=1768339178,https://cdn.shopify.com/s/files/1/0943/0738/5730/files/Zastitne_ogradice_za_djecji_kreveticROZA.webp?v=1776461819,https://cdn.shopify.com/s/files/1/0943/0738/5730/files/Dimenzije-prema-krevetu-1.png?v=1776579304,https://cdn.shopify.com/s/files/1/0943/0738/5730/files/Siva_pletenica_2.jpg?v=1776579221,https://cdn.shopify.com/s/files/1/0943/0738/5730/files/Plava_pletenica_1.jpg?v=1776579220	in_stock	new	120.00 EUR		Baby Natur		no		Zaštitne ogradice za dječji krevetić	350cm			Krem	
shopify_ZZ_15192321950082_56573227401602	15192321950082	Zaštitna ogradica pletenica za kinderbet PREMIUM BARŠUN - 350cm / Roza	Pletenica za kinderbet PREMIUM BARŠUN - ogradica za kinderbet izrađena od baršunastog velura, s antibakterijskom i antialergijskom ispunom - stvara nježni zagrljaj sigurnosti oko vaše bebe, štiteći je od udaraca tijekom sna. Uronite u mekoću i sigurnost - naša pletenica-ogradica za kinderbet spoj je nježnosti ručne izrade, najveće kvalitete i zaštite koju vaša beba zaslužuje. Specifikacija proizvoda Sastav: 80 % pamučni baršun, 20 % PES s antialergijskim punjenjem Certifikat: OEKO-TEX® Standard 100 Visina: 20 cm Debljina: 8 cm Premium zaštitna ogradica pletenica osigurava mekoću, izdržljivost i dugotrajnost, dok OEKO-TEX® Standard 100 certifikat jamči da je proizvod siguran za osjetljivu dječju kožu i bez štetnih tvari.	https://babynatur.hr/products/zastitna-ogradica-pletenica-za-kinderbet-premium-barsun?variant=56573227401602	https://cdn.shopify.com/s/files/1/0943/0738/5730/files/Zastitne_ogradice_za_djecji_kreveticROZA.webp?v=1776461819	https://cdn.shopify.com/s/files/1/0943/0738/5730/files/Zastitne_ogradice_za_djecji_krevetic4.jpg?v=1776461819,https://cdn.shopify.com/s/files/1/0943/0738/5730/files/Zastitne_ogradice_za_djecji_krevetic.jpg?v=1776461819,https://cdn.shopify.com/s/files/1/0943/0738/5730/files/Zastitne_ogradice_za_djecji_krevetic1.jpg?v=1776461819,https://cdn.shopify.com/s/files/1/0943/0738/5730/files/Zastitne_ogradice_za_djecji_krevetic2.jpg?v=1776461819,https://cdn.shopify.com/s/files/1/0943/0738/5730/files/Zastitne_ogradice_za_djecji_krevetic3.jpg?v=1776461819,https://cdn.shopify.com/s/files/1/0943/0738/5730/files/Zastitne_ogradice_za_djecji_krevetic_KREM.webp?v=1768339178,https://cdn.shopify.com/s/files/1/0943/0738/5730/files/bijela-pletenica-za-kinderbet-scaled-e1760780377529.jpg?v=1768339178,https://cdn.shopify.com/s/files/1/0943/0738/5730/files/Dimenzije-prema-krevetu-1.png?v=1776579304,https://cdn.shopify.com/s/files/1/0943/0738/5730/files/Siva_pletenica_2.jpg?v=1776579221,https://cdn.shopify.com/s/files/1/0943/0738/5730/files/Plava_pletenica_1.jpg?v=1776579220	in_stock	new	120.00 EUR		Baby Natur		no		Zaštitne ogradice za dječji krevetić	350cm			Roza	
shopify_ZZ_15192321950082_56573227434370	15192321950082	Zaštitna ogradica pletenica za kinderbet PREMIUM BARŠUN - 350cm / Plava	Pletenica za kinderbet PREMIUM BARŠUN - ogradica za kinderbet izrađena od baršunastog velura, s antibakterijskom i antialergijskom ispunom - stvara nježni zagrljaj sigurnosti oko vaše bebe, štiteći je od udaraca tijekom sna. Uronite u mekoću i sigurnost - naša pletenica-ogradica za kinderbet spoj je nježnosti ručne izrade, najveće kvalitete i zaštite koju vaša beba zaslužuje. Specifikacija proizvoda Sastav: 80 % pamučni baršun, 20 % PES s antialergijskim punjenjem Certifikat: OEKO-TEX® Standard 100 Visina: 20 cm Debljina: 8 cm Premium zaštitna ogradica pletenica osigurava mekoću, izdržljivost i dugotrajnost, dok OEKO-TEX® Standard 100 certifikat jamči da je proizvod siguran za osjetljivu dječju kožu i bez štetnih tvari.	https://babynatur.hr/products/zastitna-ogradica-pletenica-za-kinderbet-premium-barsun?variant=56573227434370	https://cdn.shopify.com/s/files/1/0943/0738/5730/files/Plava_pletenica_1.jpg?v=1776579220	https://cdn.shopify.com/s/files/1/0943/0738/5730/files/Zastitne_ogradice_za_djecji_krevetic4.jpg?v=1776461819,https://cdn.shopify.com/s/files/1/0943/0738/5730/files/Zastitne_ogradice_za_djecji_krevetic.jpg?v=1776461819,https://cdn.shopify.com/s/files/1/0943/0738/5730/files/Zastitne_ogradice_za_djecji_krevetic1.jpg?v=1776461819,https://cdn.shopify.com/s/files/1/0943/0738/5730/files/Zastitne_ogradice_za_djecji_krevetic2.jpg?v=1776461819,https://cdn.shopify.com/s/files/1/0943/0738/5730/files/Zastitne_ogradice_za_djecji_krevetic3.jpg?v=1776461819,https://cdn.shopify.com/s/files/1/0943/0738/5730/files/Zastitne_ogradice_za_djecji_krevetic_KREM.webp?v=1768339178,https://cdn.shopify.com/s/files/1/0943/0738/5730/files/bijela-pletenica-za-kinderbet-scaled-e1760780377529.jpg?v=1768339178,https://cdn.shopify.com/s/files/1/0943/0738/5730/files/Zastitne_ogradice_za_djecji_kreveticROZA.webp?v=1776461819,https://cdn.shopify.com/s/files/1/0943/0738/5730/files/Dimenzije-prema-krevetu-1.png?v=1776579304,https://cdn.shopify.com/s/files/1/0943/0738/5730/files/Siva_pletenica_2.jpg?v=1776579221	in_stock	new	120.00 EUR		Baby Natur		no		Zaštitne ogradice za dječji krevetić	350cm			Plava	
shopify_ZZ_15192321950082_56573227467138	15192321950082	Zaštitna ogradica pletenica za kinderbet PREMIUM BARŠUN - 350cm / Siva	Pletenica za kinderbet PREMIUM BARŠUN - ogradica za kinderbet izrađena od baršunastog velura, s antibakterijskom i antialergijskom ispunom - stvara nježni zagrljaj sigurnosti oko vaše bebe, štiteći je od udaraca tijekom sna. Uronite u mekoću i sigurnost - naša pletenica-ogradica za kinderbet spoj je nježnosti ručne izrade, najveće kvalitete i zaštite koju vaša beba zaslužuje. Specifikacija proizvoda Sastav: 80 % pamučni baršun, 20 % PES s antialergijskim punjenjem Certifikat: OEKO-TEX® Standard 100 Visina: 20 cm Debljina: 8 cm Premium zaštitna ogradica pletenica osigurava mekoću, izdržljivost i dugotrajnost, dok OEKO-TEX® Standard 100 certifikat jamči da je proizvod siguran za osjetljivu dječju kožu i bez štetnih tvari.	https://babynatur.hr/products/zastitna-ogradica-pletenica-za-kinderbet-premium-barsun?variant=56573227467138	https://cdn.shopify.com/s/files/1/0943/0738/5730/files/Siva_pletenica_2.jpg?v=1776579221	https://cdn.shopify.com/s/files/1/0943/0738/5730/files/Zastitne_ogradice_za_djecji_krevetic4.jpg?v=1776461819,https://cdn.shopify.com/s/files/1/0943/0738/5730/files/Zastitne_ogradice_za_djecji_krevetic.jpg?v=1776461819,https://cdn.shopify.com/s/files/1/0943/0738/5730/files/Zastitne_ogradice_za_djecji_krevetic1.jpg?v=1776461819,https://cdn.shopify.com/s/files/1/0943/0738/5730/files/Zastitne_ogradice_za_djecji_krevetic2.jpg?v=1776461819,https://cdn.shopify.com/s/files/1/0943/0738/5730/files/Zastitne_ogradice_za_djecji_krevetic3.jpg?v=1776461819,https://cdn.shopify.com/s/files/1/0943/0738/5730/files/Zastitne_ogradice_za_djecji_krevetic_KREM.webp?v=1768339178,https://cdn.shopify.com/s/files/1/0943/0738/5730/files/bijela-pletenica-za-kinderbet-scaled-e1760780377529.jpg?v=1768339178,https://cdn.shopify.com/s/files/1/0943/0738/5730/files/Zastitne_ogradice_za_djecji_kreveticROZA.webp?v=1776461819,https://cdn.shopify.com/s/files/1/0943/0738/5730/files/Dimenzije-prema-krevetu-1.png?v=1776579304,https://cdn.shopify.com/s/files/1/0943/0738/5730/files/Plava_pletenica_1.jpg?v=1776579220	in_stock	new	120.00 EUR		Baby Natur		no		Zaštitne ogradice za dječji krevetić	350cm			Siva	
shopify_ZZ_15192321950082_56573227499906	15192321950082	Zaštitna ogradica pletenica za kinderbet PREMIUM BARŠUN - 400cm / Bijela	Pletenica za kinderbet PREMIUM BARŠUN - ogradica za kinderbet izrađena od baršunastog velura, s antibakterijskom i antialergijskom ispunom - stvara nježni zagrljaj sigurnosti oko vaše bebe, štiteći je od udaraca tijekom sna. Uronite u mekoću i sigurnost - naša pletenica-ogradica za kinderbet spoj je nježnosti ručne izrade, najveće kvalitete i zaštite koju vaša beba zaslužuje. Specifikacija proizvoda Sastav: 80 % pamučni baršun, 20 % PES s antialergijskim punjenjem Certifikat: OEKO-TEX® Standard 100 Visina: 20 cm Debljina: 8 cm Premium zaštitna ogradica pletenica osigurava mekoću, izdržljivost i dugotrajnost, dok OEKO-TEX® Standard 100 certifikat jamči da je proizvod siguran za osjetljivu dječju kožu i bez štetnih tvari.	https://babynatur.hr/products/zastitna-ogradica-pletenica-za-kinderbet-premium-barsun?variant=56573227499906	https://cdn.shopify.com/s/files/1/0943/0738/5730/files/bijela-pletenica-za-kinderbet-scaled-e1760780377529.jpg?v=1768339178	https://cdn.shopify.com/s/files/1/0943/0738/5730/files/Zastitne_ogradice_za_djecji_krevetic4.jpg?v=1776461819,https://cdn.shopify.com/s/files/1/0943/0738/5730/files/Zastitne_ogradice_za_djecji_krevetic.jpg?v=1776461819,https://cdn.shopify.com/s/files/1/0943/0738/5730/files/Zastitne_ogradice_za_djecji_krevetic1.jpg?v=1776461819,https://cdn.shopify.com/s/files/1/0943/0738/5730/files/Zastitne_ogradice_za_djecji_krevetic2.jpg?v=1776461819,https://cdn.shopify.com/s/files/1/0943/0738/5730/files/Zastitne_ogradice_za_djecji_krevetic3.jpg?v=1776461819,https://cdn.shopify.com/s/files/1/0943/0738/5730/files/Zastitne_ogradice_za_djecji_krevetic_KREM.webp?v=1768339178,https://cdn.shopify.com/s/files/1/0943/0738/5730/files/Zastitne_ogradice_za_djecji_kreveticROZA.webp?v=1776461819,https://cdn.shopify.com/s/files/1/0943/0738/5730/files/Dimenzije-prema-krevetu-1.png?v=1776579304,https://cdn.shopify.com/s/files/1/0943/0738/5730/files/Siva_pletenica_2.jpg?v=1776579221,https://cdn.shopify.com/s/files/1/0943/0738/5730/files/Plava_pletenica_1.jpg?v=1776579220	in_stock	new	140.00 EUR		Baby Natur		no		Zaštitne ogradice za dječji krevetić	400cm			Bijela	
shopify_ZZ_15192321950082_56573227532674	15192321950082	Zaštitna ogradica pletenica za kinderbet PREMIUM BARŠUN - 400cm / Krem	Pletenica za kinderbet PREMIUM BARŠUN - ogradica za kinderbet izrađena od baršunastog velura, s antibakterijskom i antialergijskom ispunom - stvara nježni zagrljaj sigurnosti oko vaše bebe, štiteći je od udaraca tijekom sna. Uronite u mekoću i sigurnost - naša pletenica-ogradica za kinderbet spoj je nježnosti ručne izrade, najveće kvalitete i zaštite koju vaša beba zaslužuje. Specifikacija proizvoda Sastav: 80 % pamučni baršun, 20 % PES s antialergijskim punjenjem Certifikat: OEKO-TEX® Standard 100 Visina: 20 cm Debljina: 8 cm Premium zaštitna ogradica pletenica osigurava mekoću, izdržljivost i dugotrajnost, dok OEKO-TEX® Standard 100 certifikat jamči da je proizvod siguran za osjetljivu dječju kožu i bez štetnih tvari.	https://babynatur.hr/products/zastitna-ogradica-pletenica-za-kinderbet-premium-barsun?variant=56573227532674	https://cdn.shopify.com/s/files/1/0943/0738/5730/files/Zastitne_ogradice_za_djecji_krevetic_KREM.webp?v=1768339178	https://cdn.shopify.com/s/files/1/0943/0738/5730/files/Zastitne_ogradice_za_djecji_krevetic4.jpg?v=1776461819,https://cdn.shopify.com/s/files/1/0943/0738/5730/files/Zastitne_ogradice_za_djecji_krevetic.jpg?v=1776461819,https://cdn.shopify.com/s/files/1/0943/0738/5730/files/Zastitne_ogradice_za_djecji_krevetic1.jpg?v=1776461819,https://cdn.shopify.com/s/files/1/0943/0738/5730/files/Zastitne_ogradice_za_djecji_krevetic2.jpg?v=1776461819,https://cdn.shopify.com/s/files/1/0943/0738/5730/files/Zastitne_ogradice_za_djecji_krevetic3.jpg?v=1776461819,https://cdn.shopify.com/s/files/1/0943/0738/5730/files/bijela-pletenica-za-kinderbet-scaled-e1760780377529.jpg?v=1768339178,https://cdn.shopify.com/s/files/1/0943/0738/5730/files/Zastitne_ogradice_za_djecji_kreveticROZA.webp?v=1776461819,https://cdn.shopify.com/s/files/1/0943/0738/5730/files/Dimenzije-prema-krevetu-1.png?v=1776579304,https://cdn.shopify.com/s/files/1/0943/0738/5730/files/Siva_pletenica_2.jpg?v=1776579221,https://cdn.shopify.com/s/files/1/0943/0738/5730/files/Plava_pletenica_1.jpg?v=1776579220	in_stock	new	140.00 EUR		Baby Natur		no		Zaštitne ogradice za dječji krevetić	400cm			Krem	
shopify_ZZ_15192321950082_56573227565442	15192321950082	Zaštitna ogradica pletenica za kinderbet PREMIUM BARŠUN - 400cm / Roza	Pletenica za kinderbet PREMIUM BARŠUN - ogradica za kinderbet izrađena od baršunastog velura, s antibakterijskom i antialergijskom ispunom - stvara nježni zagrljaj sigurnosti oko vaše bebe, štiteći je od udaraca tijekom sna. Uronite u mekoću i sigurnost - naša pletenica-ogradica za kinderbet spoj je nježnosti ručne izrade, najveće kvalitete i zaštite koju vaša beba zaslužuje. Specifikacija proizvoda Sastav: 80 % pamučni baršun, 20 % PES s antialergijskim punjenjem Certifikat: OEKO-TEX® Standard 100 Visina: 20 cm Debljina: 8 cm Premium zaštitna ogradica pletenica osigurava mekoću, izdržljivost i dugotrajnost, dok OEKO-TEX® Standard 100 certifikat jamči da je proizvod siguran za osjetljivu dječju kožu i bez štetnih tvari.	https://babynatur.hr/products/zastitna-ogradica-pletenica-za-kinderbet-premium-barsun?variant=56573227565442	https://cdn.shopify.com/s/files/1/0943/0738/5730/files/Zastitne_ogradice_za_djecji_kreveticROZA.webp?v=1776461819	https://cdn.shopify.com/s/files/1/0943/0738/5730/files/Zastitne_ogradice_za_djecji_krevetic4.jpg?v=1776461819,https://cdn.shopify.com/s/files/1/0943/0738/5730/files/Zastitne_ogradice_za_djecji_krevetic.jpg?v=1776461819,https://cdn.shopify.com/s/files/1/0943/0738/5730/files/Zastitne_ogradice_za_djecji_krevetic1.jpg?v=1776461819,https://cdn.shopify.com/s/files/1/0943/0738/5730/files/Zastitne_ogradice_za_djecji_krevetic2.jpg?v=1776461819,https://cdn.shopify.com/s/files/1/0943/0738/5730/files/Zastitne_ogradice_za_djecji_krevetic3.jpg?v=1776461819,https://cdn.shopify.com/s/files/1/0943/0738/5730/files/Zastitne_ogradice_za_djecji_krevetic_KREM.webp?v=1768339178,https://cdn.shopify.com/s/files/1/0943/0738/5730/files/bijela-pletenica-za-kinderbet-scaled-e1760780377529.jpg?v=1768339178,https://cdn.shopify.com/s/files/1/0943/0738/5730/files/Dimenzije-prema-krevetu-1.png?v=1776579304,https://cdn.shopify.com/s/files/1/0943/0738/5730/files/Siva_pletenica_2.jpg?v=1776579221,https://cdn.shopify.com/s/files/1/0943/0738/5730/files/Plava_pletenica_1.jpg?v=1776579220	in_stock	new	140.00 EUR		Baby Natur		no		Zaštitne ogradice za dječji krevetić	400cm			Roza	
shopify_ZZ_15192321950082_56573227598210	15192321950082	Zaštitna ogradica pletenica za kinderbet PREMIUM BARŠUN - 400cm / Plava	Pletenica za kinderbet PREMIUM BARŠUN - ogradica za kinderbet izrađena od baršunastog velura, s antibakterijskom i antialergijskom ispunom - stvara nježni zagrljaj sigurnosti oko vaše bebe, štiteći je od udaraca tijekom sna. Uronite u mekoću i sigurnost - naša pletenica-ogradica za kinderbet spoj je nježnosti ručne izrade, najveće kvalitete i zaštite koju vaša beba zaslužuje. Specifikacija proizvoda Sastav: 80 % pamučni baršun, 20 % PES s antialergijskim punjenjem Certifikat: OEKO-TEX® Standard 100 Visina: 20 cm Debljina: 8 cm Premium zaštitna ogradica pletenica osigurava mekoću, izdržljivost i dugotrajnost, dok OEKO-TEX® Standard 100 certifikat jamči da je proizvod siguran za osjetljivu dječju kožu i bez štetnih tvari.	https://babynatur.hr/products/zastitna-ogradica-pletenica-za-kinderbet-premium-barsun?variant=56573227598210	https://cdn.shopify.com/s/files/1/0943/0738/5730/files/Plava_pletenica_1.jpg?v=1776579220	https://cdn.shopify.com/s/files/1/0943/0738/5730/files/Zastitne_ogradice_za_djecji_krevetic4.jpg?v=1776461819,https://cdn.shopify.com/s/files/1/0943/0738/5730/files/Zastitne_ogradice_za_djecji_krevetic.jpg?v=1776461819,https://cdn.shopify.com/s/files/1/0943/0738/5730/files/Zastitne_ogradice_za_djecji_krevetic1.jpg?v=1776461819,https://cdn.shopify.com/s/files/1/0943/0738/5730/files/Zastitne_ogradice_za_djecji_krevetic2.jpg?v=1776461819,https://cdn.shopify.com/s/files/1/0943/0738/5730/files/Zastitne_ogradice_za_djecji_krevetic3.jpg?v=1776461819,https://cdn.shopify.com/s/files/1/0943/0738/5730/files/Zastitne_ogradice_za_djecji_krevetic_KREM.webp?v=1768339178,https://cdn.shopify.com/s/files/1/0943/0738/5730/files/bijela-pletenica-za-kinderbet-scaled-e1760780377529.jpg?v=1768339178,https://cdn.shopify.com/s/files/1/0943/0738/5730/files/Zastitne_ogradice_za_djecji_kreveticROZA.webp?v=1776461819,https://cdn.shopify.com/s/files/1/0943/0738/5730/files/Dimenzije-prema-krevetu-1.png?v=1776579304,https://cdn.shopify.com/s/files/1/0943/0738/5730/files/Siva_pletenica_2.jpg?v=1776579221	in_stock	new	140.00 EUR		Baby Natur		no		Zaštitne ogradice za dječji krevetić	400cm			Plava	
shopify_ZZ_15192321950082_56573227630978	15192321950082	Zaštitna ogradica pletenica za kinderbet PREMIUM BARŠUN - 400cm / Siva	Pletenica za kinderbet PREMIUM BARŠUN - ogradica za kinderbet izrađena od baršunastog velura, s antibakterijskom i antialergijskom ispunom - stvara nježni zagrljaj sigurnosti oko vaše bebe, štiteći je od udaraca tijekom sna. Uronite u mekoću i sigurnost - naša pletenica-ogradica za kinderbet spoj je nježnosti ručne izrade, najveće kvalitete i zaštite koju vaša beba zaslužuje. Specifikacija proizvoda Sastav: 80 % pamučni baršun, 20 % PES s antialergijskim punjenjem Certifikat: OEKO-TEX® Standard 100 Visina: 20 cm Debljina: 8 cm Premium zaštitna ogradica pletenica osigurava mekoću, izdržljivost i dugotrajnost, dok OEKO-TEX® Standard 100 certifikat jamči da je proizvod siguran za osjetljivu dječju kožu i bez štetnih tvari.	https://babynatur.hr/products/zastitna-ogradica-pletenica-za-kinderbet-premium-barsun?variant=56573227630978	https://cdn.shopify.com/s/files/1/0943/0738/5730/files/Siva_pletenica_2.jpg?v=1776579221	https://cdn.shopify.com/s/files/1/0943/0738/5730/files/Zastitne_ogradice_za_djecji_krevetic4.jpg?v=1776461819,https://cdn.shopify.com/s/files/1/0943/0738/5730/files/Zastitne_ogradice_za_djecji_krevetic.jpg?v=1776461819,https://cdn.shopify.com/s/files/1/0943/0738/5730/files/Zastitne_ogradice_za_djecji_krevetic1.jpg?v=1776461819,https://cdn.shopify.com/s/files/1/0943/0738/5730/files/Zastitne_ogradice_za_djecji_krevetic2.jpg?v=1776461819,https://cdn.shopify.com/s/files/1/0943/0738/5730/files/Zastitne_ogradice_za_djecji_krevetic3.jpg?v=1776461819,https://cdn.shopify.com/s/files/1/0943/0738/5730/files/Zastitne_ogradice_za_djecji_krevetic_KREM.webp?v=1768339178,https://cdn.shopify.com/s/files/1/0943/0738/5730/files/bijela-pletenica-za-kinderbet-scaled-e1760780377529.jpg?v=1768339178,https://cdn.shopify.com/s/files/1/0943/0738/5730/files/Zastitne_ogradice_za_djecji_kreveticROZA.webp?v=1776461819,https://cdn.shopify.com/s/files/1/0943/0738/5730/files/Dimenzije-prema-krevetu-1.png?v=1776579304,https://cdn.shopify.com/s/files/1/0943/0738/5730/files/Plava_pletenica_1.jpg?v=1776579220	in_stock	new	140.00 EUR		Baby Natur		no		Zaštitne ogradice za dječji krevetić	400cm			Siva	
shopify_ZZ_15192321065346_56019069075842	15192321065346	Zimska vreća za spavanje s rukavima - Medo / 3-9 mjeseci	Baby Natur vreće za spavanje s rukavima izrađene su od kvalitetnih, mekanih i sigurnih materijala koji nježno griju i štite bebu tijekom noći. Praktičan dizajn s rukavima pruža dodatnu toplinu i udobnost u hladnijim mjesecima, osiguravajući miran, siguran i neprekinut san.	https://babynatur.hr/products/zimska-vreca-za-spavanje-s-rukavima?variant=56019069075842	https://cdn.shopify.com/s/files/1/0943/0738/5730/files/Zimska_vreca_za_spavanje7.jpg?v=1764379012	https://cdn.shopify.com/s/files/1/0943/0738/5730/files/DSC03121-1.jpg?v=1764363812,https://cdn.shopify.com/s/files/1/0943/0738/5730/files/DSC03123.jpg?v=1764377863	out_of_stock	new	60.00 EUR		Baby Natur	BN-VR-S-RUK-Bear-S	yes		Vreća za spavanje		3-9 mjeseci		Medo	
shopify_ZZ_15192321065346_56019069108610	15192321065346	Zimska vreća za spavanje s rukavima - Medo / 6-18 mjeseci	Baby Natur vreće za spavanje s rukavima izrađene su od kvalitetnih, mekanih i sigurnih materijala koji nježno griju i štite bebu tijekom noći. Praktičan dizajn s rukavima pruža dodatnu toplinu i udobnost u hladnijim mjesecima, osiguravajući miran, siguran i neprekinut san.	https://babynatur.hr/products/zimska-vreca-za-spavanje-s-rukavima?variant=56019069108610	https://cdn.shopify.com/s/files/1/0943/0738/5730/files/Zimska_vreca_za_spavanje7.jpg?v=1764379012	https://cdn.shopify.com/s/files/1/0943/0738/5730/files/DSC03121-1.jpg?v=1764363812,https://cdn.shopify.com/s/files/1/0943/0738/5730/files/DSC03123.jpg?v=1764377863	in_stock	new	65.00 EUR		Baby Natur	BN-VR-S-RUK-Bear-M	yes		Vreća za spavanje		6-18 mjeseci		Medo	
shopify_ZZ_15192321065346_56019069206914	15192321065346	Zimska vreća za spavanje s rukavima - Trešnjice / 6-18 mjeseci	Baby Natur vreće za spavanje s rukavima izrađene su od kvalitetnih, mekanih i sigurnih materijala koji nježno griju i štite bebu tijekom noći. Praktičan dizajn s rukavima pruža dodatnu toplinu i udobnost u hladnijim mjesecima, osiguravajući miran, siguran i neprekinut san.	https://babynatur.hr/products/zimska-vreca-za-spavanje-s-rukavima?variant=56019069206914	https://cdn.shopify.com/s/files/1/0943/0738/5730/files/DSC03123.jpg?v=1764377863	https://cdn.shopify.com/s/files/1/0943/0738/5730/files/Zimska_vreca_za_spavanje7.jpg?v=1764379012,https://cdn.shopify.com/s/files/1/0943/0738/5730/files/DSC03121-1.jpg?v=1764363812	in_stock	new	65.00 EUR		Baby Natur	BN-VR-S-RUK-Cherry-S	yes		Vreća za spavanje		6-18 mjeseci		Trešnjice	
shopify_ZZ_15192321065346_56019069305218	15192321065346	Zimska vreća za spavanje s rukavima - Trešnjice / 3-9 mjeseci	Baby Natur vreće za spavanje s rukavima izrađene su od kvalitetnih, mekanih i sigurnih materijala koji nježno griju i štite bebu tijekom noći. Praktičan dizajn s rukavima pruža dodatnu toplinu i udobnost u hladnijim mjesecima, osiguravajući miran, siguran i neprekinut san.	https://babynatur.hr/products/zimska-vreca-za-spavanje-s-rukavima?variant=56019069305218	https://cdn.shopify.com/s/files/1/0943/0738/5730/files/DSC03123.jpg?v=1764377863	https://cdn.shopify.com/s/files/1/0943/0738/5730/files/Zimska_vreca_za_spavanje7.jpg?v=1764379012,https://cdn.shopify.com/s/files/1/0943/0738/5730/files/DSC03121-1.jpg?v=1764363812	in_stock	new	60.00 EUR		Baby Natur	BN-VR-S-RUK-Cherry-M	yes		Vreća za spavanje		3-9 mjeseci		Trešnjice	
